scenario_id,timestamp,receiver_id,receiver_policy,resource_allocation,upload_mode,grid_selection_mode,grid_score_mode,coverage_fallback,coverage_fallback_replacements,routing_hint_replacements,routing_hints_csv,clustering,cluster_count,selective_frame_deadline_ms,cluster_member_ids,source_cav_ids,uploaded_source_ids,selected_grid_counts_json,point_counts_json,communication_bytes,frame_comm_time_ms,num_channels,bandwidth_mhz,communication_deadline_ms,channel_estimator,ns3_tb_size_bytes,ns3_slot_duration_ms,ns3_subchannel_prbs,ns3_symbols_per_slot,ns3_mcs,pcs_rounds_requested,pcs_rounds_accepted,pcs_round_comm_time_ms_json,pcs_round_comm_bytes_json,channel_allocation,missing_channel_sources,pred_boxes,gt_boxes,skipped
2026_07_15_01_26_56,000060,1,all-cluster-heads,perception_aware_potential_game,grid,utility,utility,none,0,0,,coalition_game,7,,1;10;11,1;10,10,"{""10"": 37}","{""1"": 4918, ""10"": 4903}",78448,43.63070077864294,10,40.0,60.0,ns3,899,0.5,10,12,28,,,[],[],10>1:0,,13,41,
2026_07_15_01_26_56,000060,8,all-cluster-heads,perception_aware_potential_game,grid,utility,utility,none,0,0,,coalition_game,7,,2;8;9,8;2,2,"{""2"": 37}","{""2"": 4795, ""8"": 4838}",76720,42.66963292547275,10,40.0,60.0,ns3,899,0.5,10,12,28,,,[],[],2>8:1,,13,39,
2026_07_15_01_26_56,000060,12,all-cluster-heads,perception_aware_potential_game,grid,utility,utility,none,0,0,,coalition_game,7,,4;7;12,12;4,4,"{""4"": 37}","{""4"": 4806, ""12"": 4891}",76896,42.767519466073416,10,40.0,60.0,ns3,899,0.5,10,12,28,,,[],[],4>12:2,,14,34,
2026_07_15_01_26_56,000060,13,all-cluster-heads,perception_aware_potential_game,grid,utility,utility,none,0,0,,coalition_game,7,,13;14;19,13;14,14,"{""14"": 37}","{""13"": 4793, ""14"": 4980}",79680,44.31590656284761,10,40.0,60.0,ns3,899,0.5,10,12,28,,,[],[],14>13:3,,0,11,
2026_07_15_01_26_56,000060,15,all-cluster-heads,perception_aware_potential_game,grid,utility,utility,none,0,0,,coalition_game,7,,6;15,15;6,6,"{""6"": 37}","{""6"": 4464, ""15"": 4740}",71424,39.724137931034484,10,40.0,60.0,ns3,899,0.5,10,12,28,,,[],[],6>15:4,,13,17,
2026_07_15_01_26_56,000060,16,all-cluster-heads,perception_aware_potential_game,grid,utility,utility,none,0,0,,coalition_game,7,,5;16;20,16;20,20,"{""20"": 37}","{""16"": 4857, ""20"": 4854}",77664,43.19466073414905,10,40.0,60.0,ns3,899,0.5,10,12,28,,,[],[],20>16:5,,7,26,
2026_07_15_01_26_56,000060,17,all-cluster-heads,perception_aware_potential_game,grid,utility,utility,none,0,0,,coalition_game,7,,3;17;18,17;3,3,"{""3"": 37}","{""3"": 4841, ""17"": 4967}",77456,43.07897664071191,10,40.0,60.0,ns3,899,0.5,10,12,28,,,[],[],3>17:6,,4,16,
2026_07_15_01_26_56,000062,1,all-cluster-heads,perception_aware_potential_game,grid,utility,utility,none,0,0,,coalition_game,7,,1;2;11,1;2,2,"{""2"": 37}","{""1"": 4921, ""2"": 4799}",76784,42.705228031145715,10,40.0,60.0,ns3,899,0.5,10,12,28,,,[],[],2>1:0,,16,31,
2026_07_15_01_26_56,000062,8,all-cluster-heads,perception_aware_potential_game,grid,utility,utility,none,0,0,,coalition_game,7,,8;9;14,8;14,14,"{""14"": 37}","{""8"": 4838, ""14"": 4968}",79488,44.209121245828705,10,40.0,60.0,ns3,899,0.5,10,12,28,,,[],[],14>8:1,,3,24,
2026_07_15_01_26_56,000062,10,all-cluster-heads,perception_aware_potential_game,grid,utility,utility,none,0,0,,coalition_game,7,,10;13;19,10;13,13,"{""13"": 37}","{""10"": 4955, ""13"": 4746}",75936,42.23359288097887,10,40.0,60.0,ns3,899,0.5,10,12,28,,,[],[],13>10:2,,6,33,
2026_07_15_01_26_56,000062,12,all-cluster-heads,perception_aware_potential_game,grid,utility,utility,none,0,0,,coalition_game,7,,4;7;12,12;4,4,"{""4"": 37}","{""4"": 4784, ""12"": 4894}",76544,42.57174638487208,10,40.0,60.0,ns3,899,0.5,10,12,28,,,[],[],4>12:3,,11,35,
2026_07_15_01_26_56,000062,15,all-cluster-heads,perception_aware_potential_game,grid,utility,utility,none,0,0,,coalition_game,7,,6;15,15;6,6,"{""6"": 37}","{""6"": 4467, ""15"": 4745}",71472,39.75083426028921,10,40.0,60.0,ns3,899,0.5,10,12,28,,,[],[],6>15:4,,12,17,
2026_07_15_01_26_56,000062,16,all-cluster-heads,perception_aware_potential_game,grid,utility,utility,none,0,0,,coalition_game,7,,5;16;20,16;20,20,"{""20"": 37}","{""16"": 4866, ""20"": 4853}",77648,43.18576195773081,10,40.0,60.0,ns3,899,0.5,10,12,28,,,[],[],20>16:5,,8,26,
2026_07_15_01_26_56,000062,17,all-cluster-heads,perception_aware_potential_game,grid,utility,utility,none,0,0,,coalition_game,7,,3;17;18,17;3,3,"{""3"": 37}","{""3"": 4832, ""17"": 4985}",77312,42.998887652947715,10,40.0,60.0,ns3,899,0.5,10,12,28,,,[],[],3>17:6,,3,15,
2026_07_15_01_26_56,000064,1,all-cluster-heads,perception_aware_potential_game,grid,utility,utility,none,0,0,,coalition_game,7,,1;2;11,1;2,2,"{""2"": 37}","{""1"": 4921, ""2"": 4817}",77072,42.86540600667408,10,40.0,60.0,ns3,899,0.5,10,12,28,,,[],[],2>1:0,,14,31,
2026_07_15_01_26_56,000064,8,all-cluster-heads,perception_aware_potential_game,grid,utility,utility,none,0,0,,coalition_game,7,,8;9;14,8;14,14,"{""14"": 37}","{""8"": 4837, ""14"": 4972}",79552,44.24471635150167,10,40.0,60.0,ns3,899,0.5,10,12,28,,,[],[],14>8:1,,3,24,
2026_07_15_01_26_56,000064,10,all-cluster-heads,perception_aware_potential_game,grid,utility,utility,none,0,0,,coalition_game,7,,10;13;19,10;13,13,"{""13"": 37}","{""10"": 4948, ""13"": 4745}",75920,42.224694104560626,10,40.0,60.0,ns3,899,0.5,10,12,28,,,[],[],13>10:2,,8,32,
2026_07_15_01_26_56,000064,12,all-cluster-heads,perception_aware_potential_game,grid,utility,utility,none,0,0,,coalition_game,7,,4;7;12,12;4,4,"{""4"": 37}","{""4"": 4798, ""12"": 4896}",76768,42.69632925472747,10,40.0,60.0,ns3,899,0.5,10,12,28,,,[],[],4>12:3,,7,35,
2026_07_15_01_26_56,000064,15,all-cluster-heads,perception_aware_potential_game,grid,utility,utility,none,0,0,,coalition_game,7,,6;15,15;6,6,"{""6"": 37}","{""6"": 4495, ""15"": 4750}",71920,40.0,10,40.0,60.0,ns3,899,0.5,10,12,28,,,[],[],6>15:4,,12,17,
2026_07_15_01_26_56,000064,16,all-cluster-heads,perception_aware_potential_game,grid,utility,utility,none,0,0,,coalition_game,7,,5;16;20,16;20,20,"{""20"": 37}","{""16"": 4850, ""20"": 4854}",77664,43.19466073414905,10,40.0,60.0,ns3,899,0.5,10,12,28,,,[],[],20>16:5,,9,26,
2026_07_15_01_26_56,000064,17,all-cluster-heads,perception_aware_potential_game,grid,utility,utility,none,0,0,,coalition_game,7,,3;17;18,17;3,3,"{""3"": 37}","{""3"": 4822, ""17"": 4966}",77152,42.909899888765295,10,40.0,60.0,ns3,899,0.5,10,12,28,,,[],[],3>17:6,,4,15,
2026_07_15_01_26_56,000066,1,all-cluster-heads,perception_aware_potential_game,grid,utility,utility,none,0,0,,coalition_game,7,,1;2;11,1;2,2,"{""2"": 37}","{""1"": 4922, ""2"": 4817}",77072,42.86540600667408,10,40.0,60.0,ns3,899,0.5,10,12,28,,,[],[],2>1:0,,14,31,
2026_07_15_01_26_56,000066,8,all-cluster-heads,perception_aware_potential_game,grid,utility,utility,none,0,0,,coalition_game,7,,8;9;14,8;14,14,"{""14"": 37}","{""8"": 4838, ""14"": 4958}",79328,44.12013348164627,10,40.0,60.0,ns3,899,0.5,10,12,28,,,[],[],14>8:1,,4,24,
2026_07_15_01_26_56,000066,10,all-cluster-heads,perception_aware_potential_game,grid,utility,utility,none,0,0,,coalition_game,7,,10;13;19,10;13,13,"{""13"": 37}","{""10"": 4946, ""13"": 4745}",75920,42.224694104560626,10,40.0,60.0,ns3,899,0.5,10,12,28,,,[],[],13>10:2,,6,33,
2026_07_15_01_26_56,000066,12,all-cluster-heads,perception_aware_potential_game,grid,utility,utility,none,0,0,,coalition_game,7,,4;7;12,12;4,4,"{""4"": 37}","{""4"": 4791, ""12"": 4884}",76656,42.63403781979978,10,40.0,60.0,ns3,899,0.5,10,12,28,,,[],[],4>12:3,,7,34,
2026_07_15_01_26_56,000066,15,all-cluster-heads,perception_aware_potential_game,grid,utility,utility,none,0,0,,coalition_game,7,,6;15,15;6,6,"{""6"": 37}","{""6"": 4493, ""15"": 4740}",71888,39.982202447163516,10,40.0,60.0,ns3,899,0.5,10,12,28,,,[],[],6>15:4,,12,17,
2026_07_15_01_26_56,000066,16,all-cluster-heads,perception_aware_potential_game,grid,utility,utility,none,0,0,,coalition_game,7,,5;16;20,16;20,20,"{""20"": 37}","{""16"": 4854, ""20"": 4854}",77664,43.19466073414905,10,40.0,60.0,ns3,899,0.5,10,12,28,,,[],[],20>16:5,,8,25,
2026_07_15_01_26_56,000066,17,all-cluster-heads,perception_aware_potential_game,grid,utility,utility,none,0,0,,coalition_game,7,,3;17;18,17;3,3,"{""3"": 37}","{""3"": 4826, ""17"": 4984}",77216,42.94549499443826,10,40.0,60.0,ns3,899,0.5,10,12,28,,,[],[],3>17:6,,3,15,
2026_07_15_01_26_56,000068,1,all-cluster-heads,perception_aware_potential_game,grid,utility,utility,none,0,0,,coalition_game,7,,1;2;11,1;2,2,"{""2"": 37}","{""1"": 4924, ""2"": 4807}",76912,42.77641824249166,10,40.0,60.0,ns3,899,0.5,10,12,28,,,[],[],2>1:0,,13,32,
2026_07_15_01_26_56,000068,4,all-cluster-heads,perception_aware_potential_game,grid,utility,utility,none,0,0,,coalition_game,7,,4;9;12,4;12,12,"{""12"": 37}","{""4"": 4848, ""12"": 4803}",76848,42.74082313681868,10,40.0,60.0,ns3,899,0.5,10,12,28,,,[],[],12>4:1,,9,35,
2026_07_15_01_26_56,000068,5,all-cluster-heads,perception_aware_potential_game,grid,utility,utility,none,0,0,,coalition_game,7,,5;7;8,5;7,7,"{""7"": 37}","{""5"": 4912, ""7"": 4807}",76912,42.77641824249166,10,40.0,60.0,ns3,899,0.5,10,12,28,,,[],[],7>5:2,,13,17,
2026_07_15_01_26_56,000068,10,all-cluster-heads,perception_aware_potential_game,grid,utility,utility,none,0,0,,coalition_game,7,,10;13;19,10;13,13,"{""13"": 37}","{""10"": 4934, ""13"": 4746}",75936,42.23359288097887,10,40.0,60.0,ns3,899,0.5,10,12,28,,,[],[],13>10:3,,6,31,
2026_07_15_01_26_56,000068,15,all-cluster-heads,perception_aware_potential_game,grid,utility,utility,none,0,0,,coalition_game,7,,6;15,15;6,6,"{""6"": 37}","{""6"": 4501, ""15"": 4743}",72016,40.05339265850945,10,40.0,60.0,ns3,899,0.5,10,12,28,,,[],[],6>15:4,,12,16,
2026_07_15_01_26_56,000068,16,all-cluster-heads,perception_aware_potential_game,grid,utility,utility,none,0,0,,coalition_game,7,,16;18;20,16;20,20,"{""20"": 37}","{""16"": 4887, ""20"": 4854}",77664,43.19466073414905,10,40.0,60.0,ns3,899,0.5,10,12,28,,,[],[],20>16:5,,9,25,
2026_07_15_01_26_56,000068,17,all-cluster-heads,perception_aware_potential_game,grid,utility,utility,none,0,0,,coalition_game,7,,3;14;17,17;14,14,"{""14"": 37}","{""14"": 4946, ""17"": 4976}",79136,44.01334816462736,10,40.0,60.0,ns3,899,0.5,10,12,28,,,[],[],14>17:6,,2,9,
2026_07_15_01_26_56,000070,1,all-cluster-heads,perception_aware_potential_game,grid,utility,utility,none,0,0,,coalition_game,7,,1;9;14,1;14,14,"{""14"": 37}","{""1"": 4925, ""14"": 4936}",78976,43.92436040044494,10,40.0,60.0,ns3,899,0.5,10,12,28,,,[],[],14>1:0,,8,16,
2026_07_15_01_26_56,000070,2,all-cluster-heads,perception_aware_potential_game,grid,utility,utility,none,0,0,,coalition_game,7,,2;8;11,2;11,11,"{""11"": 37}","{""2"": 4882, ""11"": 4835}",77360,43.02558398220245,10,40.0,60.0,ns3,899,0.5,10,12,28,,,[],[],11>2:1,,14,33,
2026_07_15_01_26_56,000070,10,all-cluster-heads,perception_aware_potential_game,grid,utility,utility,none,0,0,,coalition_game,7,,10;13;19,10;13,13,"{""13"": 37}","{""10"": 4949, ""13"": 4746}",75936,42.23359288097887,10,40.0,60.0,ns3,899,0.5,10,12,28,,,[],[],13>10:2,,5,31,
2026_07_15_01_26_56,000070,12,all-cluster-heads,perception_aware_potential_game,grid,utility,utility,none,0,0,,coalition_game,7,,4;7;12,12;4,4,"{""4"": 37}","{""4"": 4776, ""12"": 4888}",76416,42.50055617352614,10,40.0,60.0,ns3,899,0.5,10,12,28,,,[],[],4>12:3,,7,35,
2026_07_15_01_26_56,000070,15,all-cluster-heads,perception_aware_potential_game,grid,utility,utility,none,0,0,,coalition_game,7,,6;15,15;6,6,"{""6"": 37}","{""6"": 4507, ""15"": 4740}",72112,40.10678531701891,10,40.0,60.0,ns3,899,0.5,10,12,28,,,[],[],6>15:4,,12,16,
2026_07_15_01_26_56,000070,16,all-cluster-heads,perception_aware_potential_game,grid,utility,utility,none,0,0,,coalition_game,7,,5;16;20,16;20,20,"{""20"": 37}","{""16"": 4856, ""20"": 4853}",77648,43.18576195773081,10,40.0,60.0,ns3,899,0.5,10,12,28,,,[],[],20>16:5,,8,25,
2026_07_15_01_26_56,000070,17,all-cluster-heads,perception_aware_potential_game,grid,utility,utility,none,0,0,,coalition_game,7,,3;17;18,17;3,3,"{""3"": 37}","{""3"": 4813, ""17"": 4972}",77008,42.82981090100111,10,40.0,60.0,ns3,899,0.5,10,12,28,,,[],[],3>17:6,,3,15,
2026_07_15_01_26_56,000072,1,all-cluster-heads,perception_aware_potential_game,grid,utility,utility,none,0,0,,coalition_game,7,,1;2;11,1;2,2,"{""2"": 37}","{""1"": 4928, ""2"": 4807}",76912,42.77641824249166,10,40.0,60.0,ns3,899,0.5,10,12,28,,,[],[],2>1:0,,12,31,
2026_07_15_01_26_56,000072,4,all-cluster-heads,perception_aware_potential_game,grid,utility,utility,none,0,0,,coalition_game,7,,4;9;12,4;12,12,"{""12"": 37}","{""4"": 4868, ""12"": 4800}",76800,42.71412680756396,10,40.0,60.0,ns3,899,0.5,10,12,28,,,[],[],12>4:1,,7,34,
2026_07_15_01_26_56,000072,5,all-cluster-heads,perception_aware_potential_game,grid,utility,utility,none,0,0,,coalition_game,7,,5;7;8,5;7,7,"{""7"": 37}","{""5"": 4908, ""7"": 4803}",76848,42.74082313681868,10,40.0,60.0,ns3,899,0.5,10,12,28,,,[],[],7>5:2,,13,16,
2026_07_15_01_26_56,000072,10,all-cluster-heads,perception_aware_potential_game,grid,utility,utility,none,0,0,,coalition_game,7,,10;13;19,10;13,13,"{""13"": 37}","{""10"": 4930, ""13"": 4746}",75936,42.23359288097887,10,40.0,60.0,ns3,899,0.5,10,12,28,,,[],[],13>10:3,,6,30,
2026_07_15_01_26_56,000072,15,all-cluster-heads,perception_aware_potential_game,grid,utility,utility,none,0,0,,coalition_game,7,,6;15,15;6,6,"{""6"": 37}","{""6"": 4501, ""15"": 4748}",72016,40.05339265850945,10,40.0,60.0,ns3,899,0.5,10,12,28,,,[],[],6>15:4,,12,18,
2026_07_15_01_26_56,000072,16,all-cluster-heads,perception_aware_potential_game,grid,utility,utility,none,0,0,,coalition_game,7,,16;18;20,16;20,20,"{""20"": 37}","{""16"": 4868, ""20"": 4851}",77616,43.16796440489433,10,40.0,60.0,ns3,899,0.5,10,12,28,,,[],[],20>16:5,,7,25,
2026_07_15_01_26_56,000072,17,all-cluster-heads,perception_aware_potential_game,grid,utility,utility,none,0,0,,coalition_game,7,,3;14;17,17;14,14,"{""14"": 37}","{""14"": 4948, ""17"": 4977}",79168,44.03114571746384,10,40.0,60.0,ns3,899,0.5,10,12,28,,,[],[],14>17:6,,0,9,
2026_07_15_01_26_56,000074,1,all-cluster-heads,perception_aware_potential_game,grid,utility,utility,none,0,0,,coalition_game,7,,1;2;11,1;2,2,"{""2"": 37}","{""1"": 4931, ""2"": 4817}",77072,42.86540600667408,10,40.0,60.0,ns3,899,0.5,10,12,28,,,[],[],2>1:0,,12,30,
2026_07_15_01_26_56,000074,8,all-cluster-heads,perception_aware_potential_game,grid,utility,utility,none,0,0,,coalition_game,7,,8;9;19,8;9,9,"{""9"": 37}","{""8"": 4842, ""9"": 4840}",77440,43.070077864293665,10,40.0,60.0,ns3,899,0.5,10,12,28,,,[],[],9>8:1,,8,36,
2026_07_15_01_26_56,000074,10,all-cluster-heads,perception_aware_potential_game,grid,utility,utility,none,0,0,,coalition_game,7,,10;13;14,10;14,14,"{""14"": 37}","{""10"": 4948, ""14"": 4902}",78432,43.62180200222469,10,40.0,60.0,ns3,899,0.5,10,12,28,,,[],[],14>10:2,,5,27,
2026_07_15_01_26_56,000074,12,all-cluster-heads,perception_aware_potential_game,grid,utility,utility,none,0,0,,coalition_game,7,,4;7;12,12;4,4,"{""4"": 37}","{""4"": 4776, ""12"": 4881}",76416,42.50055617352614,10,40.0,60.0,ns3,899,0.5,10,12,28,,,[],[],4>12:3,,8,35,
2026_07_15_01_26_56,000074,15,all-cluster-heads,perception_aware_potential_game,grid,utility,utility,none,0,0,,coalition_game,7,,6;15,15;6,6,"{""6"": 37}","{""6"": 4503, ""15"": 4753}",72048,40.07119021134594,10,40.0,60.0,ns3,899,0.5,10,12,28,,,[],[],6>15:4,,12,18,
2026_07_15_01_26_56,000074,16,all-cluster-heads,perception_aware_potential_game,grid,utility,utility,none,0,0,,coalition_game,7,,5;16;20,16;20,20,"{""20"": 37}","{""16"": 4872, ""20"": 4849}",77584,43.15016685205784,10,40.0,60.0,ns3,899,0.5,10,12,28,,,[],[],20>16:5,,10,26,
2026_07_15_01_26_56,000074,17,all-cluster-heads,perception_aware_potential_game,grid,utility,utility,none,0,0,,coalition_game,7,,3;17;18,17;3,3,"{""3"": 37}","{""3"": 4836, ""17"": 4954}",77376,43.03448275862069,10,40.0,60.0,ns3,899,0.5,10,12,28,,,[],[],3>17:6,,2,15,
2026_07_15_01_26_56,000076,1,all-cluster-heads,perception_aware_potential_game,grid,utility,utility,none,0,0,,coalition_game,7,,1;2;11,1;2,2,"{""2"": 37}","{""1"": 4934, ""2"": 4817}",77072,42.86540600667408,10,40.0,60.0,ns3,899,0.5,10,12,28,,,[],[],2>1:0,,13,32,
2026_07_15_01_26_56,000076,8,all-cluster-heads,perception_aware_potential_game,grid,utility,utility,none,0,0,,coalition_game,7,,8;9;19,8;9,9,"{""9"": 37}","{""8"": 4841, ""9"": 4840}",77440,43.070077864293665,10,40.0,60.0,ns3,899,0.5,10,12,28,,,[],[],9>8:1,,8,37,
2026_07_15_01_26_56,000076,10,all-cluster-heads,perception_aware_potential_game,grid,utility,utility,none,0,0,,coalition_game,7,,10;13;14,10;14,14,"{""14"": 37}","{""10"": 4943, ""14"": 4904}",78464,43.63959955506118,10,40.0,60.0,ns3,899,0.5,10,12,28,,,[],[],14>10:2,,5,26,
2026_07_15_01_26_56,000076,12,all-cluster-heads,perception_aware_potential_game,grid,utility,utility,none,0,0,,coalition_game,7,,4;7;12,12;4,4,"{""4"": 37}","{""4"": 4775, ""12"": 4903}",76400,42.4916573971079,10,40.0,60.0,ns3,899,0.5,10,12,28,,,[],[],4>12:3,,6,33,
2026_07_15_01_26_56,000076,15,all-cluster-heads,perception_aware_potential_game,grid,utility,utility,none,0,0,,coalition_game,7,,6;15,15;6,6,"{""6"": 37}","{""6"": 4526, ""15"": 4754}",72416,40.275862068965516,10,40.0,60.0,ns3,899,0.5,10,12,28,,,[],[],6>15:4,,13,18,
2026_07_15_01_26_56,000076,16,all-cluster-heads,perception_aware_potential_game,grid,utility,utility,none,0,0,,coalition_game,7,,5;16;20,16;20,20,"{""20"": 37}","{""16"": 4885, ""20"": 4851}",77616,43.16796440489433,10,40.0,60.0,ns3,899,0.5,10,12,28,,,[],[],20>16:5,,9,25,
2026_07_15_01_26_56,000076,17,all-cluster-heads,perception_aware_potential_game,grid,utility,utility,none,0,0,,coalition_game,7,,3;17;18,17;3,3,"{""3"": 37}","{""3"": 4799, ""17"": 5003}",76784,42.705228031145715,10,40.0,60.0,ns3,899,0.5,10,12,28,,,[],[],3>17:6,,3,16,
2026_07_15_01_26_56,000078,1,all-cluster-heads,perception_aware_potential_game,grid,utility,utility,none,0,0,,coalition_game,7,,1;2;11,1;2,2,"{""2"": 37}","{""1"": 4934, ""2"": 4796}",76736,42.67853170189099,10,40.0,60.0,ns3,899,0.5,10,12,28,,,[],[],2>1:0,,15,31,
2026_07_15_01_26_56,000078,8,all-cluster-heads,perception_aware_potential_game,grid,utility,utility,none,0,0,,coalition_game,7,,8;9;14,8;14,14,"{""14"": 37}","{""8"": 4841, ""14"": 4884}",78144,43.46162402669633,10,40.0,60.0,ns3,899,0.5,10,12,28,,,[],[],14>8:1,,7,24,
2026_07_15_01_26_56,000078,10,all-cluster-heads,perception_aware_potential_game,grid,utility,utility,none,0,0,,coalition_game,7,,10;13;19,10;13,13,"{""13"": 37}","{""10"": 4935, ""13"": 4726}",75616,42.05561735261402,10,40.0,60.0,ns3,899,0.5,10,12,28,,,[],[],13>10:2,,6,30,
2026_07_15_01_26_56,000078,12,all-cluster-heads,perception_aware_potential_game,grid,utility,utility,none,0,0,,coalition_game,7,,4;7;12,12;4,4,"{""4"": 37}","{""4"": 4793, ""12"": 4895}",76688,42.65183537263626,10,40.0,60.0,ns3,899,0.5,10,12,28,,,[],[],4>12:3,,8,35,
2026_07_15_01_26_56,000078,15,all-cluster-heads,perception_aware_potential_game,grid,utility,utility,none,0,0,,coalition_game,7,,6;15,15;6,6,"{""6"": 37}","{""6"": 4532, ""15"": 4753}",72512,40.32925472747497,10,40.0,60.0,ns3,899,0.5,10,12,28,,,[],[],6>15:4,,14,19,
2026_07_15_01_26_56,000078,16,all-cluster-heads,perception_aware_potential_game,grid,utility,utility,none,0,0,,coalition_game,7,,5;16;20,16;20,20,"{""20"": 37}","{""16"": 4880, ""20"": 4854}",77664,43.19466073414905,10,40.0,60.0,ns3,899,0.5,10,12,28,,,[],[],20>16:5,,8,26,
2026_07_15_01_26_56,000078,17,all-cluster-heads,perception_aware_potential_game,grid,utility,utility,none,0,0,,coalition_game,7,,3;17;18,17;3,3,"{""3"": 37}","{""3"": 4805, ""17"": 4995}",76880,42.75862068965517,10,40.0,60.0,ns3,899,0.5,10,12,28,,,[],[],3>17:6,,3,16,
2026_07_15_01_26_56,000080,1,all-cluster-heads,perception_aware_potential_game,grid,utility,utility,none,0,0,,coalition_game,7,,1;2;11,1;2,2,"{""2"": 37}","{""1"": 4933, ""2"": 4802}",76832,42.73192436040044,10,40.0,60.0,ns3,899,0.5,10,12,28,,,[],[],2>1:0,,17,32,
2026_07_15_01_26_56,000080,8,all-cluster-heads,perception_aware_potential_game,grid,utility,utility,none,0,0,,coalition_game,7,,8;9;14,8;14,14,"{""14"": 37}","{""8"": 4839, ""14"": 4910}",78560,43.69299221357063,10,40.0,60.0,ns3,899,0.5,10,12,28,,,[],[],14>8:1,,5,23,
2026_07_15_01_26_56,000080,10,all-cluster-heads,perception_aware_potential_game,grid,utility,utility,none,0,0,,coalition_game,7,,10;13;19,10;13,13,"{""13"": 37}","{""10"": 4924, ""13"": 4716}",75456,41.966629588431594,10,40.0,60.0,ns3,899,0.5,10,12,28,,,[],[],13>10:2,,8,31,
2026_07_15_01_26_56,000080,12,all-cluster-heads,perception_aware_potential_game,grid,utility,utility,none,0,0,,coalition_game,7,,4;7;12,12;4,4,"{""4"": 37}","{""4"": 4783, ""12"": 4905}",76528,42.562847608453836,10,40.0,60.0,ns3,899,0.5,10,12,28,,,[],[],4>12:3,,7,36,
2026_07_15_01_26_56,000080,15,all-cluster-heads,perception_aware_potential_game,grid,utility,utility,none,0,0,,coalition_game,7,,6;15,15;6,6,"{""6"": 37}","{""6"": 4534, ""15"": 4751}",72544,40.34705228031146,10,40.0,60.0,ns3,899,0.5,10,12,28,,,[],[],6>15:4,,13,18,
2026_07_15_01_26_56,000080,16,all-cluster-heads,perception_aware_potential_game,grid,utility,utility,none,0,0,,coalition_game,7,,5;16;20,16;20,20,"{""20"": 37}","{""16"": 4897, ""20"": 4853}",77648,43.18576195773081,10,40.0,60.0,ns3,899,0.5,10,12,28,,,[],[],20>16:5,,10,26,
2026_07_15_01_26_56,000080,17,all-cluster-heads,perception_aware_potential_game,grid,utility,utility,none,0,0,,coalition_game,7,,3;17;18,17;3,3,"{""3"": 37}","{""3"": 4798, ""17"": 4990}",76768,42.69632925472747,10,40.0,60.0,ns3,899,0.5,10,12,28,,,[],[],3>17:6,,4,17,
2026_07_15_01_26_56,000082,1,all-cluster-heads,perception_aware_potential_game,grid,utility,utility,none,0,0,,coalition_game,7,,1;2;11,1;2,2,"{""2"": 37}","{""1"": 4932, ""2"": 4820}",77120,42.892102335928804,10,40.0,60.0,ns3,899,0.5,10,12,28,,,[],[],2>1:0,,13,31,
2026_07_15_01_26_56,000082,10,all-cluster-heads,perception_aware_potential_game,grid,utility,utility,none,0,0,,coalition_game,7,,10;13;19,10;13,13,"{""13"": 37}","{""10"": 4925, ""13"": 4732}",75712,42.10901001112347,10,40.0,60.0,ns3,899,0.5,10,12,28,,,[],[],13>10:1,,7,30,
2026_07_15_01_26_56,000082,12,all-cluster-heads,perception_aware_potential_game,grid,utility,utility,none,0,0,,coalition_game,7,,4;7;12,12;4,4,"{""4"": 37}","{""4"": 4777, ""12"": 4915}",76432,42.509454949944384,10,40.0,60.0,ns3,899,0.5,10,12,28,,,[],[],4>12:2,,8,35,
2026_07_15_01_26_56,000082,15,all-cluster-heads,perception_aware_potential_game,grid,utility,utility,none,0,0,,coalition_game,7,,6;15,15;6,6,"{""6"": 37}","{""6"": 4552, ""15"": 4758}",72832,40.50723025583982,10,40.0,60.0,ns3,899,0.5,10,12,28,,,[],[],6>15:3,,14,18,
2026_07_15_01_26_56,000082,16,all-cluster-heads,perception_aware_potential_game,grid,utility,utility,none,0,0,,coalition_game,7,,8;14;16,16;14,14,"{""14"": 37}","{""14"": 4886, ""16"": 4908}",78176,43.47942157953281,10,40.0,60.0,ns3,899,0.5,10,12,28,,,[],[],14>16:4,,2,22,
2026_07_15_01_26_56,000082,17,all-cluster-heads,perception_aware_potential_game,grid,utility,utility,none,0,0,,coalition_game,7,,3;17;18,17;3,3,"{""3"": 37}","{""3"": 4789, ""17"": 4970}",76624,42.61624026696329,10,40.0,60.0,ns3,899,0.5,10,12,28,,,[],[],3>17:5,,4,17,
2026_07_15_01_26_56,000082,20,all-cluster-heads,perception_aware_potential_game,grid,utility,utility,none,0,0,,coalition_game,7,,5;9;20,20;9,9,"{""9"": 37}","{""9"": 4838, ""20"": 4906}",77408,43.052280311457174,10,40.0,60.0,ns3,899,0.5,10,12,28,,,[],[],9>20:6,,10,27,
2026_07_15_01_26_56,000084,1,all-cluster-heads,perception_aware_potential_game,grid,utility,utility,none,0,0,,coalition_game,7,,1;2;11,1;2,2,"{""2"": 37}","{""1"": 4932, ""2"": 4814}",77024,42.83870967741935,10,40.0,60.0,ns3,899,0.5,10,12,28,,,[],[],2>1:0,,14,31,
2026_07_15_01_26_56,000084,10,all-cluster-heads,perception_aware_potential_game,grid,utility,utility,none,0,0,,coalition_game,7,,10;13;19,10;13,13,"{""13"": 37}","{""10"": 4914, ""13"": 4727}",75632,42.06451612903226,10,40.0,60.0,ns3,899,0.5,10,12,28,,,[],[],13>10:1,,9,31,
2026_07_15_01_26_56,000084,12,all-cluster-heads,perception_aware_potential_game,grid,utility,utility,none,0,0,,coalition_game,7,,4;7;12,12;4,4,"{""4"": 37}","{""4"": 4779, ""12"": 4926}",76464,42.52725250278087,10,40.0,60.0,ns3,899,0.5,10,12,28,,,[],[],4>12:2,,8,35,
2026_07_15_01_26_56,000084,15,all-cluster-heads,perception_aware_potential_game,grid,utility,utility,none,0,0,,coalition_game,7,,6;15,15;6,6,"{""6"": 37}","{""6"": 4561, ""15"": 4766}",72976,40.587319243604,10,40.0,60.0,ns3,899,0.5,10,12,28,,,[],[],6>15:3,,12,18,
2026_07_15_01_26_56,000084,16,all-cluster-heads,perception_aware_potential_game,grid,utility,utility,none,0,0,,coalition_game,7,,8;14;16,16;14,14,"{""14"": 37}","{""14"": 4871, ""16"": 4906}",77936,43.34593993325918,10,40.0,60.0,ns3,899,0.5,10,12,28,,,[],[],14>16:4,,4,21,
2026_07_15_01_26_56,000084,17,all-cluster-heads,perception_aware_potential_game,grid,utility,utility,none,0,0,,coalition_game,7,,3;17;18,17;3,3,"{""3"": 37}","{""3"": 4785, ""17"": 4976}",76560,42.58064516129032,10,40.0,60.0,ns3,899,0.5,10,12,28,,,[],[],3>17:5,,5,15,
2026_07_15_01_26_56,000084,20,all-cluster-heads,perception_aware_potential_game,grid,utility,utility,none,0,0,,coalition_game,7,,5;9;20,20;9,9,"{""9"": 37}","{""9"": 4837, ""20"": 4904}",77392,43.04338153503893,10,40.0,60.0,ns3,899,0.5,10,12,28,,,[],[],9>20:6,,9,27,
2026_07_15_01_26_56,000086,1,all-cluster-heads,perception_aware_potential_game,grid,utility,utility,none,0,0,,coalition_game,7,,1;2;11,1;2,2,"{""2"": 37}","{""1"": 4932, ""2"": 4797}",76752,42.68743047830923,10,40.0,60.0,ns3,899,0.5,10,12,28,,,[],[],2>1:0,,13,32,
2026_07_15_01_26_56,000086,10,all-cluster-heads,perception_aware_potential_game,grid,utility,utility,none,0,0,,coalition_game,7,,10;13;19,10;13,13,"{""13"": 37}","{""10"": 4926, ""13"": 4721}",75536,42.011123470522804,10,40.0,60.0,ns3,899,0.5,10,12,28,,,[],[],13>10:1,,11,31,
2026_07_15_01_26_56,000086,12,all-cluster-heads,perception_aware_potential_game,grid,utility,utility,none,0,0,,coalition_game,7,,4;7;12,12;4,4,"{""4"": 37}","{""4"": 4779, ""12"": 4938}",76464,42.52725250278087,10,40.0,60.0,ns3,899,0.5,10,12,28,,,[],[],4>12:2,,8,34,
2026_07_15_01_26_56,000086,15,all-cluster-heads,perception_aware_potential_game,grid,utility,utility,none,0,0,,coalition_game,7,,6;15,15;6,6,"{""6"": 37}","{""6"": 4565, ""15"": 4762}",73040,40.62291434927697,10,40.0,60.0,ns3,899,0.5,10,12,28,,,[],[],6>15:3,,14,19,
2026_07_15_01_26_56,000086,16,all-cluster-heads,perception_aware_potential_game,grid,utility,utility,none,0,0,,coalition_game,7,,8;14;16,16;14,14,"{""14"": 37}","{""14"": 4900, ""16"": 4917}",78400,43.604004449388206,10,40.0,60.0,ns3,899,0.5,10,12,28,,,[],[],14>16:4,,5,21,
2026_07_15_01_26_56,000086,17,all-cluster-heads,perception_aware_potential_game,grid,utility,utility,none,0,0,,coalition_game,7,,3;17;18,17;3,3,"{""3"": 37}","{""3"": 4789, ""17"": 4971}",76624,42.61624026696329,10,40.0,60.0,ns3,899,0.5,10,12,28,,,[],[],3>17:5,,6,15,
2026_07_15_01_26_56,000086,20,all-cluster-heads,perception_aware_potential_game,grid,utility,utility,none,0,0,,coalition_game,7,,5;9;20,20;9,9,"{""9"": 37}","{""9"": 4837, ""20"": 4905}",77392,43.04338153503893,10,40.0,60.0,ns3,899,0.5,10,12,28,,,[],[],9>20:6,,9,27,
2026_07_15_01_26_56,000088,1,all-cluster-heads,perception_aware_potential_game,grid,utility,utility,none,0,0,,coalition_game,7,,1;2;11,1;2,2,"{""2"": 37}","{""1"": 4930, ""2"": 4800}",76800,42.71412680756396,10,40.0,60.0,ns3,899,0.5,10,12,28,,,[],[],2>1:0,,13,32,
2026_07_15_01_26_56,000088,6,all-cluster-heads,perception_aware_potential_game,grid,utility,utility,none,0,0,,coalition_game,7,,6;8;15,6;15,15,"{""15"": 37}","{""6"": 4643, ""15"": 4717}",75472,41.975528364849836,10,40.0,60.0,ns3,899,0.5,10,12,28,,,[],[],15>6:1,,13,19,
2026_07_15_01_26_56,000088,10,all-cluster-heads,perception_aware_potential_game,grid,utility,utility,none,0,0,,coalition_game,7,,10;13;19,10;13,13,"{""13"": 37}","{""10"": 4929, ""13"": 4707}",75312,41.88654060066741,10,40.0,60.0,ns3,899,0.5,10,12,28,,,[],[],13>10:2,,8,30,
2026_07_15_01_26_56,000088,12,all-cluster-heads,perception_aware_potential_game,grid,utility,utility,none,0,0,,coalition_game,7,,4;7;12,12;4,4,"{""4"": 37}","{""4"": 4777, ""12"": 4937}",76432,42.509454949944384,10,40.0,60.0,ns3,899,0.5,10,12,28,,,[],[],4>12:3,,9,34,
2026_07_15_01_26_56,000088,14,all-cluster-heads,perception_aware_potential_game,grid,utility,utility,none,0,0,,coalition_game,7,,14;16,14;16,16,"{""16"": 37}","{""14"": 4998, ""16"": 4861}",77776,43.256952169076754,10,40.0,60.0,ns3,899,0.5,10,12,28,,,[],[],16>14:4,,5,21,
2026_07_15_01_26_56,000088,17,all-cluster-heads,perception_aware_potential_game,grid,utility,utility,none,0,0,,coalition_game,7,,3;17;18,17;3,3,"{""3"": 37}","{""3"": 4787, ""17"": 4985}",76592,42.598442714126804,10,40.0,60.0,ns3,899,0.5,10,12,28,,,[],[],3>17:5,,6,15,
2026_07_15_01_26_56,000088,20,all-cluster-heads,perception_aware_potential_game,grid,utility,utility,none,0,0,,coalition_game,7,,5;9;20,20;9,9,"{""9"": 37}","{""9"": 4835, ""20"": 4903}",77360,43.02558398220245,10,40.0,60.0,ns3,899,0.5,10,12,28,,,[],[],9>20:6,,9,28,
2026_07_15_01_26_56,000090,1,all-cluster-heads,perception_aware_potential_game,grid,utility,utility,none,0,0,,coalition_game,8,,1;2;11,1;2,2,"{""2"": 37}","{""1"": 4930, ""2"": 4799}",76784,42.705228031145715,10,40.0,60.0,ns3,899,0.5,10,12,28,,,[],[],2>1:0,,14,32,
2026_07_15_01_26_56,000090,6,all-cluster-heads,perception_aware_potential_game,grid,utility,utility,none,0,0,,coalition_game,8,,6;8;15,6;15,15,"{""15"": 37}","{""6"": 4653, ""15"": 4721}",75536,42.011123470522804,10,40.0,60.0,ns3,899,0.5,10,12,28,,,[],[],15>6:1,,14,19,
2026_07_15_01_26_56,000090,10,all-cluster-heads,perception_aware_potential_game,grid,utility,utility,none,0,0,,coalition_game,8,,10;13;19,10;13,13,"{""13"": 37}","{""10"": 4929, ""13"": 4710}",75360,41.91323692992214,10,40.0,60.0,ns3,899,0.5,10,12,28,,,[],[],13>10:2,,9,31,
2026_07_15_01_26_56,000090,12,all-cluster-heads,perception_aware_potential_game,grid,utility,utility,none,0,0,,coalition_game,8,,4;7;12,12;7,7,"{""7"": 37}","{""7"": 4824, ""12"": 4954}",77184,42.92769744160178,10,40.0,60.0,ns3,899,0.5,10,12,28,,,[],[],7>12:3,,13,30,
2026_07_15_01_26_56,000090,14,all-cluster-heads,perception_aware_potential_game,grid,utility,utility,none,0,0,,coalition_game,8,,14,14,,{},"{""14"": 4961}",0,0.0,10,40.0,60.0,ns3,899,0.5,10,12,28,,,[],[],,,,,empty_pillars
2026_07_15_01_26_56,000090,16,all-cluster-heads,perception_aware_potential_game,grid,utility,utility,none,0,0,,coalition_game,8,,3;16;17,16;17,17,"{""17"": 37}","{""16"": 4936, ""17"": 4871}",77936,43.34593993325918,10,40.0,60.0,ns3,899,0.5,10,12,28,,,[],[],17>16:4,,9,22,
2026_07_15_01_26_56,000090,18,all-cluster-heads,perception_aware_potential_game,grid,utility,utility,none,0,0,,coalition_game,8,,18,18,,{},"{""18"": 4954}",0,0.0,10,40.0,60.0,ns3,899,0.5,10,12,28,,,[],[],,,0,5,
2026_07_15_01_26_56,000090,20,all-cluster-heads,perception_aware_potential_game,grid,utility,utility,none,0,0,,coalition_game,8,,5;9;20,20;9,9,"{""9"": 37}","{""9"": 4834, ""20"": 4905}",77344,43.016685205784206,10,40.0,60.0,ns3,899,0.5,10,12,28,,,[],[],9>20:5,,9,28,
2026_07_15_01_26_56,000092,1,all-cluster-heads,perception_aware_potential_game,grid,utility,utility,none,0,0,,coalition_game,7,,1;2;11,1;2,2,"{""2"": 37}","{""1"": 4928, ""2"": 4799}",76784,42.705228031145715,10,40.0,60.0,ns3,899,0.5,10,12,28,,,[],[],2>1:0,,14,32,
2026_07_15_01_26_56,000092,10,all-cluster-heads,perception_aware_potential_game,grid,utility,utility,none,0,0,,coalition_game,7,,10;13;19,10;13,13,"{""13"": 37}","{""10"": 4929, ""13"": 4725}",75600,42.04671857619577,10,40.0,60.0,ns3,899,0.5,10,12,28,,,[],[],13>10:1,,10,31,
2026_07_15_01_26_56,000092,12,all-cluster-heads,perception_aware_potential_game,grid,utility,utility,none,0,0,,coalition_game,7,,4;7;12,12;4,4,"{""4"": 37}","{""4"": 4774, ""12"": 4963}",76384,42.48275862068966,10,40.0,60.0,ns3,899,0.5,10,12,28,,,[],[],4>12:2,,7,35,
2026_07_15_01_26_56,000092,15,all-cluster-heads,perception_aware_potential_game,grid,utility,utility,none,0,0,,coalition_game,7,,6;15,15;6,6,"{""6"": 37}","{""6"": 4557, ""15"": 4770}",72912,40.55172413793103,10,40.0,60.0,ns3,899,0.5,10,12,28,,,[],[],6>15:3,,14,19,
2026_07_15_01_26_56,000092,16,all-cluster-heads,perception_aware_potential_game,grid,utility,utility,none,0,0,,coalition_game,7,,8;14;16,16;14,14,"{""14"": 37}","{""14"": 4848, ""16"": 4936}",77568,43.1412680756396,10,40.0,60.0,ns3,899,0.5,10,12,28,,,[],[],14>16:4,,1,21,
2026_07_15_01_26_56,000092,17,all-cluster-heads,perception_aware_potential_game,grid,utility,utility,none,0,0,,coalition_game,7,,3;17;18,17;3,3,"{""3"": 37}","{""3"": 4803, ""17"": 5000}",76848,42.74082313681868,10,40.0,60.0,ns3,899,0.5,10,12,28,,,[],[],3>17:5,,6,15,
2026_07_15_01_26_56,000092,20,all-cluster-heads,perception_aware_potential_game,grid,utility,utility,none,0,0,,coalition_game,7,,5;9;20,20;9,9,"{""9"": 37}","{""9"": 4834, ""20"": 4905}",77344,43.016685205784206,10,40.0,60.0,ns3,899,0.5,10,12,28,,,[],[],9>20:6,,9,28,
2026_07_15_01_26_56,000094,1,all-cluster-heads,perception_aware_potential_game,grid,utility,utility,none,0,0,,coalition_game,8,,1;2;11,1;2,2,"{""2"": 37}","{""1"": 4929, ""2"": 4803}",76848,42.74082313681868,10,40.0,60.0,ns3,899,0.5,10,12,28,,,[],[],2>1:0,,13,31,
2026_07_15_01_26_56,000094,6,all-cluster-heads,perception_aware_potential_game,grid,utility,utility,none,0,0,,coalition_game,8,,6;8;15,6;15,15,"{""15"": 37}","{""6"": 4670, ""15"": 4736}",75776,42.14460511679644,10,40.0,60.0,ns3,899,0.5,10,12,28,,,[],[],15>6:1,,14,20,
2026_07_15_01_26_56,000094,10,all-cluster-heads,perception_aware_potential_game,grid,utility,utility,none,0,0,,coalition_game,8,,10;13;19,10;13,13,"{""13"": 37}","{""10"": 4929, ""13"": 4745}",75920,42.224694104560626,10,40.0,60.0,ns3,899,0.5,10,12,28,,,[],[],13>10:2,,8,31,
2026_07_15_01_26_56,000094,12,all-cluster-heads,perception_aware_potential_game,grid,utility,utility,none,0,0,,coalition_game,8,,4;7;12,12;4,4,"{""4"": 37}","{""4"": 4775, ""12"": 4976}",76400,42.4916573971079,10,40.0,60.0,ns3,899,0.5,10,12,28,,,[],[],4>12:3,,10,36,
2026_07_15_01_26_56,000094,14,all-cluster-heads,perception_aware_potential_game,grid,utility,utility,none,0,0,,coalition_game,8,,14,14,,{},"{""14"": 4947}",0,0.0,10,40.0,60.0,ns3,899,0.5,10,12,28,,,[],[],,,,,empty_pillars
2026_07_15_01_26_56,000094,16,all-cluster-heads,perception_aware_potential_game,grid,utility,utility,none,0,0,,coalition_game,8,,3;16;17,16;17,17,"{""17"": 37}","{""16"": 4936, ""17"": 4866}",77856,43.301446051167964,10,40.0,60.0,ns3,899,0.5,10,12,28,,,[],[],17>16:4,,8,21,
2026_07_15_01_26_56,000094,18,all-cluster-heads,perception_aware_potential_game,grid,utility,utility,none,0,0,,coalition_game,8,,18,18,,{},"{""18"": 4954}",0,0.0,10,40.0,60.0,ns3,899,0.5,10,12,28,,,[],[],,,0,5,
2026_07_15_01_26_56,000094,20,all-cluster-heads,perception_aware_potential_game,grid,utility,utility,none,0,0,,coalition_game,8,,5;9;20,20;9,9,"{""9"": 37}","{""9"": 4834, ""20"": 4905}",77344,43.016685205784206,10,40.0,60.0,ns3,899,0.5,10,12,28,,,[],[],9>20:5,,8,28,
2026_07_15_01_26_56,000096,1,all-cluster-heads,perception_aware_potential_game,grid,utility,utility,none,0,0,,coalition_game,8,,1;2;11,1;2,2,"{""2"": 37}","{""1"": 4928, ""2"": 4809}",76944,42.79421579532814,10,40.0,60.0,ns3,899,0.5,10,12,28,,,[],[],2>1:0,,15,31,
2026_07_15_01_26_56,000096,6,all-cluster-heads,perception_aware_potential_game,grid,utility,utility,none,0,0,,coalition_game,8,,6;8;15,6;15,15,"{""15"": 37}","{""6"": 4667, ""15"": 4729}",75664,42.08231368186875,10,40.0,60.0,ns3,899,0.5,10,12,28,,,[],[],15>6:1,,15,19,
2026_07_15_01_26_56,000096,10,all-cluster-heads,perception_aware_potential_game,grid,utility,utility,none,0,0,,coalition_game,8,,10;13;19,10;13,13,"{""13"": 37}","{""10"": 4930, ""13"": 4693}",75088,41.76195773081201,10,40.0,60.0,ns3,899,0.5,10,12,28,,,[],[],13>10:2,,9,30,
2026_07_15_01_26_56,000096,12,all-cluster-heads,perception_aware_potential_game,grid,utility,utility,none,0,0,,coalition_game,8,,4;7;12,12;4,4,"{""4"": 37}","{""4"": 4775, ""12"": 4975}",76400,42.4916573971079,10,40.0,60.0,ns3,899,0.5,10,12,28,,,[],[],4>12:3,,8,34,
2026_07_15_01_26_56,000096,14,all-cluster-heads,perception_aware_potential_game,grid,utility,utility,none,0,0,,coalition_game,8,,14,14,,{},"{""14"": 4923}",0,0.0,10,40.0,60.0,ns3,899,0.5,10,12,28,,,[],[],,,,,empty_pillars
2026_07_15_01_26_56,000096,16,all-cluster-heads,perception_aware_potential_game,grid,utility,utility,none,0,0,,coalition_game,8,,3;16;17,16;3,3,"{""3"": 37}","{""3"": 4811, ""16"": 4944}",76976,42.812013348164626,10,40.0,60.0,ns3,899,0.5,10,12,28,,,[],[],3>16:4,,5,24,
2026_07_15_01_26_56,000096,18,all-cluster-heads,perception_aware_potential_game,grid,utility,utility,none,0,0,,coalition_game,8,,18,18,,{},"{""18"": 4942}",0,0.0,10,40.0,60.0,ns3,899,0.5,10,12,28,,,[],[],,,0,4,
2026_07_15_01_26_56,000096,20,all-cluster-heads,perception_aware_potential_game,grid,utility,utility,none,0,0,,coalition_game,8,,5;9;20,20;9,9,"{""9"": 37}","{""9"": 4833, ""20"": 4902}",77328,43.007786429365964,10,40.0,60.0,ns3,899,0.5,10,12,28,,,[],[],9>20:5,,8,28,
2026_07_15_01_26_56,000098,1,all-cluster-heads,perception_aware_potential_game,grid,utility,utility,none,0,0,,coalition_game,8,,1;2;11,1;2,2,"{""2"": 37}","{""1"": 4927, ""2"": 4808}",76928,42.7853170189099,10,40.0,60.0,ns3,899,0.5,10,12,28,,,[],[],2>1:0,,16,30,
2026_07_15_01_26_56,000098,6,all-cluster-heads,perception_aware_potential_game,grid,utility,utility,none,0,0,,coalition_game,8,,6;8;15,6;15,15,"{""15"": 37}","{""6"": 4670, ""15"": 4735}",75760,42.1357063403782,10,40.0,60.0,ns3,899,0.5,10,12,28,,,[],[],15>6:1,,15,19,
2026_07_15_01_26_56,000098,10,all-cluster-heads,perception_aware_potential_game,grid,utility,utility,none,0,0,,coalition_game,8,,10;13;19,10;13,13,"{""13"": 37}","{""10"": 4930, ""13"": 4718}",75488,41.98442714126808,10,40.0,60.0,ns3,899,0.5,10,12,28,,,[],[],13>10:2,,9,29,
2026_07_15_01_26_56,000098,12,all-cluster-heads,perception_aware_potential_game,grid,utility,utility,none,0,0,,coalition_game,8,,4;7;12,12;4,4,"{""4"": 37}","{""4"": 4776, ""12"": 4968}",76416,42.50055617352614,10,40.0,60.0,ns3,899,0.5,10,12,28,,,[],[],4>12:3,,8,33,
2026_07_15_01_26_56,000098,14,all-cluster-heads,perception_aware_potential_game,grid,utility,utility,none,0,0,,coalition_game,8,,14,14,,{},"{""14"": 4872}",0,0.0,10,40.0,60.0,ns3,899,0.5,10,12,28,,,[],[],,,,,empty_pillars
2026_07_15_01_26_56,000098,16,all-cluster-heads,perception_aware_potential_game,grid,utility,utility,none,0,0,,coalition_game,8,,3;16;17,16;3,3,"{""3"": 37}","{""3"": 4806, ""16"": 4950}",76896,42.767519466073416,10,40.0,60.0,ns3,899,0.5,10,12,28,,,[],[],3>16:4,,4,24,
2026_07_15_01_26_56,000098,18,all-cluster-heads,perception_aware_potential_game,grid,utility,utility,none,0,0,,coalition_game,8,,18,18,,{},"{""18"": 4946}",0,0.0,10,40.0,60.0,ns3,899,0.5,10,12,28,,,[],[],,,0,4,
2026_07_15_01_26_56,000098,20,all-cluster-heads,perception_aware_potential_game,grid,utility,utility,none,0,0,,coalition_game,8,,5;9;20,20;9,9,"{""9"": 37}","{""9"": 4832, ""20"": 4903}",77312,42.998887652947715,10,40.0,60.0,ns3,899,0.5,10,12,28,,,[],[],9>20:5,,10,28,
2026_07_15_01_26_56,000100,1,all-cluster-heads,perception_aware_potential_game,grid,utility,utility,none,0,0,,coalition_game,8,,1;2;11,1;2,2,"{""2"": 37}","{""1"": 4928, ""2"": 4811}",76976,42.812013348164626,10,40.0,60.0,ns3,899,0.5,10,12,28,,,[],[],2>1:0,,14,30,
2026_07_15_01_26_56,000100,6,all-cluster-heads,perception_aware_potential_game,grid,utility,utility,none,0,0,,coalition_game,8,,6;8;15,6;15,15,"{""15"": 37}","{""6"": 4673, ""15"": 4724}",75584,42.03781979977753,10,40.0,60.0,ns3,899,0.5,10,12,28,,,[],[],15>6:1,,12,20,
2026_07_15_01_26_56,000100,10,all-cluster-heads,perception_aware_potential_game,grid,utility,utility,none,0,0,,coalition_game,8,,10;13;19,10;13,13,"{""13"": 37}","{""10"": 4928, ""13"": 4689}",75024,41.72636262513904,10,40.0,60.0,ns3,899,0.5,10,12,28,,,[],[],13>10:2,,10,29,
2026_07_15_01_26_56,000100,12,all-cluster-heads,perception_aware_potential_game,grid,utility,utility,none,0,0,,coalition_game,8,,4;7;12,12;4,4,"{""4"": 37}","{""4"": 4777, ""12"": 4970}",76432,42.509454949944384,10,40.0,60.0,ns3,899,0.5,10,12,28,,,[],[],4>12:3,,7,33,
2026_07_15_01_26_56,000100,14,all-cluster-heads,perception_aware_potential_game,grid,utility,utility,none,0,0,,coalition_game,8,,14,14,,{},"{""14"": 4874}",0,0.0,10,40.0,60.0,ns3,899,0.5,10,12,28,,,[],[],,,,,empty_pillars
2026_07_15_01_26_56,000100,16,all-cluster-heads,perception_aware_potential_game,grid,utility,utility,none,0,0,,coalition_game,8,,3;16;17,16;3,3,"{""3"": 37}","{""3"": 4821, ""16"": 4946}",77136,42.901001112347046,10,40.0,60.0,ns3,899,0.5,10,12,28,,,[],[],3>16:4,,7,24,
2026_07_15_01_26_56,000100,18,all-cluster-heads,perception_aware_potential_game,grid,utility,utility,none,0,0,,coalition_game,8,,18,18,,{},"{""18"": 4944}",0,0.0,10,40.0,60.0,ns3,899,0.5,10,12,28,,,[],[],,,0,4,
2026_07_15_01_26_56,000100,20,all-cluster-heads,perception_aware_potential_game,grid,utility,utility,none,0,0,,coalition_game,8,,5;9;20,20;9,9,"{""9"": 37}","{""9"": 4831, ""20"": 4903}",77296,42.98998887652947,10,40.0,60.0,ns3,899,0.5,10,12,28,,,[],[],9>20:5,,9,25,
2026_07_15_01_26_56,000102,1,all-cluster-heads,perception_aware_potential_game,grid,utility,utility,none,0,0,,coalition_game,8,,1;2;11,1;2,2,"{""2"": 37}","{""1"": 4929, ""2"": 4799}",76784,42.705228031145715,10,40.0,60.0,ns3,899,0.5,10,12,28,,,[],[],2>1:0,,16,31,
2026_07_15_01_26_56,000102,6,all-cluster-heads,perception_aware_potential_game,grid,utility,utility,none,0,0,,coalition_game,8,,6;8;15,6;15,15,"{""15"": 37}","{""6"": 4681, ""15"": 4745}",75920,42.224694104560626,10,40.0,60.0,ns3,899,0.5,10,12,28,,,[],[],15>6:1,,14,22,
2026_07_15_01_26_56,000102,10,all-cluster-heads,perception_aware_potential_game,grid,utility,utility,none,0,0,,coalition_game,8,,10;13;19,10;13,13,"{""13"": 37}","{""10"": 4929, ""13"": 4721}",75536,42.011123470522804,10,40.0,60.0,ns3,899,0.5,10,12,28,,,[],[],13>10:2,,8,29,
2026_07_15_01_26_56,000102,12,all-cluster-heads,perception_aware_potential_game,grid,utility,utility,none,0,0,,coalition_game,8,,4;7;12,12;4,4,"{""4"": 37}","{""4"": 4777, ""12"": 4965}",76432,42.509454949944384,10,40.0,60.0,ns3,899,0.5,10,12,28,,,[],[],4>12:3,,6,33,
2026_07_15_01_26_56,000102,14,all-cluster-heads,perception_aware_potential_game,grid,utility,utility,none,0,0,,coalition_game,8,,14,14,,{},"{""14"": 4826}",0,0.0,10,40.0,60.0,ns3,899,0.5,10,12,28,,,[],[],,,,,empty_pillars
2026_07_15_01_26_56,000102,16,all-cluster-heads,perception_aware_potential_game,grid,utility,utility,none,0,0,,coalition_game,8,,3;16;17,16;17,17,"{""17"": 37}","{""16"": 4975, ""17"": 4840}",77440,43.070077864293665,10,40.0,60.0,ns3,899,0.5,10,12,28,,,[],[],17>16:4,,9,20,
2026_07_15_01_26_56,000102,18,all-cluster-heads,perception_aware_potential_game,grid,utility,utility,none,0,0,,coalition_game,8,,18,18,,{},"{""18"": 4936}",0,0.0,10,40.0,60.0,ns3,899,0.5,10,12,28,,,[],[],,,0,4,
2026_07_15_01_26_56,000102,20,all-cluster-heads,perception_aware_potential_game,grid,utility,utility,none,0,0,,coalition_game,8,,5;9;20,20;9,9,"{""9"": 37}","{""9"": 4830, ""20"": 4902}",77280,42.98109010011123,10,40.0,60.0,ns3,899,0.5,10,12,28,,,[],[],9>20:5,,10,25,
2026_07_15_01_26_56,000104,1,all-cluster-heads,perception_aware_potential_game,grid,utility,utility,none,0,0,,coalition_game,8,,1;2;11,1;2,2,"{""2"": 37}","{""1"": 4929, ""2"": 4799}",76784,42.705228031145715,10,40.0,60.0,ns3,899,0.5,10,12,28,,,[],[],2>1:0,,16,31,
2026_07_15_01_26_56,000104,6,all-cluster-heads,perception_aware_potential_game,grid,utility,utility,none,0,0,,coalition_game,8,,6;8;15,6;15,15,"{""15"": 37}","{""6"": 4701, ""15"": 4720}",75520,42.00222469410456,10,40.0,60.0,ns3,899,0.5,10,12,28,,,[],[],15>6:1,,15,23,
2026_07_15_01_26_56,000104,10,all-cluster-heads,perception_aware_potential_game,grid,utility,utility,none,0,0,,coalition_game,8,,10;13;19,10;13,13,"{""13"": 37}","{""10"": 4930, ""13"": 4683}",74928,41.67296996662959,10,40.0,60.0,ns3,899,0.5,10,12,28,,,[],[],13>10:2,,7,29,
2026_07_15_01_26_56,000104,12,all-cluster-heads,perception_aware_potential_game,grid,utility,utility,none,0,0,,coalition_game,8,,4;7;12,12;4,4,"{""4"": 37}","{""4"": 4775, ""12"": 4988}",76400,42.4916573971079,10,40.0,60.0,ns3,899,0.5,10,12,28,,,[],[],4>12:3,,9,33,
2026_07_15_01_26_56,000104,14,all-cluster-heads,perception_aware_potential_game,grid,utility,utility,none,0,0,,coalition_game,8,,14,14,,{},"{""14"": 4840}",0,0.0,10,40.0,60.0,ns3,899,0.5,10,12,28,,,[],[],,,,,empty_pillars
2026_07_15_01_26_56,000104,16,all-cluster-heads,perception_aware_potential_game,grid,utility,utility,none,0,0,,coalition_game,8,,3;16;17,16;17,17,"{""17"": 37}","{""16"": 4958, ""17"": 4828}",77248,42.96329254727475,10,40.0,60.0,ns3,899,0.5,10,12,28,,,[],[],17>16:4,,7,19,
2026_07_15_01_26_56,000104,18,all-cluster-heads,perception_aware_potential_game,grid,utility,utility,none,0,0,,coalition_game,8,,18,18,,{},"{""18"": 4929}",0,0.0,10,40.0,60.0,ns3,899,0.5,10,12,28,,,[],[],,,0,4,
2026_07_15_01_26_56,000104,20,all-cluster-heads,perception_aware_potential_game,grid,utility,utility,none,0,0,,coalition_game,8,,5;9;20,20;9,9,"{""9"": 37}","{""9"": 4830, ""20"": 4900}",77280,42.98109010011123,10,40.0,60.0,ns3,899,0.5,10,12,28,,,[],[],9>20:5,,9,25,
2026_07_15_01_26_56,000106,1,all-cluster-heads,perception_aware_potential_game,grid,utility,utility,none,0,0,,coalition_game,8,,1;2;11,1;2,2,"{""2"": 37}","{""1"": 4928, ""2"": 4806}",76896,42.767519466073416,10,40.0,60.0,ns3,899,0.5,10,12,28,,,[],[],2>1:0,,13,31,
2026_07_15_01_26_56,000106,6,all-cluster-heads,perception_aware_potential_game,grid,utility,utility,none,0,0,,coalition_game,8,,6;8;15,6;15,15,"{""15"": 37}","{""6"": 4708, ""15"": 4731}",75696,42.10011123470523,10,40.0,60.0,ns3,899,0.5,10,12,28,,,[],[],15>6:1,,12,23,
2026_07_15_01_26_56,000106,10,all-cluster-heads,perception_aware_potential_game,grid,utility,utility,none,0,0,,coalition_game,8,,10;13;19,10;13,13,"{""13"": 37}","{""10"": 4930, ""13"": 4681}",74896,41.6551724137931,10,40.0,60.0,ns3,899,0.5,10,12,28,,,[],[],13>10:2,,8,29,
2026_07_15_01_26_56,000106,12,all-cluster-heads,perception_aware_potential_game,grid,utility,utility,none,0,0,,coalition_game,8,,4;7;12,12;4,4,"{""4"": 37}","{""4"": 4777, ""12"": 4987}",76432,42.509454949944384,10,40.0,60.0,ns3,899,0.5,10,12,28,,,[],[],4>12:3,,7,33,
2026_07_15_01_26_56,000106,14,all-cluster-heads,perception_aware_potential_game,grid,utility,utility,none,0,0,,coalition_game,8,,14,14,,{},"{""14"": 4815}",0,0.0,10,40.0,60.0,ns3,899,0.5,10,12,28,,,[],[],,,,,empty_pillars
2026_07_15_01_26_56,000106,16,all-cluster-heads,perception_aware_potential_game,grid,utility,utility,none,0,0,,coalition_game,8,,3;16;17,16;17,17,"{""17"": 37}","{""16"": 4954, ""17"": 4855}",77680,43.2035595105673,10,40.0,60.0,ns3,899,0.5,10,12,28,,,[],[],17>16:4,,8,19,
2026_07_15_01_26_56,000106,18,all-cluster-heads,perception_aware_potential_game,grid,utility,utility,none,0,0,,coalition_game,8,,18,18,,{},"{""18"": 4912}",0,0.0,10,40.0,60.0,ns3,899,0.5,10,12,28,,,[],[],,,0,4,
2026_07_15_01_26_56,000106,20,all-cluster-heads,perception_aware_potential_game,grid,utility,utility,none,0,0,,coalition_game,8,,5;9;20,20;9,9,"{""9"": 37}","{""9"": 4829, ""20"": 4900}",77264,42.97219132369299,10,40.0,60.0,ns3,899,0.5,10,12,28,,,[],[],9>20:5,,9,25,
2026_07_15_01_26_56,000108,1,all-cluster-heads,perception_aware_potential_game,grid,utility,utility,none,0,0,,coalition_game,8,,1;2;11,1;2,2,"{""2"": 37}","{""1"": 4928, ""2"": 4806}",76896,42.767519466073416,10,40.0,60.0,ns3,899,0.5,10,12,28,,,[],[],2>1:0,,14,31,
2026_07_15_01_26_56,000108,6,all-cluster-heads,perception_aware_potential_game,grid,utility,utility,none,0,0,,coalition_game,8,,6;8;15,6;15,15,"{""15"": 37}","{""6"": 4713, ""15"": 4741}",75856,42.18909899888765,10,40.0,60.0,ns3,899,0.5,10,12,28,,,[],[],15>6:1,,16,24,
2026_07_15_01_26_56,000108,10,all-cluster-heads,perception_aware_potential_game,grid,utility,utility,none,0,0,,coalition_game,8,,10;13;19,10;13,13,"{""13"": 37}","{""10"": 4928, ""13"": 4695}",75120,41.7797552836485,10,40.0,60.0,ns3,899,0.5,10,12,28,,,[],[],13>10:2,,9,29,
2026_07_15_01_26_56,000108,12,all-cluster-heads,perception_aware_potential_game,grid,utility,utility,none,0,0,,coalition_game,8,,4;7;12,12;4,4,"{""4"": 37}","{""4"": 4778, ""12"": 4997}",76448,42.518353726362626,10,40.0,60.0,ns3,899,0.5,10,12,28,,,[],[],4>12:3,,9,33,
2026_07_15_01_26_56,000108,14,all-cluster-heads,perception_aware_potential_game,grid,utility,utility,none,0,0,,coalition_game,8,,14,14,,{},"{""14"": 4804}",0,0.0,10,40.0,60.0,ns3,899,0.5,10,12,28,,,[],[],,,,,empty_pillars
2026_07_15_01_26_56,000108,16,all-cluster-heads,perception_aware_potential_game,grid,utility,utility,none,0,0,,coalition_game,8,,3;16;17,16;17,17,"{""17"": 37}","{""16"": 4980, ""17"": 4846}",77536,43.12347052280312,10,40.0,60.0,ns3,899,0.5,10,12,28,,,[],[],17>16:4,,9,19,
2026_07_15_01_26_56,000108,18,all-cluster-heads,perception_aware_potential_game,grid,utility,utility,none,0,0,,coalition_game,8,,18,18,,{},"{""18"": 4916}",0,0.0,10,40.0,60.0,ns3,899,0.5,10,12,28,,,[],[],,,0,4,
2026_07_15_01_26_56,000108,20,all-cluster-heads,perception_aware_potential_game,grid,utility,utility,none,0,0,,coalition_game,8,,5;9;20,20;9,9,"{""9"": 37}","{""9"": 4829, ""20"": 4899}",77264,42.97219132369299,10,40.0,60.0,ns3,899,0.5,10,12,28,,,[],[],9>20:5,,9,25,
2026_07_15_01_26_56,000110,1,all-cluster-heads,perception_aware_potential_game,grid,utility,utility,none,0,0,,coalition_game,8,,1;2;11,1;2,2,"{""2"": 37}","{""1"": 4928, ""2"": 4806}",76896,42.767519466073416,10,40.0,60.0,ns3,899,0.5,10,12,28,,,[],[],2>1:0,,14,31,
2026_07_15_01_26_56,000110,6,all-cluster-heads,perception_aware_potential_game,grid,utility,utility,none,0,0,,coalition_game,8,,6;8;15,6;15,15,"{""15"": 37}","{""6"": 4713, ""15"": 4765}",76240,42.40266963292547,10,40.0,60.0,ns3,899,0.5,10,12,28,,,[],[],15>6:1,,13,24,
2026_07_15_01_26_56,000110,10,all-cluster-heads,perception_aware_potential_game,grid,utility,utility,none,0,0,,coalition_game,8,,10;13;19,10;13,13,"{""13"": 37}","{""10"": 4929, ""13"": 4667}",74672,41.53058954393771,10,40.0,60.0,ns3,899,0.5,10,12,28,,,[],[],13>10:2,,9,29,
2026_07_15_01_26_56,000110,12,all-cluster-heads,perception_aware_potential_game,grid,utility,utility,none,0,0,,coalition_game,8,,4;7;12,12;4,4,"{""4"": 37}","{""4"": 4777, ""12"": 4997}",76432,42.509454949944384,10,40.0,60.0,ns3,899,0.5,10,12,28,,,[],[],4>12:3,,9,33,
2026_07_15_01_26_56,000110,14,all-cluster-heads,perception_aware_potential_game,grid,utility,utility,none,0,0,,coalition_game,8,,14,14,,{},"{""14"": 4841}",0,0.0,10,40.0,60.0,ns3,899,0.5,10,12,28,,,[],[],,,,,empty_pillars
2026_07_15_01_26_56,000110,16,all-cluster-heads,perception_aware_potential_game,grid,utility,utility,none,0,0,,coalition_game,8,,3;16;17,16;17,17,"{""17"": 37}","{""16"": 4974, ""17"": 4859}",77744,43.23915461624027,10,40.0,60.0,ns3,899,0.5,10,12,28,,,[],[],17>16:4,,7,18,
2026_07_15_01_26_56,000110,18,all-cluster-heads,perception_aware_potential_game,grid,utility,utility,none,0,0,,coalition_game,8,,18,18,,{},"{""18"": 4900}",0,0.0,10,40.0,60.0,ns3,899,0.5,10,12,28,,,[],[],,,0,3,
2026_07_15_01_26_56,000110,20,all-cluster-heads,perception_aware_potential_game,grid,utility,utility,none,0,0,,coalition_game,8,,5;9;20,20;9,9,"{""9"": 37}","{""9"": 4829, ""20"": 4898}",77264,42.97219132369299,10,40.0,60.0,ns3,899,0.5,10,12,28,,,[],[],9>20:5,,9,25,
2026_07_15_01_26_56,000112,1,all-cluster-heads,perception_aware_potential_game,grid,utility,utility,none,0,0,,coalition_game,8,,1;2;11,1;2,2,"{""2"": 37}","{""1"": 4926, ""2"": 4807}",76912,42.77641824249166,10,40.0,60.0,ns3,899,0.5,10,12,28,,,[],[],2>1:0,,15,31,
2026_07_15_01_26_56,000112,6,all-cluster-heads,perception_aware_potential_game,grid,utility,utility,none,0,0,,coalition_game,8,,6;8;15,6;15,15,"{""15"": 37}","{""6"": 4686, ""15"": 4731}",75696,42.10011123470523,10,40.0,60.0,ns3,899,0.5,10,12,28,,,[],[],15>6:1,,15,23,
2026_07_15_01_26_56,000112,10,all-cluster-heads,perception_aware_potential_game,grid,utility,utility,none,0,0,,coalition_game,8,,10;13;19,10;13,13,"{""13"": 37}","{""10"": 4928, ""13"": 4641}",74256,41.2992213570634,10,40.0,60.0,ns3,899,0.5,10,12,28,,,[],[],13>10:2,,11,29,
2026_07_15_01_26_56,000112,12,all-cluster-heads,perception_aware_potential_game,grid,utility,utility,none,0,0,,coalition_game,8,,4;7;12,12;4,4,"{""4"": 37}","{""4"": 4775, ""12"": 5013}",76400,42.4916573971079,10,40.0,60.0,ns3,899,0.5,10,12,28,,,[],[],4>12:3,,9,33,
2026_07_15_01_26_56,000112,14,all-cluster-heads,perception_aware_potential_game,grid,utility,utility,none,0,0,,coalition_game,8,,14,14,,{},"{""14"": 4813}",0,0.0,10,40.0,60.0,ns3,899,0.5,10,12,28,,,[],[],,,,,empty_pillars
2026_07_15_01_26_56,000112,16,all-cluster-heads,perception_aware_potential_game,grid,utility,utility,none,0,0,,coalition_game,8,,3;16;17,16;17,17,"{""17"": 37}","{""16"": 4976, ""17"": 4857}",77712,43.22135706340379,10,40.0,60.0,ns3,899,0.5,10,12,28,,,[],[],17>16:4,,6,17,
2026_07_15_01_26_56,000112,18,all-cluster-heads,perception_aware_potential_game,grid,utility,utility,none,0,0,,coalition_game,8,,18,18,,{},"{""18"": 4899}",0,0.0,10,40.0,60.0,ns3,899,0.5,10,12,28,,,[],[],,,0,2,
2026_07_15_01_26_56,000112,20,all-cluster-heads,perception_aware_potential_game,grid,utility,utility,none,0,0,,coalition_game,8,,5;9;20,20;9,9,"{""9"": 37}","{""9"": 4829, ""20"": 4898}",77264,42.97219132369299,10,40.0,60.0,ns3,899,0.5,10,12,28,,,[],[],9>20:5,,8,25,
2026_07_15_01_26_56,000114,1,all-cluster-heads,perception_aware_potential_game,grid,utility,utility,none,0,0,,coalition_game,8,,1;2;11,1;2,2,"{""2"": 37}","{""1"": 4926, ""2"": 4805}",76880,42.75862068965517,10,40.0,60.0,ns3,899,0.5,10,12,28,,,[],[],2>1:0,,13,31,
2026_07_15_01_26_56,000114,6,all-cluster-heads,perception_aware_potential_game,grid,utility,utility,none,0,0,,coalition_game,8,,6;8;15,6;15,15,"{""15"": 37}","{""6"": 4680, ""15"": 4746}",75936,42.23359288097887,10,40.0,60.0,ns3,899,0.5,10,12,28,,,[],[],15>6:1,,15,23,
2026_07_15_01_26_56,000114,10,all-cluster-heads,perception_aware_potential_game,grid,utility,utility,none,0,0,,coalition_game,8,,10;13;19,10;13,13,"{""13"": 37}","{""10"": 4928, ""13"": 4657}",74512,41.44160177975528,10,40.0,60.0,ns3,899,0.5,10,12,28,,,[],[],13>10:2,,9,29,
2026_07_15_01_26_56,000114,12,all-cluster-heads,perception_aware_potential_game,grid,utility,utility,none,0,0,,coalition_game,8,,4;7;12,12;4,4,"{""4"": 37}","{""4"": 4777, ""12"": 5019}",76432,42.509454949944384,10,40.0,60.0,ns3,899,0.5,10,12,28,,,[],[],4>12:3,,8,33,
2026_07_15_01_26_56,000114,14,all-cluster-heads,perception_aware_potential_game,grid,utility,utility,none,0,0,,coalition_game,8,,14,14,,{},"{""14"": 4823}",0,0.0,10,40.0,60.0,ns3,899,0.5,10,12,28,,,[],[],,,,,empty_pillars
2026_07_15_01_26_56,000114,16,all-cluster-heads,perception_aware_potential_game,grid,utility,utility,none,0,0,,coalition_game,8,,3;16;17,16;17,17,"{""17"": 37}","{""16"": 4987, ""17"": 4865}",77840,43.29254727474972,10,40.0,60.0,ns3,899,0.5,10,12,28,,,[],[],17>16:4,,7,17,
2026_07_15_01_26_56,000114,18,all-cluster-heads,perception_aware_potential_game,grid,utility,utility,none,0,0,,coalition_game,8,,18,18,,{},"{""18"": 4917}",0,0.0,10,40.0,60.0,ns3,899,0.5,10,12,28,,,[],[],,,0,3,
2026_07_15_01_26_56,000114,20,all-cluster-heads,perception_aware_potential_game,grid,utility,utility,none,0,0,,coalition_game,8,,5;9;20,20;9,9,"{""9"": 37}","{""9"": 4828, ""20"": 4899}",77248,42.96329254727475,10,40.0,60.0,ns3,899,0.5,10,12,28,,,[],[],9>20:5,,10,25,
2026_07_15_01_26_56,000116,1,all-cluster-heads,perception_aware_potential_game,grid,utility,utility,none,0,0,,coalition_game,8,,1;2;11,1;2,2,"{""2"": 37}","{""1"": 4926, ""2"": 4805}",76880,42.75862068965517,10,40.0,60.0,ns3,899,0.5,10,12,28,,,[],[],2>1:0,,13,31,
2026_07_15_01_26_56,000116,6,all-cluster-heads,perception_aware_potential_game,grid,utility,utility,none,0,0,,coalition_game,8,,6;8;15,6;15,15,"{""15"": 37}","{""6"": 4710, ""15"": 4752}",76032,42.28698553948832,10,40.0,60.0,ns3,899,0.5,10,12,28,,,[],[],15>6:1,,14,23,
2026_07_15_01_26_56,000116,10,all-cluster-heads,perception_aware_potential_game,grid,utility,utility,none,0,0,,coalition_game,8,,10;13;19,10;13,13,"{""13"": 37}","{""10"": 4925, ""13"": 4677}",74832,41.61957730812013,10,40.0,60.0,ns3,899,0.5,10,12,28,,,[],[],13>10:2,,9,29,
2026_07_15_01_26_56,000116,12,all-cluster-heads,perception_aware_potential_game,grid,utility,utility,none,0,0,,coalition_game,8,,4;7;12,12;4,4,"{""4"": 37}","{""4"": 4777, ""12"": 4999}",76432,42.509454949944384,10,40.0,60.0,ns3,899,0.5,10,12,28,,,[],[],4>12:3,,8,33,
2026_07_15_01_26_56,000116,14,all-cluster-heads,perception_aware_potential_game,grid,utility,utility,none,0,0,,coalition_game,8,,14,14,,{},"{""14"": 4826}",0,0.0,10,40.0,60.0,ns3,899,0.5,10,12,28,,,[],[],,,,,empty_pillars
2026_07_15_01_26_56,000116,16,all-cluster-heads,perception_aware_potential_game,grid,utility,utility,none,0,0,,coalition_game,8,,3;16;17,16;17,17,"{""17"": 37}","{""16"": 4994, ""17"": 4870}",77920,43.33704115684093,10,40.0,60.0,ns3,899,0.5,10,12,28,,,[],[],17>16:4,,8,16,
2026_07_15_01_26_56,000116,18,all-cluster-heads,perception_aware_potential_game,grid,utility,utility,none,0,0,,coalition_game,8,,18,18,,{},"{""18"": 4888}",0,0.0,10,40.0,60.0,ns3,899,0.5,10,12,28,,,[],[],,,0,2,
2026_07_15_01_26_56,000116,20,all-cluster-heads,perception_aware_potential_game,grid,utility,utility,none,0,0,,coalition_game,8,,5;9;20,20;9,9,"{""9"": 37}","{""9"": 4827, ""20"": 4899}",77232,42.954393770856505,10,40.0,60.0,ns3,899,0.5,10,12,28,,,[],[],9>20:5,,9,25,
2026_07_15_01_26_56,000118,1,all-cluster-heads,perception_aware_potential_game,grid,utility,utility,none,0,0,,coalition_game,8,,1;2;11,1;2,2,"{""2"": 37}","{""1"": 4927, ""2"": 4818}",77088,42.87430478309232,10,40.0,60.0,ns3,899,0.5,10,12,28,,,[],[],2>1:0,,14,31,
2026_07_15_01_26_56,000118,6,all-cluster-heads,perception_aware_potential_game,grid,utility,utility,none,0,0,,coalition_game,8,,6;8;15,6;15,15,"{""15"": 37}","{""6"": 4718, ""15"": 4764}",76224,42.39377085650723,10,40.0,60.0,ns3,899,0.5,10,12,28,,,[],[],15>6:1,,13,22,
2026_07_15_01_26_56,000118,10,all-cluster-heads,perception_aware_potential_game,grid,utility,utility,none,0,0,,coalition_game,8,,10;13;19,10;13,13,"{""13"": 37}","{""10"": 4926, ""13"": 4632}",74112,41.219132369299224,10,40.0,60.0,ns3,899,0.5,10,12,28,,,[],[],13>10:2,,8,30,
2026_07_15_01_26_56,000118,12,all-cluster-heads,perception_aware_potential_game,grid,utility,utility,none,0,0,,coalition_game,8,,4;7;12,12;4,4,"{""4"": 37}","{""4"": 4776, ""12"": 5018}",76416,42.50055617352614,10,40.0,60.0,ns3,899,0.5,10,12,28,,,[],[],4>12:3,,9,32,
2026_07_15_01_26_56,000118,14,all-cluster-heads,perception_aware_potential_game,grid,utility,utility,none,0,0,,coalition_game,8,,14,14,,{},"{""14"": 4863}",0,0.0,10,40.0,60.0,ns3,899,0.5,10,12,28,,,[],[],,,,,empty_pillars
2026_07_15_01_26_56,000118,16,all-cluster-heads,perception_aware_potential_game,grid,utility,utility,none,0,0,,coalition_game,8,,3;16;17,16;17,17,"{""17"": 37}","{""16"": 4998, ""17"": 4874}",77984,43.37263626251391,10,40.0,60.0,ns3,899,0.5,10,12,28,,,[],[],17>16:4,,7,17,
2026_07_15_01_26_56,000118,18,all-cluster-heads,perception_aware_potential_game,grid,utility,utility,none,0,0,,coalition_game,8,,18,18,,{},"{""18"": 4898}",0,0.0,10,40.0,60.0,ns3,899,0.5,10,12,28,,,[],[],,,0,1,
2026_07_15_01_26_56,000118,20,all-cluster-heads,perception_aware_potential_game,grid,utility,utility,none,0,0,,coalition_game,8,,5;9;20,20;9,9,"{""9"": 37}","{""9"": 4826, ""20"": 4899}",77216,42.94549499443826,10,40.0,60.0,ns3,899,0.5,10,12,28,,,[],[],9>20:5,,8,25,
2026_07_15_01_26_56,000120,1,all-cluster-heads,perception_aware_potential_game,grid,utility,utility,none,0,0,,coalition_game,8,,1;2;11,1;2,2,"{""2"": 37}","{""1"": 4928, ""2"": 4820}",77120,42.892102335928804,10,40.0,60.0,ns3,899,0.5,10,12,28,,,[],[],2>1:0,,12,31,
2026_07_15_01_26_56,000120,6,all-cluster-heads,perception_aware_potential_game,grid,utility,utility,none,0,0,,coalition_game,8,,6;8;15,6;15,15,"{""15"": 37}","{""6"": 4711, ""15"": 4754}",76064,42.304783092324804,10,40.0,60.0,ns3,899,0.5,10,12,28,,,[],[],15>6:1,,14,22,
2026_07_15_01_26_56,000120,10,all-cluster-heads,perception_aware_potential_game,grid,utility,utility,none,0,0,,coalition_game,8,,10;13;19,10;13,13,"{""13"": 37}","{""10"": 4927, ""13"": 4627}",74032,41.17463848720801,10,40.0,60.0,ns3,899,0.5,10,12,28,,,[],[],13>10:2,,10,30,
2026_07_15_01_26_56,000120,12,all-cluster-heads,perception_aware_potential_game,grid,utility,utility,none,0,0,,coalition_game,8,,4;7;12,12;4,4,"{""4"": 37}","{""4"": 4776, ""12"": 5020}",76416,42.50055617352614,10,40.0,60.0,ns3,899,0.5,10,12,28,,,[],[],4>12:3,,8,33,
2026_07_15_01_26_56,000120,14,all-cluster-heads,perception_aware_potential_game,grid,utility,utility,none,0,0,,coalition_game,8,,14,14,,{},"{""14"": 4863}",0,0.0,10,40.0,60.0,ns3,899,0.5,10,12,28,,,[],[],,,,,empty_pillars
2026_07_15_01_26_56,000120,16,all-cluster-heads,perception_aware_potential_game,grid,utility,utility,none,0,0,,coalition_game,8,,3;16;17,16;17,17,"{""17"": 37}","{""16"": 4996, ""17"": 4878}",78048,43.408231368186875,10,40.0,60.0,ns3,899,0.5,10,12,28,,,[],[],17>16:4,,6,16,
2026_07_15_01_26_56,000120,18,all-cluster-heads,perception_aware_potential_game,grid,utility,utility,none,0,0,,coalition_game,8,,18,18,,{},"{""18"": 4887}",0,0.0,10,40.0,60.0,ns3,899,0.5,10,12,28,,,[],[],,,0,2,
2026_07_15_01_26_56,000120,20,all-cluster-heads,perception_aware_potential_game,grid,utility,utility,none,0,0,,coalition_game,8,,5;9;20,20;9,9,"{""9"": 37}","{""9"": 4827, ""20"": 4901}",77232,42.954393770856505,10,40.0,60.0,ns3,899,0.5,10,12,28,,,[],[],9>20:5,,8,25,
2026_07_15_01_26_56,000122,1,all-cluster-heads,perception_aware_potential_game,grid,utility,utility,none,0,0,,coalition_game,8,,1;2;11,1;2,2,"{""2"": 37}","{""1"": 4925, ""2"": 4819}",77104,42.88320355951056,10,40.0,60.0,ns3,899,0.5,10,12,28,,,[],[],2>1:0,,14,31,
2026_07_15_01_26_56,000122,6,all-cluster-heads,perception_aware_potential_game,grid,utility,utility,none,0,0,,coalition_game,8,,6;8;15,6;15,15,"{""15"": 37}","{""6"": 4722, ""15"": 4762}",76192,42.37597330367075,10,40.0,60.0,ns3,899,0.5,10,12,28,,,[],[],15>6:1,,14,22,
2026_07_15_01_26_56,000122,10,all-cluster-heads,perception_aware_potential_game,grid,utility,utility,none,0,0,,coalition_game,8,,10;13;19,10;13,13,"{""13"": 37}","{""10"": 4927, ""13"": 4623}",73968,41.13904338153504,10,40.0,60.0,ns3,899,0.5,10,12,28,,,[],[],13>10:2,,10,29,
2026_07_15_01_26_56,000122,12,all-cluster-heads,perception_aware_potential_game,grid,utility,utility,none,0,0,,coalition_game,8,,4;7;12,12;4,4,"{""4"": 37}","{""4"": 4774, ""12"": 5019}",76384,42.48275862068966,10,40.0,60.0,ns3,899,0.5,10,12,28,,,[],[],4>12:3,,9,34,
2026_07_15_01_26_56,000122,14,all-cluster-heads,perception_aware_potential_game,grid,utility,utility,none,0,0,,coalition_game,8,,14,14,,{},"{""14"": 4861}",0,0.0,10,40.0,60.0,ns3,899,0.5,10,12,28,,,[],[],,,,,empty_pillars
2026_07_15_01_26_56,000122,16,all-cluster-heads,perception_aware_potential_game,grid,utility,utility,none,0,0,,coalition_game,8,,3;16;17,16;3,3,"{""3"": 37}","{""3"": 4796, ""16"": 4999}",76736,42.67853170189099,10,40.0,60.0,ns3,899,0.5,10,12,28,,,[],[],3>16:4,,2,18,
2026_07_15_01_26_56,000122,18,all-cluster-heads,perception_aware_potential_game,grid,utility,utility,none,0,0,,coalition_game,8,,18,18,,{},"{""18"": 4895}",0,0.0,10,40.0,60.0,ns3,899,0.5,10,12,28,,,[],[],,,0,1,
2026_07_15_01_26_56,000122,20,all-cluster-heads,perception_aware_potential_game,grid,utility,utility,none,0,0,,coalition_game,8,,5;9;20,20;9,9,"{""9"": 37}","{""9"": 4826, ""20"": 4897}",77216,42.94549499443826,10,40.0,60.0,ns3,899,0.5,10,12,28,,,[],[],9>20:5,,8,25,
2026_07_15_01_26_56,000124,1,all-cluster-heads,perception_aware_potential_game,grid,utility,utility,none,0,0,,coalition_game,8,,1;2;11,1;2,2,"{""2"": 37}","{""1"": 4925, ""2"": 4820}",77120,42.892102335928804,10,40.0,60.0,ns3,899,0.5,10,12,28,,,[],[],2>1:0,,14,31,
2026_07_15_01_26_56,000124,6,all-cluster-heads,perception_aware_potential_game,grid,utility,utility,none,0,0,,coalition_game,8,,6;8;15,6;15,15,"{""15"": 37}","{""6"": 4737, ""15"": 4766}",76256,42.411568409343715,10,40.0,60.0,ns3,899,0.5,10,12,28,,,[],[],15>6:1,,15,22,
2026_07_15_01_26_56,000124,10,all-cluster-heads,perception_aware_potential_game,grid,utility,utility,none,0,0,,coalition_game,8,,10;13;19,10;13,13,"{""13"": 37}","{""10"": 4926, ""13"": 4631}",74096,41.21023359288098,10,40.0,60.0,ns3,899,0.5,10,12,28,,,[],[],13>10:2,,9,29,
2026_07_15_01_26_56,000124,12,all-cluster-heads,perception_aware_potential_game,grid,utility,utility,none,0,0,,coalition_game,8,,4;7;12,12;4,4,"{""4"": 37}","{""4"": 4776, ""12"": 4985}",76416,42.50055617352614,10,40.0,60.0,ns3,899,0.5,10,12,28,,,[],[],4>12:3,,9,34,
2026_07_15_01_26_56,000124,14,all-cluster-heads,perception_aware_potential_game,grid,utility,utility,none,0,0,,coalition_game,8,,14,14,,{},"{""14"": 4828}",0,0.0,10,40.0,60.0,ns3,899,0.5,10,12,28,,,[],[],,,,,empty_pillars
2026_07_15_01_26_56,000124,16,all-cluster-heads,perception_aware_potential_game,grid,utility,utility,none,0,0,,coalition_game,8,,3;16;17,16;3,3,"{""3"": 37}","{""3"": 4829, ""16"": 5015}",77264,42.97219132369299,10,40.0,60.0,ns3,899,0.5,10,12,28,,,[],[],3>16:4,,5,18,
2026_07_15_01_26_56,000124,18,all-cluster-heads,perception_aware_potential_game,grid,utility,utility,none,0,0,,coalition_game,8,,18,18,,{},"{""18"": 4891}",0,0.0,10,40.0,60.0,ns3,899,0.5,10,12,28,,,[],[],,,0,1,
2026_07_15_01_26_56,000124,20,all-cluster-heads,perception_aware_potential_game,grid,utility,utility,none,0,0,,coalition_game,8,,5;9;20,20;9,9,"{""9"": 37}","{""9"": 4825, ""20"": 4897}",77200,42.93659621802002,10,40.0,60.0,ns3,899,0.5,10,12,28,,,[],[],9>20:5,,8,25,
2026_07_15_01_26_56,000126,1,all-cluster-heads,perception_aware_potential_game,grid,utility,utility,none,0,0,,coalition_game,8,,1;2;11,1;2,2,"{""2"": 37}","{""1"": 4926, ""2"": 4824}",77184,42.92769744160178,10,40.0,60.0,ns3,899,0.5,10,12,28,,,[],[],2>1:0,,14,31,
2026_07_15_01_26_56,000126,6,all-cluster-heads,perception_aware_potential_game,grid,utility,utility,none,0,0,,coalition_game,8,,6;8;15,6;15,15,"{""15"": 37}","{""6"": 4741, ""15"": 4775}",76400,42.4916573971079,10,40.0,60.0,ns3,899,0.5,10,12,28,,,[],[],15>6:1,,14,23,
2026_07_15_01_26_56,000126,10,all-cluster-heads,perception_aware_potential_game,grid,utility,utility,none,0,0,,coalition_game,8,,10;13;19,10;13,13,"{""13"": 37}","{""10"": 4925, ""13"": 4616}",73856,41.076751946607345,10,40.0,60.0,ns3,899,0.5,10,12,28,,,[],[],13>10:2,,9,29,
2026_07_15_01_26_56,000126,12,all-cluster-heads,perception_aware_potential_game,grid,utility,utility,none,0,0,,coalition_game,8,,4;7;12,12;4,4,"{""4"": 37}","{""4"": 4774, ""12"": 4992}",76384,42.48275862068966,10,40.0,60.0,ns3,899,0.5,10,12,28,,,[],[],4>12:3,,9,34,
2026_07_15_01_26_56,000126,14,all-cluster-heads,perception_aware_potential_game,grid,utility,utility,none,0,0,,coalition_game,8,,14,14,,{},"{""14"": 4808}",0,0.0,10,40.0,60.0,ns3,899,0.5,10,12,28,,,[],[],,,,,empty_pillars
2026_07_15_01_26_56,000126,16,all-cluster-heads,perception_aware_potential_game,grid,utility,utility,none,0,0,,coalition_game,8,,3;16;17,16;3,3,"{""3"": 37}","{""3"": 4838, ""16"": 5021}",77408,43.052280311457174,10,40.0,60.0,ns3,899,0.5,10,12,28,,,[],[],3>16:4,,4,17,
2026_07_15_01_26_56,000126,18,all-cluster-heads,perception_aware_potential_game,grid,utility,utility,none,0,0,,coalition_game,8,,18,18,,{},"{""18"": 4875}",0,0.0,10,40.0,60.0,ns3,899,0.5,10,12,28,,,[],[],,,0,2,
2026_07_15_01_26_56,000126,20,all-cluster-heads,perception_aware_potential_game,grid,utility,utility,none,0,0,,coalition_game,8,,5;9;20,20;9,9,"{""9"": 37}","{""9"": 4826, ""20"": 4899}",77216,42.94549499443826,10,40.0,60.0,ns3,899,0.5,10,12,28,,,[],[],9>20:5,,8,25,
2026_07_15_01_26_56,000128,1,all-cluster-heads,perception_aware_potential_game,grid,utility,utility,none,0,0,,coalition_game,8,,1;2;11,1;2,2,"{""2"": 37}","{""1"": 4925, ""2"": 4816}",77056,42.856507230255836,10,40.0,60.0,ns3,899,0.5,10,12,28,,,[],[],2>1:0,,13,30,
2026_07_15_01_26_56,000128,6,all-cluster-heads,perception_aware_potential_game,grid,utility,utility,none,0,0,,coalition_game,8,,6;8;15,6;15,15,"{""15"": 37}","{""6"": 4741, ""15"": 4768}",76288,42.4293659621802,10,40.0,60.0,ns3,899,0.5,10,12,28,,,[],[],15>6:1,,14,23,
2026_07_15_01_26_56,000128,10,all-cluster-heads,perception_aware_potential_game,grid,utility,utility,none,0,0,,coalition_game,8,,10;13;19,10;13,13,"{""13"": 37}","{""10"": 4923, ""13"": 4622}",73952,41.1301446051168,10,40.0,60.0,ns3,899,0.5,10,12,28,,,[],[],13>10:2,,9,29,
2026_07_15_01_26_56,000128,12,all-cluster-heads,perception_aware_potential_game,grid,utility,utility,none,0,0,,coalition_game,8,,4;7;12,12;4,4,"{""4"": 37}","{""4"": 4775, ""12"": 4996}",76400,42.4916573971079,10,40.0,60.0,ns3,899,0.5,10,12,28,,,[],[],4>12:3,,10,33,
2026_07_15_01_26_56,000128,14,all-cluster-heads,perception_aware_potential_game,grid,utility,utility,none,0,0,,coalition_game,8,,14,14,,{},"{""14"": 4842}",0,0.0,10,40.0,60.0,ns3,899,0.5,10,12,28,,,[],[],,,,,empty_pillars
2026_07_15_01_26_56,000128,16,all-cluster-heads,perception_aware_potential_game,grid,utility,utility,none,0,0,,coalition_game,8,,3;16;17,16;3,3,"{""3"": 37}","{""3"": 4841, ""16"": 5018}",77456,43.07897664071191,10,40.0,60.0,ns3,899,0.5,10,12,28,,,[],[],3>16:4,,4,17,
2026_07_15_01_26_56,000128,18,all-cluster-heads,perception_aware_potential_game,grid,utility,utility,none,0,0,,coalition_game,8,,18,18,,{},"{""18"": 4870}",0,0.0,10,40.0,60.0,ns3,899,0.5,10,12,28,,,[],[],,,0,1,
2026_07_15_01_26_56,000128,20,all-cluster-heads,perception_aware_potential_game,grid,utility,utility,none,0,0,,coalition_game,8,,5;9;20,20;9,9,"{""9"": 37}","{""9"": 4827, ""20"": 4900}",77232,42.954393770856505,10,40.0,60.0,ns3,899,0.5,10,12,28,,,[],[],9>20:5,,8,25,
2026_07_15_01_26_56,000130,1,all-cluster-heads,perception_aware_potential_game,grid,utility,utility,none,0,0,,coalition_game,8,,1;2;11,1;2,2,"{""2"": 37}","{""1"": 4928, ""2"": 4808}",76928,42.7853170189099,10,40.0,60.0,ns3,899,0.5,10,12,28,,,[],[],2>1:0,,14,30,
2026_07_15_01_26_56,000130,6,all-cluster-heads,perception_aware_potential_game,grid,utility,utility,none,0,0,,coalition_game,8,,6;8;15,6;15,15,"{""15"": 37}","{""6"": 4745, ""15"": 4756}",76096,42.32258064516129,10,40.0,60.0,ns3,899,0.5,10,12,28,,,[],[],15>6:1,,12,22,
2026_07_15_01_26_56,000130,10,all-cluster-heads,perception_aware_potential_game,grid,utility,utility,none,0,0,,coalition_game,8,,10;13;19,10;13,13,"{""13"": 37}","{""10"": 4923, ""13"": 4607}",73712,40.99666295884316,10,40.0,60.0,ns3,899,0.5,10,12,28,,,[],[],13>10:2,,9,29,
2026_07_15_01_26_56,000130,12,all-cluster-heads,perception_aware_potential_game,grid,utility,utility,none,0,0,,coalition_game,8,,4;7;12,12;4,4,"{""4"": 37}","{""4"": 4775, ""12"": 4999}",76400,42.4916573971079,10,40.0,60.0,ns3,899,0.5,10,12,28,,,[],[],4>12:3,,8,33,
2026_07_15_01_26_56,000130,14,all-cluster-heads,perception_aware_potential_game,grid,utility,utility,none,0,0,,coalition_game,8,,14,14,,{},"{""14"": 4881}",0,0.0,10,40.0,60.0,ns3,899,0.5,10,12,28,,,[],[],,,,,empty_pillars
2026_07_15_01_26_56,000130,16,all-cluster-heads,perception_aware_potential_game,grid,utility,utility,none,0,0,,coalition_game,8,,3;16;17,16;3,3,"{""3"": 37}","{""3"": 4819, ""16"": 5017}",77104,42.88320355951056,10,40.0,60.0,ns3,899,0.5,10,12,28,,,[],[],3>16:4,,4,17,
2026_07_15_01_26_56,000130,18,all-cluster-heads,perception_aware_potential_game,grid,utility,utility,none,0,0,,coalition_game,8,,18,18,,{},"{""18"": 4877}",0,0.0,10,40.0,60.0,ns3,899,0.5,10,12,28,,,[],[],,,0,1,
2026_07_15_01_26_56,000130,20,all-cluster-heads,perception_aware_potential_game,grid,utility,utility,none,0,0,,coalition_game,8,,5;9;20,20;9,9,"{""9"": 37}","{""9"": 4826, ""20"": 4900}",77216,42.94549499443826,10,40.0,60.0,ns3,899,0.5,10,12,28,,,[],[],9>20:5,,7,25,
2026_07_15_01_26_56,000132,1,all-cluster-heads,perception_aware_potential_game,grid,utility,utility,none,0,0,,coalition_game,8,,1;11;19,1;11,11,"{""11"": 37}","{""1"": 4928, ""11"": 4838}",77408,43.052280311457174,10,40.0,60.0,ns3,899,0.5,10,12,28,,,[],[],11>1:0,,15,29,
2026_07_15_01_26_56,000132,2,all-cluster-heads,perception_aware_potential_game,grid,utility,utility,none,0,0,,coalition_game,8,,2;6;15,2;6,6,"{""6"": 37}","{""2"": 4855, ""6"": 4609}",73744,41.014460511679644,10,40.0,60.0,ns3,899,0.5,10,12,28,,,[],[],6>2:1,,19,33,
2026_07_15_01_26_56,000132,10,all-cluster-heads,perception_aware_potential_game,grid,utility,utility,none,0,0,,coalition_game,8,,9;10;13,10;13,13,"{""13"": 37}","{""10"": 4923, ""13"": 4636}",74176,41.25472747497219,10,40.0,60.0,ns3,899,0.5,10,12,28,,,[],[],13>10:2,,9,29,
2026_07_15_01_26_56,000132,12,all-cluster-heads,perception_aware_potential_game,grid,utility,utility,none,0,0,,coalition_game,8,,4;7;12,12;4,4,"{""4"": 37}","{""4"": 4775, ""12"": 4979}",76400,42.4916573971079,10,40.0,60.0,ns3,899,0.5,10,12,28,,,[],[],4>12:3,,8,33,
2026_07_15_01_26_56,000132,14,all-cluster-heads,perception_aware_potential_game,grid,utility,utility,none,0,0,,coalition_game,8,,14,14,,{},"{""14"": 4852}",0,0.0,10,40.0,60.0,ns3,899,0.5,10,12,28,,,[],[],,,,,empty_pillars
2026_07_15_01_26_56,000132,16,all-cluster-heads,perception_aware_potential_game,grid,utility,utility,none,0,0,,coalition_game,8,,3;16;17,16;3,3,"{""3"": 37}","{""3"": 4845, ""16"": 5008}",77520,43.114571746384875,10,40.0,60.0,ns3,899,0.5,10,12,28,,,[],[],3>16:4,,3,17,
2026_07_15_01_26_56,000132,18,all-cluster-heads,perception_aware_potential_game,grid,utility,utility,none,0,0,,coalition_game,8,,18,18,,{},"{""18"": 4859}",0,0.0,10,40.0,60.0,ns3,899,0.5,10,12,28,,,[],[],,,0,1,
2026_07_15_01_26_56,000132,20,all-cluster-heads,perception_aware_potential_game,grid,utility,utility,none,0,0,,coalition_game,8,,5;8;20,20;5,5,"{""5"": 37}","{""5"": 4798, ""20"": 4901}",76768,42.69632925472747,10,40.0,60.0,ns3,899,0.5,10,12,28,,,[],[],5>20:5,,9,27,
2026_07_15_01_26_56,000134,1,all-cluster-heads,perception_aware_potential_game,grid,utility,utility,none,0,0,,coalition_game,8,,1;11;19,1;11,11,"{""11"": 37}","{""1"": 4927, ""11"": 4839}",77424,43.06117908787542,10,40.0,60.0,ns3,899,0.5,10,12,28,,,[],[],11>1:0,,14,29,
2026_07_15_01_26_56,000134,2,all-cluster-heads,perception_aware_potential_game,grid,utility,utility,none,0,0,,coalition_game,8,,2;6;15,2;6,6,"{""6"": 37}","{""2"": 4855, ""6"": 4609}",73744,41.014460511679644,10,40.0,60.0,ns3,899,0.5,10,12,28,,,[],[],6>2:1,,19,33,
2026_07_15_01_26_56,000134,10,all-cluster-heads,perception_aware_potential_game,grid,utility,utility,none,0,0,,coalition_game,8,,9;10;13,10;13,13,"{""13"": 37}","{""10"": 4923, ""13"": 4636}",74176,41.25472747497219,10,40.0,60.0,ns3,899,0.5,10,12,28,,,[],[],13>10:2,,8,28,
2026_07_15_01_26_56,000134,12,all-cluster-heads,perception_aware_potential_game,grid,utility,utility,none,0,0,,coalition_game,8,,4;7;12,12;4,4,"{""4"": 37}","{""4"": 4777, ""12"": 4992}",76432,42.509454949944384,10,40.0,60.0,ns3,899,0.5,10,12,28,,,[],[],4>12:3,,8,33,
2026_07_15_01_26_56,000134,14,all-cluster-heads,perception_aware_potential_game,grid,utility,utility,none,0,0,,coalition_game,8,,14,14,,{},"{""14"": 4863}",0,0.0,10,40.0,60.0,ns3,899,0.5,10,12,28,,,[],[],,,,,empty_pillars
2026_07_15_01_26_56,000134,16,all-cluster-heads,perception_aware_potential_game,grid,utility,utility,none,0,0,,coalition_game,8,,3;16;17,16;17,17,"{""17"": 37}","{""16"": 5006, ""17"": 4886}",78176,43.47942157953281,10,40.0,60.0,ns3,899,0.5,10,12,28,,,[],[],17>16:4,,8,17,
2026_07_15_01_26_56,000134,18,all-cluster-heads,perception_aware_potential_game,grid,utility,utility,none,0,0,,coalition_game,8,,18,18,,{},"{""18"": 4848}",0,0.0,10,40.0,60.0,ns3,899,0.5,10,12,28,,,[],[],,,0,1,
2026_07_15_01_26_56,000134,20,all-cluster-heads,perception_aware_potential_game,grid,utility,utility,none,0,0,,coalition_game,8,,5;8;20,20;5,5,"{""5"": 37}","{""5"": 4782, ""20"": 4905}",76512,42.553948832035594,10,40.0,60.0,ns3,899,0.5,10,12,28,,,[],[],5>20:5,,8,27,
2026_07_15_01_26_56,000136,1,all-cluster-heads,perception_aware_potential_game,grid,utility,utility,none,0,0,,coalition_game,8,,1;11;19,1;11,11,"{""11"": 37}","{""1"": 4927, ""11"": 4840}",77440,43.070077864293665,10,40.0,60.0,ns3,899,0.5,10,12,28,,,[],[],11>1:0,,14,30,
2026_07_15_01_26_56,000136,2,all-cluster-heads,perception_aware_potential_game,grid,utility,utility,none,0,0,,coalition_game,8,,2;6;15,2;6,6,"{""6"": 37}","{""2"": 4856, ""6"": 4612}",73792,41.04115684093437,10,40.0,60.0,ns3,899,0.5,10,12,28,,,[],[],6>2:1,,18,33,
2026_07_15_01_26_56,000136,10,all-cluster-heads,perception_aware_potential_game,grid,utility,utility,none,0,0,,coalition_game,8,,9;10;13,10;13,13,"{""13"": 37}","{""10"": 4922, ""13"": 4649}",74384,41.370411568409345,10,40.0,60.0,ns3,899,0.5,10,12,28,,,[],[],13>10:2,,8,28,
2026_07_15_01_26_56,000136,12,all-cluster-heads,perception_aware_potential_game,grid,utility,utility,none,0,0,,coalition_game,8,,4;7;12,12;4,4,"{""4"": 37}","{""4"": 4778, ""12"": 5003}",76448,42.518353726362626,10,40.0,60.0,ns3,899,0.5,10,12,28,,,[],[],4>12:3,,6,33,
2026_07_15_01_26_56,000136,14,all-cluster-heads,perception_aware_potential_game,grid,utility,utility,none,0,0,,coalition_game,8,,14,14,,{},"{""14"": 4844}",0,0.0,10,40.0,60.0,ns3,899,0.5,10,12,28,,,[],[],,,,,empty_pillars
2026_07_15_01_26_56,000136,16,all-cluster-heads,perception_aware_potential_game,grid,utility,utility,none,0,0,,coalition_game,8,,3;16;17,16;17,17,"{""17"": 37}","{""16"": 5014, ""17"": 4881}",78096,43.4349276974416,10,40.0,60.0,ns3,899,0.5,10,12,28,,,[],[],17>16:4,,7,17,
2026_07_15_01_26_56,000136,18,all-cluster-heads,perception_aware_potential_game,grid,utility,utility,none,0,0,,coalition_game,8,,18,18,,{},"{""18"": 4850}",0,0.0,10,40.0,60.0,ns3,899,0.5,10,12,28,,,[],[],,,0,1,
2026_07_15_01_26_56,000136,20,all-cluster-heads,perception_aware_potential_game,grid,utility,utility,none,0,0,,coalition_game,8,,5;8;20,20;5,5,"{""5"": 37}","{""5"": 4791, ""20"": 4909}",76656,42.63403781979978,10,40.0,60.0,ns3,899,0.5,10,12,28,,,[],[],5>20:5,,7,27,
2026_07_15_01_26_56,000138,1,all-cluster-heads,perception_aware_potential_game,grid,utility,utility,none,0,0,,coalition_game,8,,1;11;19,1;11,11,"{""11"": 37}","{""1"": 4925, ""11"": 4841}",77456,43.07897664071191,10,40.0,60.0,ns3,899,0.5,10,12,28,,,[],[],11>1:0,,15,30,
2026_07_15_01_26_56,000138,2,all-cluster-heads,perception_aware_potential_game,grid,utility,utility,none,0,0,,coalition_game,8,,2;6;15,2;6,6,"{""6"": 37}","{""2"": 4857, ""6"": 4595}",73520,40.88987764182425,10,40.0,60.0,ns3,899,0.5,10,12,28,,,[],[],6>2:1,,18,33,
2026_07_15_01_26_56,000138,10,all-cluster-heads,perception_aware_potential_game,grid,utility,utility,none,0,0,,coalition_game,8,,9;10;13,10;13,13,"{""13"": 37}","{""10"": 4921, ""13"": 4616}",73856,41.076751946607345,10,40.0,60.0,ns3,899,0.5,10,12,28,,,[],[],13>10:2,,9,28,
2026_07_15_01_26_56,000138,12,all-cluster-heads,perception_aware_potential_game,grid,utility,utility,none,0,0,,coalition_game,8,,4;7;12,12;4,4,"{""4"": 37}","{""4"": 4782, ""12"": 4989}",76512,42.553948832035594,10,40.0,60.0,ns3,899,0.5,10,12,28,,,[],[],4>12:3,,8,33,
2026_07_15_01_26_56,000138,14,all-cluster-heads,perception_aware_potential_game,grid,utility,utility,none,0,0,,coalition_game,8,,14,14,,{},"{""14"": 4852}",0,0.0,10,40.0,60.0,ns3,899,0.5,10,12,28,,,[],[],,,,,empty_pillars
2026_07_15_01_26_56,000138,16,all-cluster-heads,perception_aware_potential_game,grid,utility,utility,none,0,0,,coalition_game,8,,3;16;17,16;17,17,"{""17"": 37}","{""16"": 5023, ""17"": 4878}",78048,43.408231368186875,10,40.0,60.0,ns3,899,0.5,10,12,28,,,[],[],17>16:4,,7,17,
2026_07_15_01_26_56,000138,18,all-cluster-heads,perception_aware_potential_game,grid,utility,utility,none,0,0,,coalition_game,8,,18,18,,{},"{""18"": 4852}",0,0.0,10,40.0,60.0,ns3,899,0.5,10,12,28,,,[],[],,,0,1,
2026_07_15_01_26_56,000138,20,all-cluster-heads,perception_aware_potential_game,grid,utility,utility,none,0,0,,coalition_game,8,,5;8;20,20;5,5,"{""5"": 37}","{""5"": 4797, ""20"": 4910}",76752,42.68743047830923,10,40.0,60.0,ns3,899,0.5,10,12,28,,,[],[],5>20:5,,9,27,
2026_07_15_01_26_56,000140,1,all-cluster-heads,perception_aware_potential_game,grid,utility,utility,none,0,0,,coalition_game,8,,1;11;19,1;11,11,"{""11"": 37}","{""1"": 4926, ""11"": 4842}",77472,43.08787541713015,10,40.0,60.0,ns3,899,0.5,10,12,28,,,[],[],11>1:0,,15,30,
2026_07_15_01_26_56,000140,2,all-cluster-heads,perception_aware_potential_game,grid,utility,utility,none,0,0,,coalition_game,8,,2;6;15,2;6,6,"{""6"": 37}","{""2"": 4856, ""6"": 4611}",73776,41.03225806451613,10,40.0,60.0,ns3,899,0.5,10,12,28,,,[],[],6>2:1,,19,32,
2026_07_15_01_26_56,000140,10,all-cluster-heads,perception_aware_potential_game,grid,utility,utility,none,0,0,,coalition_game,8,,9;10;13,10;13,13,"{""13"": 37}","{""10"": 4922, ""13"": 4601}",73616,40.94327030033371,10,40.0,60.0,ns3,899,0.5,10,12,28,,,[],[],13>10:2,,8,27,
2026_07_15_01_26_56,000140,12,all-cluster-heads,perception_aware_potential_game,grid,utility,utility,none,0,0,,coalition_game,8,,4;7;12,12;4,4,"{""4"": 37}","{""4"": 4784, ""12"": 4995}",76544,42.57174638487208,10,40.0,60.0,ns3,899,0.5,10,12,28,,,[],[],4>12:3,,7,33,
2026_07_15_01_26_56,000140,14,all-cluster-heads,perception_aware_potential_game,grid,utility,utility,none,0,0,,coalition_game,8,,14,14,,{},"{""14"": 4847}",0,0.0,10,40.0,60.0,ns3,899,0.5,10,12,28,,,[],[],,,,,empty_pillars
2026_07_15_01_26_56,000140,16,all-cluster-heads,perception_aware_potential_game,grid,utility,utility,none,0,0,,coalition_game,8,,3;16;17,16;17,17,"{""17"": 37}","{""16"": 5013, ""17"": 4885}",78160,43.47052280311457,10,40.0,60.0,ns3,899,0.5,10,12,28,,,[],[],17>16:4,,7,17,
2026_07_15_01_26_56,000140,18,all-cluster-heads,perception_aware_potential_game,grid,utility,utility,none,0,0,,coalition_game,8,,18,18,,{},"{""18"": 4865}",0,0.0,10,40.0,60.0,ns3,899,0.5,10,12,28,,,[],[],,,0,0,
2026_07_15_01_26_56,000140,20,all-cluster-heads,perception_aware_potential_game,grid,utility,utility,none,0,0,,coalition_game,8,,5;8;20,20;5,5,"{""5"": 37}","{""5"": 4814, ""20"": 4909}",77024,42.83870967741935,10,40.0,60.0,ns3,899,0.5,10,12,28,,,[],[],5>20:5,,9,26,
