label,parameter,setting,rho_th,raw_budget_mbps,ap_03,ap_05,ap_07,raw_lidar_mbps,box_mbps,total_mbps,avg_source_cavs,avg_selected_grids,evaluated_frames,trace_rows,receiver_policy,late_fusion,resource_allocation,clustering,upload_mode,num_channels,bandwidth_mhz,communication_deadline_ms,checkpoint,artifact_stem,trace_path,log_path
raw_mbps_budget=1,raw_mbps_budget,1,1,1,0.80,0.72,0.50,1.00,0.68,1.68,1.15,1.76,41,278,all-cluster-heads,inter_cluster_nms,dynamic_cv,potential_verified_cov_coalition_game,grid,10,40.0,60.0,attentive,budget_rho1_mbps1,docs\doc_workspace\SGCP\artifacts\dense_dynamic_cv_sensitivity_20260729\budget_rho1_mbps1\trace.csv,docs\doc_workspace\SGCP\artifacts\dense_dynamic_cv_sensitivity_20260729\budget_rho1_mbps1\run.out
raw_mbps_budget=5,raw_mbps_budget,5,1,5,0.83,0.77,0.55,5.00,0.81,5.81,1.59,18.76,41,278,all-cluster-heads,inter_cluster_nms,dynamic_cv,potential_verified_cov_coalition_game,grid,10,40.0,60.0,attentive,budget_rho1_mbps5,docs\doc_workspace\SGCP\artifacts\dense_dynamic_cv_sensitivity_20260729\budget_rho1_mbps5\trace.csv,docs\doc_workspace\SGCP\artifacts\dense_dynamic_cv_sensitivity_20260729\budget_rho1_mbps5\run.out
raw_mbps_budget=10,raw_mbps_budget,10,1,10,0.82,0.75,0.54,10.00,0.87,10.87,2.01,33.47,41,279,all-cluster-heads,inter_cluster_nms,dynamic_cv,potential_verified_cov_coalition_game,grid,10,40.0,60.0,attentive,budget_rho1_mbps10,docs\doc_workspace\SGCP\artifacts\dense_dynamic_cv_sensitivity_20260729\budget_rho1_mbps10\trace.csv,docs\doc_workspace\SGCP\artifacts\dense_dynamic_cv_sensitivity_20260729\budget_rho1_mbps10\run.out
raw_mbps_budget=20,raw_mbps_budget,20,1,20,0.85,0.79,0.57,16.61,0.91,17.52,2.47,58.13,41,278,all-cluster-heads,inter_cluster_nms,dynamic_cv,potential_verified_cov_coalition_game,grid,10,40.0,60.0,attentive,budget_rho1_mbps20,docs\doc_workspace\SGCP\artifacts\dense_dynamic_cv_sensitivity_20260729\budget_rho1_mbps20\trace.csv,docs\doc_workspace\SGCP\artifacts\dense_dynamic_cv_sensitivity_20260729\budget_rho1_mbps20\run.out
raw_mbps_budget=40,raw_mbps_budget,40,1,40,0.85,0.79,0.57,16.61,0.91,17.52,2.47,58.13,41,278,all-cluster-heads,inter_cluster_nms,dynamic_cv,potential_verified_cov_coalition_game,grid,10,40.0,60.0,attentive,budget_rho1_mbps40,docs\doc_workspace\SGCP\artifacts\dense_dynamic_cv_sensitivity_20260729\budget_rho1_mbps40\trace.csv,docs\doc_workspace\SGCP\artifacts\dense_dynamic_cv_sensitivity_20260729\budget_rho1_mbps40\run.out
raw_mbps_budget=60,raw_mbps_budget,60,1,60,0.85,0.79,0.57,16.61,0.91,17.52,2.47,58.13,41,278,all-cluster-heads,inter_cluster_nms,dynamic_cv,potential_verified_cov_coalition_game,grid,10,40.0,60.0,attentive,budget_rho1_mbps60,docs\doc_workspace\SGCP\artifacts\dense_dynamic_cv_sensitivity_20260729\budget_rho1_mbps60\trace.csv,docs\doc_workspace\SGCP\artifacts\dense_dynamic_cv_sensitivity_20260729\budget_rho1_mbps60\run.out
raw_mbps_budget=68,raw_mbps_budget,68,1,68,0.85,0.79,0.57,16.61,0.91,17.52,2.47,58.13,41,278,all-cluster-heads,inter_cluster_nms,dynamic_cv,potential_verified_cov_coalition_game,grid,10,40.0,60.0,attentive,budget_rho1_mbps68,docs\doc_workspace\SGCP\artifacts\dense_dynamic_cv_sensitivity_20260729\budget_rho1_mbps68\trace.csv,docs\doc_workspace\SGCP\artifacts\dense_dynamic_cv_sensitivity_20260729\budget_rho1_mbps68\run.out
raw_mbps_budget=84,raw_mbps_budget,84,1,84,0.85,0.79,0.57,16.59,0.91,17.50,2.47,58.08,41,279,all-cluster-heads,inter_cluster_nms,dynamic_cv,potential_verified_cov_coalition_game,grid,10,40.0,60.0,attentive,budget_rho1_mbps84,docs\doc_workspace\SGCP\artifacts\dense_dynamic_cv_sensitivity_20260729\budget_rho1_mbps84\trace.csv,docs\doc_workspace\SGCP\artifacts\dense_dynamic_cv_sensitivity_20260729\budget_rho1_mbps84\run.out
raw_mbps_budget=1,raw_mbps_budget,1,2,1,0.79,0.71,0.48,1.00,0.67,1.67,1.28,0.91,41,272,all-cluster-heads,inter_cluster_nms,dynamic_cv,potential_verified_cov_coalition_game,grid,10,40.0,60.0,attentive,budget_rho2_mbps1,docs\doc_workspace\SGCP\artifacts\dense_dynamic_cv_sensitivity_20260729\budget_rho2_mbps1\trace.csv,docs\doc_workspace\SGCP\artifacts\dense_dynamic_cv_sensitivity_20260729\budget_rho2_mbps1\run.out
raw_mbps_budget=5,raw_mbps_budget,5,2,5,0.82,0.74,0.51,5.00,0.71,5.71,1.52,9.22,41,272,all-cluster-heads,inter_cluster_nms,dynamic_cv,potential_verified_cov_coalition_game,grid,10,40.0,60.0,attentive,budget_rho2_mbps5,docs\doc_workspace\SGCP\artifacts\dense_dynamic_cv_sensitivity_20260729\budget_rho2_mbps5\trace.csv,docs\doc_workspace\SGCP\artifacts\dense_dynamic_cv_sensitivity_20260729\budget_rho2_mbps5\run.out
raw_mbps_budget=10,raw_mbps_budget,10,2,10,0.83,0.78,0.55,10.00,0.78,10.78,1.80,17.80,41,272,all-cluster-heads,inter_cluster_nms,dynamic_cv,potential_verified_cov_coalition_game,grid,10,40.0,60.0,attentive,budget_rho2_mbps10,docs\doc_workspace\SGCP\artifacts\dense_dynamic_cv_sensitivity_20260729\budget_rho2_mbps10\trace.csv,docs\doc_workspace\SGCP\artifacts\dense_dynamic_cv_sensitivity_20260729\budget_rho2_mbps10\run.out
raw_mbps_budget=20,raw_mbps_budget,20,2,20,0.83,0.78,0.56,20.00,0.83,20.83,2.15,30.99,41,272,all-cluster-heads,inter_cluster_nms,dynamic_cv,potential_verified_cov_coalition_game,grid,10,40.0,60.0,attentive,budget_rho2_mbps20,docs\doc_workspace\SGCP\artifacts\dense_dynamic_cv_sensitivity_20260729\budget_rho2_mbps20\trace.csv,docs\doc_workspace\SGCP\artifacts\dense_dynamic_cv_sensitivity_20260729\budget_rho2_mbps20\run.out
raw_mbps_budget=40,raw_mbps_budget,40,2,40,0.86,0.81,0.58,28.42,0.87,29.28,2.51,47.94,41,272,all-cluster-heads,inter_cluster_nms,dynamic_cv,potential_verified_cov_coalition_game,grid,10,40.0,60.0,attentive,budget_rho2_mbps40,docs\doc_workspace\SGCP\artifacts\dense_dynamic_cv_sensitivity_20260729\budget_rho2_mbps40\trace.csv,docs\doc_workspace\SGCP\artifacts\dense_dynamic_cv_sensitivity_20260729\budget_rho2_mbps40\run.out
raw_mbps_budget=60,raw_mbps_budget,60,2,60,0.86,0.81,0.58,28.42,0.87,29.28,2.51,47.94,41,272,all-cluster-heads,inter_cluster_nms,dynamic_cv,potential_verified_cov_coalition_game,grid,10,40.0,60.0,attentive,budget_rho2_mbps60,docs\doc_workspace\SGCP\artifacts\dense_dynamic_cv_sensitivity_20260729\budget_rho2_mbps60\trace.csv,docs\doc_workspace\SGCP\artifacts\dense_dynamic_cv_sensitivity_20260729\budget_rho2_mbps60\run.out
raw_mbps_budget=68,raw_mbps_budget,68,2,68,0.86,0.81,0.58,28.42,0.87,29.28,2.51,47.94,41,272,all-cluster-heads,inter_cluster_nms,dynamic_cv,potential_verified_cov_coalition_game,grid,10,40.0,60.0,attentive,budget_rho2_mbps68,docs\doc_workspace\SGCP\artifacts\dense_dynamic_cv_sensitivity_20260729\budget_rho2_mbps68\trace.csv,docs\doc_workspace\SGCP\artifacts\dense_dynamic_cv_sensitivity_20260729\budget_rho2_mbps68\run.out
raw_mbps_budget=84,raw_mbps_budget,84,2,84,0.86,0.81,0.58,28.42,0.87,29.28,2.51,47.94,41,272,all-cluster-heads,inter_cluster_nms,dynamic_cv,potential_verified_cov_coalition_game,grid,10,40.0,60.0,attentive,budget_rho2_mbps84,docs\doc_workspace\SGCP\artifacts\dense_dynamic_cv_sensitivity_20260729\budget_rho2_mbps84\trace.csv,docs\doc_workspace\SGCP\artifacts\dense_dynamic_cv_sensitivity_20260729\budget_rho2_mbps84\run.out
raw_mbps_budget=1,raw_mbps_budget,1,3,1,0.79,0.71,0.48,1.00,0.67,1.66,1.22,0.56,41,272,all-cluster-heads,inter_cluster_nms,dynamic_cv,potential_verified_cov_coalition_game,grid,10,40.0,60.0,attentive,budget_rho3_mbps1,docs\doc_workspace\SGCP\artifacts\dense_dynamic_cv_sensitivity_20260729\budget_rho3_mbps1\trace.csv,docs\doc_workspace\SGCP\artifacts\dense_dynamic_cv_sensitivity_20260729\budget_rho3_mbps1\run.out
raw_mbps_budget=5,raw_mbps_budget,5,3,5,0.80,0.72,0.49,4.99,0.68,5.68,1.35,4.22,41,272,all-cluster-heads,inter_cluster_nms,dynamic_cv,potential_verified_cov_coalition_game,grid,10,40.0,60.0,attentive,budget_rho3_mbps5,docs\doc_workspace\SGCP\artifacts\dense_dynamic_cv_sensitivity_20260729\budget_rho3_mbps5\trace.csv,docs\doc_workspace\SGCP\artifacts\dense_dynamic_cv_sensitivity_20260729\budget_rho3_mbps5\run.out
raw_mbps_budget=10,raw_mbps_budget,10,3,10,0.83,0.77,0.54,9.99,0.72,10.71,1.54,8.82,41,272,all-cluster-heads,inter_cluster_nms,dynamic_cv,potential_verified_cov_coalition_game,grid,10,40.0,60.0,attentive,budget_rho3_mbps10,docs\doc_workspace\SGCP\artifacts\dense_dynamic_cv_sensitivity_20260729\budget_rho3_mbps10\trace.csv,docs\doc_workspace\SGCP\artifacts\dense_dynamic_cv_sensitivity_20260729\budget_rho3_mbps10\run.out
raw_mbps_budget=20,raw_mbps_budget,20,3,20,0.84,0.79,0.56,19.99,0.77,20.76,1.93,17.13,41,272,all-cluster-heads,inter_cluster_nms,dynamic_cv,potential_verified_cov_coalition_game,grid,10,40.0,60.0,attentive,budget_rho3_mbps20,docs\doc_workspace\SGCP\artifacts\dense_dynamic_cv_sensitivity_20260729\budget_rho3_mbps20\trace.csv,docs\doc_workspace\SGCP\artifacts\dense_dynamic_cv_sensitivity_20260729\budget_rho3_mbps20\run.out
raw_mbps_budget=40,raw_mbps_budget,40,3,40,0.85,0.80,0.58,35.57,0.82,36.40,2.51,32.84,41,272,all-cluster-heads,inter_cluster_nms,dynamic_cv,potential_verified_cov_coalition_game,grid,10,40.0,60.0,attentive,budget_rho3_mbps40,docs\doc_workspace\SGCP\artifacts\dense_dynamic_cv_sensitivity_20260729\budget_rho3_mbps40\trace.csv,docs\doc_workspace\SGCP\artifacts\dense_dynamic_cv_sensitivity_20260729\budget_rho3_mbps40\run.out
raw_mbps_budget=60,raw_mbps_budget,60,3,60,0.85,0.80,0.58,35.57,0.82,36.40,2.51,32.84,41,272,all-cluster-heads,inter_cluster_nms,dynamic_cv,potential_verified_cov_coalition_game,grid,10,40.0,60.0,attentive,budget_rho3_mbps60,docs\doc_workspace\SGCP\artifacts\dense_dynamic_cv_sensitivity_20260729\budget_rho3_mbps60\trace.csv,docs\doc_workspace\SGCP\artifacts\dense_dynamic_cv_sensitivity_20260729\budget_rho3_mbps60\run.out
raw_mbps_budget=68,raw_mbps_budget,68,3,68,0.85,0.80,0.58,35.57,0.82,36.40,2.51,32.84,41,272,all-cluster-heads,inter_cluster_nms,dynamic_cv,potential_verified_cov_coalition_game,grid,10,40.0,60.0,attentive,budget_rho3_mbps68,docs\doc_workspace\SGCP\artifacts\dense_dynamic_cv_sensitivity_20260729\budget_rho3_mbps68\trace.csv,docs\doc_workspace\SGCP\artifacts\dense_dynamic_cv_sensitivity_20260729\budget_rho3_mbps68\run.out
raw_mbps_budget=84,raw_mbps_budget,84,3,84,0.85,0.80,0.57,35.57,0.82,36.40,2.51,32.84,41,272,all-cluster-heads,inter_cluster_nms,dynamic_cv,potential_verified_cov_coalition_game,grid,10,40.0,60.0,attentive,budget_rho3_mbps84,docs\doc_workspace\SGCP\artifacts\dense_dynamic_cv_sensitivity_20260729\budget_rho3_mbps84\trace.csv,docs\doc_workspace\SGCP\artifacts\dense_dynamic_cv_sensitivity_20260729\budget_rho3_mbps84\run.out
raw_mbps_budget=1,raw_mbps_budget,1,4,1,0.79,0.71,0.48,0.97,0.67,1.64,1.17,0.33,41,272,all-cluster-heads,inter_cluster_nms,dynamic_cv,potential_verified_cov_coalition_game,grid,10,40.0,60.0,attentive,budget_rho4_mbps1,docs\doc_workspace\SGCP\artifacts\dense_dynamic_cv_sensitivity_20260729\budget_rho4_mbps1\trace.csv,docs\doc_workspace\SGCP\artifacts\dense_dynamic_cv_sensitivity_20260729\budget_rho4_mbps1\run.out
raw_mbps_budget=5,raw_mbps_budget,5,4,5,0.78,0.71,0.48,4.99,0.67,5.66,1.30,2.73,41,272,all-cluster-heads,inter_cluster_nms,dynamic_cv,potential_verified_cov_coalition_game,grid,10,40.0,60.0,attentive,budget_rho4_mbps5,docs\doc_workspace\SGCP\artifacts\dense_dynamic_cv_sensitivity_20260729\budget_rho4_mbps5\trace.csv,docs\doc_workspace\SGCP\artifacts\dense_dynamic_cv_sensitivity_20260729\budget_rho4_mbps5\run.out
raw_mbps_budget=10,raw_mbps_budget,10,4,10,0.79,0.72,0.50,9.99,0.69,10.68,1.49,6.32,41,272,all-cluster-heads,inter_cluster_nms,dynamic_cv,potential_verified_cov_coalition_game,grid,10,40.0,60.0,attentive,budget_rho4_mbps10,docs\doc_workspace\SGCP\artifacts\dense_dynamic_cv_sensitivity_20260729\budget_rho4_mbps10\trace.csv,docs\doc_workspace\SGCP\artifacts\dense_dynamic_cv_sensitivity_20260729\budget_rho4_mbps10\run.out
raw_mbps_budget=20,raw_mbps_budget,20,4,20,0.81,0.76,0.55,19.98,0.73,20.71,1.82,11.35,41,272,all-cluster-heads,inter_cluster_nms,dynamic_cv,potential_verified_cov_coalition_game,grid,10,40.0,60.0,attentive,budget_rho4_mbps20,docs\doc_workspace\SGCP\artifacts\dense_dynamic_cv_sensitivity_20260729\budget_rho4_mbps20\trace.csv,docs\doc_workspace\SGCP\artifacts\dense_dynamic_cv_sensitivity_20260729\budget_rho4_mbps20\run.out
raw_mbps_budget=40,raw_mbps_budget,40,4,40,0.83,0.78,0.58,39.35,0.78,40.13,2.49,23.31,41,272,all-cluster-heads,inter_cluster_nms,dynamic_cv,potential_verified_cov_coalition_game,grid,10,40.0,60.0,attentive,budget_rho4_mbps40,docs\doc_workspace\SGCP\artifacts\dense_dynamic_cv_sensitivity_20260729\budget_rho4_mbps40\trace.csv,docs\doc_workspace\SGCP\artifacts\dense_dynamic_cv_sensitivity_20260729\budget_rho4_mbps40\run.out
raw_mbps_budget=60,raw_mbps_budget,60,4,60,0.83,0.78,0.58,40.10,0.79,40.89,2.51,24.05,41,272,all-cluster-heads,inter_cluster_nms,dynamic_cv,potential_verified_cov_coalition_game,grid,10,40.0,60.0,attentive,budget_rho4_mbps60,docs\doc_workspace\SGCP\artifacts\dense_dynamic_cv_sensitivity_20260729\budget_rho4_mbps60\trace.csv,docs\doc_workspace\SGCP\artifacts\dense_dynamic_cv_sensitivity_20260729\budget_rho4_mbps60\run.out
raw_mbps_budget=68,raw_mbps_budget,68,4,68,0.83,0.78,0.58,40.10,0.79,40.89,2.51,24.05,41,272,all-cluster-heads,inter_cluster_nms,dynamic_cv,potential_verified_cov_coalition_game,grid,10,40.0,60.0,attentive,budget_rho4_mbps68,docs\doc_workspace\SGCP\artifacts\dense_dynamic_cv_sensitivity_20260729\budget_rho4_mbps68\trace.csv,docs\doc_workspace\SGCP\artifacts\dense_dynamic_cv_sensitivity_20260729\budget_rho4_mbps68\run.out
raw_mbps_budget=84,raw_mbps_budget,84,4,84,0.83,0.78,0.58,40.10,0.79,40.89,2.51,24.05,41,272,all-cluster-heads,inter_cluster_nms,dynamic_cv,potential_verified_cov_coalition_game,grid,10,40.0,60.0,attentive,budget_rho4_mbps84,docs\doc_workspace\SGCP\artifacts\dense_dynamic_cv_sensitivity_20260729\budget_rho4_mbps84\trace.csv,docs\doc_workspace\SGCP\artifacts\dense_dynamic_cv_sensitivity_20260729\budget_rho4_mbps84\run.out
raw_mbps_budget=1,raw_mbps_budget,1,5,1,0.79,0.71,0.49,0.98,0.66,1.64,1.15,0.30,41,272,all-cluster-heads,inter_cluster_nms,dynamic_cv,potential_verified_cov_coalition_game,grid,10,40.0,60.0,attentive,budget_rho5_mbps1,docs\doc_workspace\SGCP\artifacts\dense_dynamic_cv_sensitivity_20260729\budget_rho5_mbps1\trace.csv,docs\doc_workspace\SGCP\artifacts\dense_dynamic_cv_sensitivity_20260729\budget_rho5_mbps1\run.out
raw_mbps_budget=5,raw_mbps_budget,5,5,5,0.79,0.71,0.48,4.98,0.68,5.65,1.28,2.06,41,272,all-cluster-heads,inter_cluster_nms,dynamic_cv,potential_verified_cov_coalition_game,grid,10,40.0,60.0,attentive,budget_rho5_mbps5,docs\doc_workspace\SGCP\artifacts\dense_dynamic_cv_sensitivity_20260729\budget_rho5_mbps5\trace.csv,docs\doc_workspace\SGCP\artifacts\dense_dynamic_cv_sensitivity_20260729\budget_rho5_mbps5\run.out
raw_mbps_budget=10,raw_mbps_budget,10,5,10,0.79,0.73,0.49,9.97,0.69,10.66,1.48,4.61,41,272,all-cluster-heads,inter_cluster_nms,dynamic_cv,potential_verified_cov_coalition_game,grid,10,40.0,60.0,attentive,budget_rho5_mbps10,docs\doc_workspace\SGCP\artifacts\dense_dynamic_cv_sensitivity_20260729\budget_rho5_mbps10\trace.csv,docs\doc_workspace\SGCP\artifacts\dense_dynamic_cv_sensitivity_20260729\budget_rho5_mbps10\run.out
raw_mbps_budget=20,raw_mbps_budget,20,5,20,0.81,0.76,0.53,19.97,0.73,20.70,1.81,8.74,41,272,all-cluster-heads,inter_cluster_nms,dynamic_cv,potential_verified_cov_coalition_game,grid,10,40.0,60.0,attentive,budget_rho5_mbps20,docs\doc_workspace\SGCP\artifacts\dense_dynamic_cv_sensitivity_20260729\budget_rho5_mbps20\trace.csv,docs\doc_workspace\SGCP\artifacts\dense_dynamic_cv_sensitivity_20260729\budget_rho5_mbps20\run.out
raw_mbps_budget=40,raw_mbps_budget,40,5,40,0.82,0.78,0.57,39.97,0.77,40.74,2.39,16.72,41,272,all-cluster-heads,inter_cluster_nms,dynamic_cv,potential_verified_cov_coalition_game,grid,10,40.0,60.0,attentive,budget_rho5_mbps40,docs\doc_workspace\SGCP\artifacts\dense_dynamic_cv_sensitivity_20260729\budget_rho5_mbps40\trace.csv,docs\doc_workspace\SGCP\artifacts\dense_dynamic_cv_sensitivity_20260729\budget_rho5_mbps40\run.out
raw_mbps_budget=60,raw_mbps_budget,60,5,60,0.83,0.78,0.58,43.97,0.77,44.74,2.51,19.54,41,272,all-cluster-heads,inter_cluster_nms,dynamic_cv,potential_verified_cov_coalition_game,grid,10,40.0,60.0,attentive,budget_rho5_mbps60,docs\doc_workspace\SGCP\artifacts\dense_dynamic_cv_sensitivity_20260729\budget_rho5_mbps60\trace.csv,docs\doc_workspace\SGCP\artifacts\dense_dynamic_cv_sensitivity_20260729\budget_rho5_mbps60\run.out
raw_mbps_budget=68,raw_mbps_budget,68,5,68,0.83,0.78,0.58,43.97,0.77,44.74,2.51,19.54,41,272,all-cluster-heads,inter_cluster_nms,dynamic_cv,potential_verified_cov_coalition_game,grid,10,40.0,60.0,attentive,budget_rho5_mbps68,docs\doc_workspace\SGCP\artifacts\dense_dynamic_cv_sensitivity_20260729\budget_rho5_mbps68\trace.csv,docs\doc_workspace\SGCP\artifacts\dense_dynamic_cv_sensitivity_20260729\budget_rho5_mbps68\run.out
raw_mbps_budget=84,raw_mbps_budget,84,5,84,0.83,0.78,0.58,43.97,0.77,44.74,2.51,19.54,41,272,all-cluster-heads,inter_cluster_nms,dynamic_cv,potential_verified_cov_coalition_game,grid,10,40.0,60.0,attentive,budget_rho5_mbps84,docs\doc_workspace\SGCP\artifacts\dense_dynamic_cv_sensitivity_20260729\budget_rho5_mbps84\trace.csv,docs\doc_workspace\SGCP\artifacts\dense_dynamic_cv_sensitivity_20260729\budget_rho5_mbps84\run.out
