scenario_id,timestamp,receiver_id,receiver_policy,resource_allocation,upload_mode,grid_selection_mode,grid_score_mode,coverage_fallback,coverage_fallback_replacements,routing_hint_replacements,routing_hints_csv,clustering,cluster_count,selective_frame_deadline_ms,cluster_member_ids,source_cav_ids,uploaded_source_ids,selected_grid_counts_json,point_counts_json,communication_bytes,frame_comm_time_ms,num_channels,bandwidth_mhz,communication_deadline_ms,max_senders_per_receiver,channel_estimator,ns3_tb_size_bytes,ns3_slot_duration_ms,ns3_subchannel_prbs,ns3_symbols_per_slot,ns3_mcs,pcs_rounds_requested,pcs_rounds_accepted,pcs_round_comm_time_ms_json,pcs_round_comm_bytes_json,channel_allocation,missing_channel_sources,pred_boxes,gt_boxes,skipped
2026_07_15_01_26_56,000060,4,all-cluster-heads,cov_potential_game,grid,utility,utility,none,0,0,,cov_coalition_game,6,,4;8;12,4;12;8,12;8,"{""8"": 57, ""12"": 61}","{""4"": 4886, ""8"": 4838, ""12"": 4891}",155664,43.52391546162403,10,40.0,200.0,1,ns3,899,0.5,10,12,28,,,[],[],8>4:9;12>4:0,,31,40,
2026_07_15_01_26_56,000060,11,all-cluster-heads,cov_potential_game,grid,utility,utility,none,0,0,,cov_coalition_game,6,,1;2;10;11,11;10;2,10;2,"{""2"": 55, ""10"": 57}","{""2"": 4863, ""10"": 4953, ""11"": 4909}",157056,44.07563959955506,10,40.0,200.0,1,ns3,899,0.5,10,12,28,,,[],[],2>11:6;10>11:1,,27,45,
2026_07_15_01_26_56,000060,13,all-cluster-heads,cov_potential_game,grid,utility,utility,none,0,0,,cov_coalition_game,6,,9;13;14;19,13;14;9,14;9,"{""9"": 50, ""14"": 53}","{""9"": 4858, ""13"": 4793, ""14"": 5044}",158432,44.885428253615125,10,40.0,200.0,1,ns3,899,0.5,10,12,28,,,[],[],9>13:7;14>13:2,,8,26,
2026_07_15_01_26_56,000060,15,all-cluster-heads,cov_potential_game,grid,utility,utility,none,0,0,,cov_coalition_game,6,,6;15,15;6,6,"{""6"": 57}","{""6"": 4556, ""15"": 4740}",72896,40.54282536151279,10,40.0,200.0,1,ns3,899,0.5,10,12,28,,,[],[],6>15:3,,14,17,
2026_07_15_01_26_56,000060,16,all-cluster-heads,cov_potential_game,grid,utility,utility,none,0,0,,cov_coalition_game,6,,5;7;16;20,16;7;20,7;20,"{""7"": 56, ""20"": 54}","{""7"": 4908, ""16"": 4857, ""20"": 4909}",157072,43.68409343715239,10,40.0,200.0,1,ns3,899,0.5,10,12,28,,,[],[],7>16:4;20>16:8,,20,30,
2026_07_15_01_26_56,000060,17,all-cluster-heads,cov_potential_game,grid,utility,utility,none,0,0,,cov_coalition_game,6,,3;17;18,17;3,3,"{""3"": 60}","{""3"": 4977, ""17"": 4967}",79632,44.28921023359288,10,40.0,200.0,1,ns3,899,0.5,10,12,28,,,[],[],3>17:5,,11,16,
2026_07_15_01_26_56,000062,1,all-cluster-heads,cov_potential_game,grid,utility,utility,none,0,0,,cov_coalition_game,6,,1;2;8;11,1;2;11,2;11,"{""2"": 53, ""11"": 56}","{""1"": 4921, ""2"": 4862, ""11"": 4909}",156336,43.68409343715239,10,40.0,200.0,1,ns3,899,0.5,10,12,28,,,[],[],2>1:0;11>1:6,,28,40,
2026_07_15_01_26_56,000062,12,all-cluster-heads,cov_potential_game,grid,utility,utility,none,0,0,,cov_coalition_game,6,,4;12,12;4,4,"{""4"": 60}","{""4"": 4848, ""12"": 4894}",77568,43.1412680756396,10,40.0,200.0,1,ns3,899,0.5,10,12,28,,,[],[],4>12:1,,18,35,
2026_07_15_01_26_56,000062,15,all-cluster-heads,cov_potential_game,grid,utility,utility,none,0,0,,cov_coalition_game,6,,6;15,15;6,6,"{""6"": 57}","{""6"": 4561, ""15"": 4745}",72976,40.587319243604,10,40.0,200.0,1,ns3,899,0.5,10,12,28,,,[],[],6>15:2,,16,17,
2026_07_15_01_26_56,000062,16,all-cluster-heads,cov_potential_game,grid,utility,utility,none,0,0,,cov_coalition_game,6,,5;7;16;20,16;7;20,7;20,"{""7"": 57, ""20"": 54}","{""7"": 4906, ""16"": 4866, ""20"": 4908}",157024,43.67519466073415,10,40.0,200.0,1,ns3,899,0.5,10,12,28,,,[],[],7>16:3;20>16:8,,23,30,
2026_07_15_01_26_56,000062,17,all-cluster-heads,cov_potential_game,grid,utility,utility,none,0,0,,cov_coalition_game,6,,3;14;17;18,17;3;14,3;14,"{""3"": 61, ""14"": 54}","{""3"": 4976, ""14"": 5042, ""17"": 4985}",160288,44.86763070077864,10,40.0,200.0,1,ns3,899,0.5,10,12,28,,,[],[],3>17:4;14>17:9,,10,15,
2026_07_15_01_26_56,000062,19,all-cluster-heads,cov_potential_game,grid,utility,utility,none,0,0,,cov_coalition_game,6,,9;10;13;19,19;10;9,10;9,"{""9"": 50, ""10"": 56}","{""9"": 4859, ""10"": 4955, ""19"": 4823}",157024,44.093437152391544,10,40.0,200.0,1,ns3,899,0.5,10,12,28,,,[],[],9>19:7;10>19:5,,17,33,
2026_07_15_01_26_56,000064,1,all-cluster-heads,cov_potential_game,grid,utility,utility,none,0,0,,cov_coalition_game,6,,1;2;8;11,1;2;11,2;11,"{""2"": 55, ""11"": 57}","{""1"": 4921, ""2"": 4878, ""11"": 4912}",156640,43.71078976640712,10,40.0,200.0,1,ns3,899,0.5,10,12,28,,,[],[],2>1:0;11>1:6,,28,40,
2026_07_15_01_26_56,000064,12,all-cluster-heads,cov_potential_game,grid,utility,utility,none,0,0,,cov_coalition_game,6,,4;12,12;4,4,"{""4"": 60}","{""4"": 4872, ""12"": 4896}",77952,43.35483870967742,10,40.0,200.0,1,ns3,899,0.5,10,12,28,,,[],[],4>12:1,,16,35,
2026_07_15_01_26_56,000064,15,all-cluster-heads,cov_potential_game,grid,utility,utility,none,0,0,,cov_coalition_game,6,,6;15,15;6,6,"{""6"": 59}","{""6"": 4595, ""15"": 4750}",73520,40.88987764182425,10,40.0,200.0,1,ns3,899,0.5,10,12,28,,,[],[],6>15:2,,16,17,
2026_07_15_01_26_56,000064,16,all-cluster-heads,cov_potential_game,grid,utility,utility,none,0,0,,cov_coalition_game,6,,5;7;16;20,16;7;20,7;20,"{""7"": 58, ""20"": 53}","{""7"": 4911, ""16"": 4850, ""20"": 4908}",157104,43.701890989988875,10,40.0,200.0,1,ns3,899,0.5,10,12,28,,,[],[],7>16:3;20>16:8,,19,31,
2026_07_15_01_26_56,000064,17,all-cluster-heads,cov_potential_game,grid,utility,utility,none,0,0,,cov_coalition_game,6,,3;14;17;18,17;3;14,3;14,"{""3"": 61, ""14"": 55}","{""3"": 4976, ""14"": 5060, ""17"": 4966}",160576,45.027808676307004,10,40.0,200.0,1,ns3,899,0.5,10,12,28,,,[],[],3>17:4;14>17:9,,9,15,
2026_07_15_01_26_56,000064,19,all-cluster-heads,cov_potential_game,grid,utility,utility,none,0,0,,cov_coalition_game,6,,9;10;13;19,19;10;9,10;9,"{""9"": 51, ""10"": 57}","{""9"": 4856, ""10"": 4948, ""19"": 4819}",156864,44.03114571746384,10,40.0,200.0,1,ns3,899,0.5,10,12,28,,,[],[],9>19:7;10>19:5,,13,33,
2026_07_15_01_26_56,000066,1,all-cluster-heads,cov_potential_game,grid,utility,utility,none,0,0,,cov_coalition_game,6,,1;2;8;11,1;2;11,2;11,"{""2"": 56, ""11"": 58}","{""1"": 4922, ""2"": 4878, ""11"": 4913}",156656,43.71968854282536,10,40.0,200.0,1,ns3,899,0.5,10,12,28,,,[],[],2>1:0;11>1:6,,29,41,
2026_07_15_01_26_56,000066,12,all-cluster-heads,cov_potential_game,grid,utility,utility,none,0,0,,cov_coalition_game,6,,4;7;12,12;7;4,7;4,"{""4"": 61, ""7"": 59}","{""4"": 4866, ""7"": 4902, ""12"": 4884}",156288,43.62180200222469,10,40.0,200.0,1,ns3,899,0.5,10,12,28,,,[],[],4>12:8;7>12:1,,27,42,
2026_07_15_01_26_56,000066,15,all-cluster-heads,cov_potential_game,grid,utility,utility,none,0,0,,cov_coalition_game,6,,6;15,15;6,6,"{""6"": 58}","{""6"": 4590, ""15"": 4740}",73440,40.84538375973304,10,40.0,200.0,1,ns3,899,0.5,10,12,28,,,[],[],6>15:2,,14,17,
2026_07_15_01_26_56,000066,16,all-cluster-heads,cov_potential_game,grid,utility,utility,none,0,0,,cov_coalition_game,6,,5;16;20,16;20,20,"{""20"": 53}","{""16"": 4854, ""20"": 4909}",78544,43.68409343715239,10,40.0,200.0,1,ns3,899,0.5,10,12,28,,,[],[],20>16:3,,18,25,
2026_07_15_01_26_56,000066,17,all-cluster-heads,cov_potential_game,grid,utility,utility,none,0,0,,cov_coalition_game,6,,3;14;17;18,17;3;14,3;14,"{""3"": 64, ""14"": 57}","{""3"": 4982, ""14"": 5042, ""17"": 4984}",160384,44.86763070077864,10,40.0,200.0,1,ns3,899,0.5,10,12,28,,,[],[],3>17:4;14>17:9,,9,15,
2026_07_15_01_26_56,000066,19,all-cluster-heads,cov_potential_game,grid,utility,utility,none,0,0,,cov_coalition_game,6,,9;10;13;19,19;10;9,10;9,"{""9"": 52, ""10"": 56}","{""9"": 4856, ""10"": 4946, ""19"": 4818}",156832,44.01334816462736,10,40.0,200.0,1,ns3,899,0.5,10,12,28,,,[],[],9>19:7;10>19:5,,8,34,
2026_07_15_01_26_56,000068,1,all-cluster-heads,cov_potential_game,grid,utility,utility,none,0,0,,cov_coalition_game,6,,1;2;8;11,1;2;11,2;11,"{""2"": 57, ""11"": 58}","{""1"": 4924, ""2"": 4870, ""11"": 4911}",156496,43.701890989988875,10,40.0,200.0,1,ns3,899,0.5,10,12,28,,,[],[],2>1:0;11>1:6,,28,42,
2026_07_15_01_26_56,000068,4,all-cluster-heads,cov_potential_game,grid,utility,utility,none,0,0,,cov_coalition_game,6,,4;9;12,4;9;12,9;12,"{""9"": 52, ""12"": 57}","{""4"": 4848, ""9"": 4858, ""12"": 4882}",155840,43.44382647385984,10,40.0,200.0,1,ns3,899,0.5,10,12,28,,,[],[],9>4:1;12>4:8,,21,43,
2026_07_15_01_26_56,000068,13,all-cluster-heads,cov_potential_game,grid,utility,utility,none,0,0,,cov_coalition_game,6,,10;13;14;19,13;10;14,10;14,"{""10"": 58, ""14"": 58}","{""10"": 4934, ""13"": 4795, ""14"": 5028}",159392,44.743047830923246,10,40.0,200.0,1,ns3,899,0.5,10,12,28,,,[],[],10>13:2;14>13:9,,12,31,
2026_07_15_01_26_56,000068,15,all-cluster-heads,cov_potential_game,grid,utility,utility,none,0,0,,cov_coalition_game,6,,6;15,15;6,6,"{""6"": 60}","{""6"": 4599, ""15"": 4743}",73584,40.925472747497224,10,40.0,200.0,1,ns3,899,0.5,10,12,28,,,[],[],6>15:3,,16,16,
2026_07_15_01_26_56,000068,16,all-cluster-heads,cov_potential_game,grid,utility,utility,none,0,0,,cov_coalition_game,6,,5;7;16;20,16;7;20,7;20,"{""7"": 58, ""20"": 52}","{""7"": 4901, ""16"": 4887, ""20"": 4909}",156960,43.68409343715239,10,40.0,200.0,1,ns3,899,0.5,10,12,28,,,[],[],7>16:4;20>16:7,,22,29,
2026_07_15_01_26_56,000068,17,all-cluster-heads,cov_potential_game,grid,utility,utility,none,0,0,,cov_coalition_game,6,,3;17;18,17;3,3,"{""3"": 63}","{""3"": 4987, ""17"": 4976}",79792,44.37819799777531,10,40.0,200.0,1,ns3,899,0.5,10,12,28,,,[],[],3>17:5,,9,15,
2026_07_15_01_26_56,000070,1,all-cluster-heads,cov_potential_game,grid,utility,utility,none,0,0,,cov_coalition_game,6,,1;4;12,1;4;12,4;12,"{""4"": 58, ""12"": 59}","{""1"": 4925, ""4"": 4851, ""12"": 4888}",155824,43.4972191323693,10,40.0,200.0,1,ns3,899,0.5,10,12,28,,,[],[],4>1:0;12>1:8,,21,37,
2026_07_15_01_26_56,000070,11,all-cluster-heads,cov_potential_game,grid,utility,utility,none,0,0,,cov_coalition_game,6,,2;8;9;11,11;9;2,9;2,"{""2"": 57, ""9"": 52}","{""2"": 4882, ""9"": 4857, ""11"": 4909}",155824,43.44382647385984,10,40.0,200.0,1,ns3,899,0.5,10,12,28,,,[],[],2>11:6;9>11:1,,30,45,
2026_07_15_01_26_56,000070,13,all-cluster-heads,cov_potential_game,grid,utility,utility,none,0,0,,cov_coalition_game,6,,10;13;14;19,13;10;14,10;14,"{""10"": 56, ""14"": 56}","{""10"": 4949, ""13"": 4795, ""14"": 5031}",159680,44.76974416017798,10,40.0,200.0,1,ns3,899,0.5,10,12,28,,,[],[],10>13:2;14>13:9,,12,31,
2026_07_15_01_26_56,000070,15,all-cluster-heads,cov_potential_game,grid,utility,utility,none,0,0,,cov_coalition_game,6,,6;15,15;6,6,"{""6"": 60}","{""6"": 4608, ""15"": 4740}",73728,41.0055617352614,10,40.0,200.0,1,ns3,899,0.5,10,12,28,,,[],[],6>15:3,,16,16,
2026_07_15_01_26_56,000070,16,all-cluster-heads,cov_potential_game,grid,utility,utility,none,0,0,,cov_coalition_game,6,,5;7;16;20,16;7;20,7;20,"{""7"": 59, ""20"": 52}","{""7"": 4909, ""16"": 4856, ""20"": 4909}",157088,43.68409343715239,10,40.0,200.0,1,ns3,899,0.5,10,12,28,,,[],[],7>16:4;20>16:7,,21,29,
2026_07_15_01_26_56,000070,17,all-cluster-heads,cov_potential_game,grid,utility,utility,none,0,0,,cov_coalition_game,6,,3;17;18,17;3,3,"{""3"": 61}","{""3"": 4953, ""17"": 4972}",79248,44.07563959955506,10,40.0,200.0,1,ns3,899,0.5,10,12,28,,,[],[],3>17:5,,8,15,
2026_07_15_01_26_56,000072,1,all-cluster-heads,cov_potential_game,grid,utility,utility,none,0,0,,cov_coalition_game,6,,1;2;8;11,1;2;11,2;11,"{""2"": 57, ""11"": 57}","{""1"": 4928, ""2"": 4864, ""11"": 4908}",156352,43.67519466073415,10,40.0,200.0,1,ns3,899,0.5,10,12,28,,,[],[],2>1:0;11>1:6,,30,41,
2026_07_15_01_26_56,000072,4,all-cluster-heads,cov_potential_game,grid,utility,utility,none,0,0,,cov_coalition_game,6,,4;9;12,4;9;12,9;12,"{""9"": 52, ""12"": 58}","{""4"": 4868, ""9"": 4857, ""12"": 4892}",155984,43.53281423804227,10,40.0,200.0,1,ns3,899,0.5,10,12,28,,,[],[],9>4:1;12>4:8,,23,42,
2026_07_15_01_26_56,000072,13,all-cluster-heads,cov_potential_game,grid,utility,utility,none,0,0,,cov_coalition_game,6,,10;13;14;19,13;10;14,10;14,"{""10"": 57, ""14"": 61}","{""10"": 4930, ""13"": 4800, ""14"": 5044}",159584,44.885428253615125,10,40.0,200.0,1,ns3,899,0.5,10,12,28,,,[],[],10>13:2;14>13:9,,12,30,
2026_07_15_01_26_56,000072,15,all-cluster-heads,cov_potential_game,grid,utility,utility,none,0,0,,cov_coalition_game,6,,6;15,15;6,6,"{""6"": 56}","{""6"": 4599, ""15"": 4748}",73584,40.925472747497224,10,40.0,200.0,1,ns3,899,0.5,10,12,28,,,[],[],6>15:3,,16,18,
2026_07_15_01_26_56,000072,16,all-cluster-heads,cov_potential_game,grid,utility,utility,none,0,0,,cov_coalition_game,6,,5;7;16;20,16;7;20,7;20,"{""7"": 61, ""20"": 52}","{""7"": 4909, ""16"": 4868, ""20"": 4907}",157056,43.68409343715239,10,40.0,200.0,1,ns3,899,0.5,10,12,28,,,[],[],7>16:4;20>16:7,,20,28,
2026_07_15_01_26_56,000072,17,all-cluster-heads,cov_potential_game,grid,utility,utility,none,0,0,,cov_coalition_game,6,,3;17;18,17;3,3,"{""3"": 63}","{""3"": 4951, ""17"": 4977}",79216,44.05784204671858,10,40.0,200.0,1,ns3,899,0.5,10,12,28,,,[],[],3>17:5,,11,15,
2026_07_15_01_26_56,000074,1,all-cluster-heads,cov_potential_game,grid,utility,utility,none,0,0,,cov_coalition_game,6,,1;2;8;11,1;2;11,2;11,"{""2"": 54, ""11"": 57}","{""1"": 4931, ""2"": 4872, ""11"": 4906}",156448,43.657397107897665,10,40.0,200.0,1,ns3,899,0.5,10,12,28,,,[],[],2>1:0;11>1:6,,28,39,
2026_07_15_01_26_56,000074,12,all-cluster-heads,cov_potential_game,grid,utility,utility,none,0,0,,cov_coalition_game,6,,4;7;12,12;7;4,7;4,"{""4"": 60, ""7"": 63}","{""4"": 4850, ""7"": 4926, ""12"": 4881}",156416,43.83537263626251,10,40.0,200.0,1,ns3,899,0.5,10,12,28,,,[],[],4>12:8;7>12:1,,21,43,
2026_07_15_01_26_56,000074,13,all-cluster-heads,cov_potential_game,grid,utility,utility,none,0,0,,cov_coalition_game,6,,10;13;14;19,13;10;14,10;14,"{""10"": 58, ""14"": 61}","{""10"": 4948, ""13"": 4800, ""14"": 5017}",159440,44.645161290322584,10,40.0,200.0,1,ns3,899,0.5,10,12,28,,,[],[],10>13:2;14>13:9,,11,30,
2026_07_15_01_26_56,000074,15,all-cluster-heads,cov_potential_game,grid,utility,utility,none,0,0,,cov_coalition_game,6,,6;15,15;6,6,"{""6"": 55}","{""6"": 4599, ""15"": 4753}",73584,40.925472747497224,10,40.0,200.0,1,ns3,899,0.5,10,12,28,,,[],[],6>15:3,,16,18,
2026_07_15_01_26_56,000074,17,all-cluster-heads,cov_potential_game,grid,utility,utility,none,0,0,,cov_coalition_game,6,,3;17;18,17;3,3,"{""3"": 61}","{""3"": 4963, ""17"": 4954}",79408,44.16462736373749,10,40.0,200.0,1,ns3,899,0.5,10,12,28,,,[],[],3>17:4,,10,15,
2026_07_15_01_26_56,000074,20,all-cluster-heads,cov_potential_game,grid,utility,utility,none,0,0,,cov_coalition_game,6,,5;9;16;20,20;9;16,9;16,"{""9"": 52, ""16"": 54}","{""9"": 4857, ""16"": 4872, ""20"": 4907}",155664,43.35483870967742,10,40.0,200.0,1,ns3,899,0.5,10,12,28,,,[],[],9>20:5;16>20:7,,24,32,
2026_07_15_01_26_56,000076,1,all-cluster-heads,cov_potential_game,grid,utility,utility,none,0,0,,cov_coalition_game,6,,1;2;8;11,1;2;11,2;11,"{""2"": 54, ""11"": 57}","{""1"": 4934, ""2"": 4873, ""11"": 4905}",156448,43.64849833147942,10,40.0,200.0,1,ns3,899,0.5,10,12,28,,,[],[],2>1:0;11>1:6,,25,41,
2026_07_15_01_26_56,000076,4,all-cluster-heads,cov_potential_game,grid,utility,utility,none,0,0,,cov_coalition_game,6,,4;9;12,4;12;9,12;9,"{""9"": 53, ""12"": 56}","{""4"": 4853, ""9"": 4859, ""12"": 4903}",156192,43.63070077864294,10,40.0,200.0,1,ns3,899,0.5,10,12,28,,,[],[],9>4:8;12>4:1,,19,42,
2026_07_15_01_26_56,000076,13,all-cluster-heads,cov_potential_game,grid,utility,utility,none,0,0,,cov_coalition_game,6,,10;13;14;19,13;10;14,10;14,"{""10"": 59, ""14"": 61}","{""10"": 4943, ""13"": 4773, ""14"": 5022}",159440,44.689655172413794,10,40.0,200.0,1,ns3,899,0.5,10,12,28,,,[],[],10>13:2;14>13:9,,11,29,
2026_07_15_01_26_56,000076,15,all-cluster-heads,cov_potential_game,grid,utility,utility,none,0,0,,cov_coalition_game,6,,6;15,15;6,6,"{""6"": 57}","{""6"": 4624, ""15"": 4754}",73984,41.14794215795328,10,40.0,200.0,1,ns3,899,0.5,10,12,28,,,[],[],6>15:3,,17,18,
2026_07_15_01_26_56,000076,16,all-cluster-heads,cov_potential_game,grid,utility,utility,none,0,0,,cov_coalition_game,6,,5;7;16;20,16;7;20,7;20,"{""7"": 60, ""20"": 51}","{""7"": 4905, ""16"": 4885, ""20"": 4906}",156976,43.657397107897665,10,40.0,200.0,1,ns3,899,0.5,10,12,28,,,[],[],7>16:4;20>16:7,,20,28,
2026_07_15_01_26_56,000076,17,all-cluster-heads,cov_potential_game,grid,utility,utility,none,0,0,,cov_coalition_game,6,,3;17;18,17;3,3,"{""3"": 65}","{""3"": 4935, ""17"": 5003}",78960,43.9154616240267,10,40.0,200.0,1,ns3,899,0.5,10,12,28,,,[],[],3>17:5,,12,16,
2026_07_15_01_26_56,000078,1,all-cluster-heads,cov_potential_game,grid,utility,utility,none,0,0,,cov_coalition_game,6,,1;2;8;11,1;2;11,2;11,"{""2"": 53, ""11"": 57}","{""1"": 4934, ""2"": 4851, ""11"": 4907}",156128,43.66629588431591,10,40.0,200.0,1,ns3,899,0.5,10,12,28,,,[],[],2>1:0;11>1:6,,30,40,
2026_07_15_01_26_56,000078,4,all-cluster-heads,cov_potential_game,grid,utility,utility,none,0,0,,cov_coalition_game,6,,4;9;12,4;12;9,12;9,"{""9"": 53, ""12"": 56}","{""4"": 4858, ""9"": 4857, ""12"": 4895}",156032,43.559510567296996,10,40.0,200.0,1,ns3,899,0.5,10,12,28,,,[],[],9>4:8;12>4:1,,18,44,
2026_07_15_01_26_56,000078,13,all-cluster-heads,cov_potential_game,grid,utility,utility,none,0,0,,cov_coalition_game,6,,10;13;14;19,13;10;14,10;14,"{""10"": 55, ""14"": 63}","{""10"": 4935, ""13"": 4778, ""14"": 5015}",159200,44.6273637374861,10,40.0,200.0,1,ns3,899,0.5,10,12,28,,,[],[],10>13:2;14>13:9,,13,30,
2026_07_15_01_26_56,000078,15,all-cluster-heads,cov_potential_game,grid,utility,utility,none,0,0,,cov_coalition_game,6,,6;15,15;6,6,"{""6"": 55}","{""6"": 4635, ""15"": 4753}",74160,41.24582869855395,10,40.0,200.0,1,ns3,899,0.5,10,12,28,,,[],[],6>15:3,,18,19,
2026_07_15_01_26_56,000078,16,all-cluster-heads,cov_potential_game,grid,utility,utility,none,0,0,,cov_coalition_game,6,,5;7;16;20,16;7;20,7;20,"{""7"": 61, ""20"": 51}","{""7"": 4919, ""16"": 4880, ""20"": 4908}",157232,43.77308120133482,10,40.0,200.0,1,ns3,899,0.5,10,12,28,,,[],[],7>16:4;20>16:7,,20,27,
2026_07_15_01_26_56,000078,17,all-cluster-heads,cov_potential_game,grid,utility,utility,none,0,0,,cov_coalition_game,6,,3;17;18,17;3,3,"{""3"": 64}","{""3"": 4932, ""17"": 4995}",78912,43.888765294771964,10,40.0,200.0,1,ns3,899,0.5,10,12,28,,,[],[],3>17:5,,8,16,
2026_07_15_01_26_56,000080,1,all-cluster-heads,cov_potential_game,grid,utility,utility,none,0,0,,cov_coalition_game,6,,1;2;8;11,1;2;11,2;11,"{""2"": 53, ""11"": 57}","{""1"": 4933, ""2"": 4849, ""11"": 4908}",156112,43.67519466073415,10,40.0,200.0,1,ns3,899,0.5,10,12,28,,,[],[],2>1:0;11>1:6,,27,42,
2026_07_15_01_26_56,000080,4,all-cluster-heads,cov_potential_game,grid,utility,utility,none,0,0,,cov_coalition_game,6,,4;9;12,4;12;9,12;9,"{""9"": 53, ""12"": 59}","{""4"": 4847, ""9"": 4858, ""12"": 4905}",156208,43.64849833147942,10,40.0,200.0,1,ns3,899,0.5,10,12,28,,,[],[],9>4:9;12>4:1,,19,46,
2026_07_15_01_26_56,000080,13,all-cluster-heads,cov_potential_game,grid,utility,utility,none,0,0,,cov_coalition_game,6,,10;13;14;19,13;10;14,10;14,"{""10"": 58, ""14"": 64}","{""10"": 4924, ""13"": 4772, ""14"": 5031}",159280,44.76974416017798,10,40.0,200.0,1,ns3,899,0.5,10,12,28,,,[],[],10>13:2;14>13:8,,11,31,
2026_07_15_01_26_56,000080,15,all-cluster-heads,cov_potential_game,grid,utility,utility,none,0,0,,cov_coalition_game,6,,6;15,15;6,6,"{""6"": 57}","{""6"": 4637, ""15"": 4751}",74192,41.263626251390434,10,40.0,200.0,1,ns3,899,0.5,10,12,28,,,[],[],6>15:3,,17,18,
2026_07_15_01_26_56,000080,16,all-cluster-heads,cov_potential_game,grid,utility,utility,none,0,0,,cov_coalition_game,6,,5;7;16;20,16;7;20,7;20,"{""7"": 62, ""20"": 51}","{""7"": 4919, ""16"": 4897, ""20"": 4907}",157216,43.77308120133482,10,40.0,200.0,1,ns3,899,0.5,10,12,28,,,[],[],7>16:4;20>16:7,,23,28,
2026_07_15_01_26_56,000080,17,all-cluster-heads,cov_potential_game,grid,utility,utility,none,0,0,,cov_coalition_game,6,,3;17;18,17;3,3,"{""3"": 65}","{""3"": 4937, ""17"": 4990}",78992,43.93325917686318,10,40.0,200.0,1,ns3,899,0.5,10,12,28,,,[],[],3>17:5,,8,17,
2026_07_15_01_26_56,000082,1,all-cluster-heads,cov_potential_game,grid,utility,utility,none,0,0,,cov_coalition_game,6,,1;2;8;11,1;2;11,2;11,"{""2"": 55, ""11"": 57}","{""1"": 4932, ""2"": 4863, ""11"": 4909}",156352,43.68409343715239,10,40.0,200.0,1,ns3,899,0.5,10,12,28,,,[],[],2>1:0;11>1:8,,27,41,
2026_07_15_01_26_56,000082,12,all-cluster-heads,cov_potential_game,grid,utility,utility,none,0,0,,cov_coalition_game,6,,4;7;12,12;7;4,7;4,"{""4"": 58, ""7"": 61}","{""4"": 4841, ""7"": 4912, ""12"": 4915}",156048,43.71078976640712,10,40.0,200.0,1,ns3,899,0.5,10,12,28,,,[],[],4>12:9;7>12:1,,23,42,
2026_07_15_01_26_56,000082,13,all-cluster-heads,cov_potential_game,grid,utility,utility,none,0,0,,cov_coalition_game,6,,10;13;14;19,13;14;10,14;10,"{""10"": 59, ""14"": 61}","{""10"": 4925, ""13"": 4801, ""14"": 4993}",158688,44.43159065628476,10,40.0,200.0,1,ns3,899,0.5,10,12,28,,,[],[],10>13:6;14>13:2,,13,30,
2026_07_15_01_26_56,000082,15,all-cluster-heads,cov_potential_game,grid,utility,utility,none,0,0,,cov_coalition_game,6,,6;15,15;6,6,"{""6"": 57}","{""6"": 4653, ""15"": 4758}",74448,41.40600667408231,10,40.0,200.0,1,ns3,899,0.5,10,12,28,,,[],[],6>15:3,,17,18,
2026_07_15_01_26_56,000082,17,all-cluster-heads,cov_potential_game,grid,utility,utility,none,0,0,,cov_coalition_game,6,,3;16;17;18,17;16;3,16;3,"{""3"": 61, ""16"": 59}","{""3"": 4948, ""16"": 4908, ""17"": 4970}",157696,44.03114571746384,10,40.0,200.0,1,ns3,899,0.5,10,12,28,,,[],[],3>17:7;16>17:4,,13,26,
2026_07_15_01_26_56,000082,20,all-cluster-heads,cov_potential_game,grid,utility,utility,none,0,0,,cov_coalition_game,6,,5;9;20,20;9,9,"{""9"": 53}","{""9"": 4859, ""20"": 4906}",77744,43.23915461624027,10,40.0,200.0,1,ns3,899,0.5,10,12,28,,,[],[],9>20:5,,21,27,
2026_07_15_01_26_56,000084,1,all-cluster-heads,cov_potential_game,grid,utility,utility,none,0,0,,cov_coalition_game,6,,1;2;8;11,1;2;11,2;11,"{""2"": 56, ""11"": 57}","{""1"": 4932, ""2"": 4867, ""11"": 4909}",156416,43.68409343715239,10,40.0,200.0,1,ns3,899,0.5,10,12,28,,,[],[],2>1:0;11>1:7,,27,40,
2026_07_15_01_26_56,000084,12,all-cluster-heads,cov_potential_game,grid,utility,utility,none,0,0,,cov_coalition_game,6,,4;7;12,12;7;4,7;4,"{""4"": 58, ""7"": 63}","{""4"": 4841, ""7"": 4915, ""12"": 4926}",156096,43.73748609566184,10,40.0,200.0,1,ns3,899,0.5,10,12,28,,,[],[],4>12:8;7>12:1,,22,41,
2026_07_15_01_26_56,000084,13,all-cluster-heads,cov_potential_game,grid,utility,utility,none,0,0,,cov_coalition_game,6,,10;13;14;19,13;10;14,10;14,"{""10"": 55, ""14"": 59}","{""10"": 4914, ""13"": 4788, ""14"": 4994}",158528,44.440489432703004,10,40.0,200.0,1,ns3,899,0.5,10,12,28,,,[],[],10>13:2;14>13:9,,11,31,
2026_07_15_01_26_56,000084,15,all-cluster-heads,cov_potential_game,grid,utility,utility,none,0,0,,cov_coalition_game,6,,6;15,15;6,6,"{""6"": 58}","{""6"": 4670, ""15"": 4766}",74720,41.557285873192434,10,40.0,200.0,1,ns3,899,0.5,10,12,28,,,[],[],6>15:3,,16,18,
2026_07_15_01_26_56,000084,17,all-cluster-heads,cov_potential_game,grid,utility,utility,none,0,0,,cov_coalition_game,6,,3;16;17;18,17;16;3,16;3,"{""3"": 65, ""16"": 52}","{""3"": 4935, ""16"": 4906, ""17"": 4976}",157456,43.9154616240267,10,40.0,200.0,1,ns3,899,0.5,10,12,28,,,[],[],3>17:6;16>17:4,,15,26,
2026_07_15_01_26_56,000084,20,all-cluster-heads,cov_potential_game,grid,utility,utility,none,0,0,,cov_coalition_game,6,,5;9;20,20;9,9,"{""9"": 54}","{""9"": 4858, ""20"": 4904}",77728,43.23025583982203,10,40.0,200.0,1,ns3,899,0.5,10,12,28,,,[],[],9>20:5,,21,27,
2026_07_15_01_26_56,000086,1,all-cluster-heads,cov_potential_game,grid,utility,utility,none,0,0,,cov_coalition_game,6,,1;2;8;11,1;2;11,2;11,"{""2"": 58, ""11"": 56}","{""1"": 4932, ""2"": 4863, ""11"": 4910}",156368,43.69299221357063,10,40.0,200.0,1,ns3,899,0.5,10,12,28,,,[],[],2>1:0;11>1:7,,26,42,
2026_07_15_01_26_56,000086,12,all-cluster-heads,cov_potential_game,grid,utility,utility,none,0,0,,cov_coalition_game,6,,4;7;12,12;7;4,7;4,"{""4"": 60, ""7"": 63}","{""4"": 4844, ""7"": 4928, ""12"": 4938}",156352,43.853170189098996,10,40.0,200.0,1,ns3,899,0.5,10,12,28,,,[],[],4>12:8;7>12:1,,27,43,
2026_07_15_01_26_56,000086,13,all-cluster-heads,cov_potential_game,grid,utility,utility,none,0,0,,cov_coalition_game,6,,10;13;14;19,13;10;14,10;14,"{""10"": 53, ""14"": 60}","{""10"": 4926, ""13"": 4773, ""14"": 5015}",159056,44.6273637374861,10,40.0,200.0,1,ns3,899,0.5,10,12,28,,,[],[],10>13:2;14>13:9,,12,31,
2026_07_15_01_26_56,000086,15,all-cluster-heads,cov_potential_game,grid,utility,utility,none,0,0,,cov_coalition_game,6,,6;15,15;6,6,"{""6"": 56}","{""6"": 4676, ""15"": 4762}",74816,41.610678531701886,10,40.0,200.0,1,ns3,899,0.5,10,12,28,,,[],[],6>15:3,,18,19,
2026_07_15_01_26_56,000086,17,all-cluster-heads,cov_potential_game,grid,utility,utility,none,0,0,,cov_coalition_game,6,,3;16;17;18,17;16;3,16;3,"{""3"": 63, ""16"": 54}","{""3"": 4939, ""16"": 4917, ""17"": 4971}",157696,43.951056729699665,10,40.0,200.0,1,ns3,899,0.5,10,12,28,,,[],[],3>17:6;16>17:4,,14,25,
2026_07_15_01_26_56,000086,20,all-cluster-heads,cov_potential_game,grid,utility,utility,none,0,0,,cov_coalition_game,6,,5;9;20,20;9,9,"{""9"": 53}","{""9"": 4858, ""20"": 4905}",77728,43.23025583982203,10,40.0,200.0,1,ns3,899,0.5,10,12,28,,,[],[],9>20:5,,20,27,
2026_07_15_01_26_56,000088,1,all-cluster-heads,cov_potential_game,grid,utility,utility,none,0,0,,cov_coalition_game,6,,1;2;8;11,1;2;11,2;11,"{""2"": 57, ""11"": 58}","{""1"": 4930, ""2"": 4862, ""11"": 4912}",156384,43.71078976640712,10,40.0,200.0,1,ns3,899,0.5,10,12,28,,,[],[],2>1:0;11>1:8,,27,42,
2026_07_15_01_26_56,000088,12,all-cluster-heads,cov_potential_game,grid,utility,utility,none,0,0,,cov_coalition_game,6,,4;7;12,12;7;4,7;4,"{""4"": 58, ""7"": 64}","{""4"": 4844, ""7"": 4929, ""12"": 4937}",156368,43.86206896551724,10,40.0,200.0,1,ns3,899,0.5,10,12,28,,,[],[],4>12:9;7>12:1,,26,43,
2026_07_15_01_26_56,000088,13,all-cluster-heads,cov_potential_game,grid,utility,utility,none,0,0,,cov_coalition_game,6,,10;13;14;19,13;14;10,14;10,"{""10"": 54, ""14"": 60}","{""10"": 4929, ""13"": 4764, ""14"": 4998}",158832,44.47608453837597,10,40.0,200.0,1,ns3,899,0.5,10,12,28,,,[],[],10>13:6;14>13:2,,14,30,
2026_07_15_01_26_56,000088,15,all-cluster-heads,cov_potential_game,grid,utility,utility,none,0,0,,cov_coalition_game,6,,6;15,15;6,6,"{""6"": 57}","{""6"": 4643, ""15"": 4772}",74288,41.317018909899886,10,40.0,200.0,1,ns3,899,0.5,10,12,28,,,[],[],6>15:3,,17,19,
2026_07_15_01_26_56,000088,17,all-cluster-heads,cov_potential_game,grid,utility,utility,none,0,0,,cov_coalition_game,6,,3;16;17;18,17;16;3,16;3,"{""3"": 64, ""16"": 57}","{""3"": 4952, ""16"": 4929, ""17"": 4985}",158096,44.06674082313682,10,40.0,200.0,1,ns3,899,0.5,10,12,28,,,[],[],3>17:7;16>17:4,,16,25,
2026_07_15_01_26_56,000088,20,all-cluster-heads,cov_potential_game,grid,utility,utility,none,0,0,,cov_coalition_game,6,,5;9;20,20;9,9,"{""9"": 52}","{""9"": 4856, ""20"": 4903}",77696,43.212458286985544,10,40.0,200.0,1,ns3,899,0.5,10,12,28,,,[],[],9>20:5,,21,28,
2026_07_15_01_26_56,000090,1,all-cluster-heads,cov_potential_game,grid,utility,utility,none,0,0,,cov_coalition_game,6,,1;2;8;11,1;2;11,2;11,"{""2"": 57, ""11"": 58}","{""1"": 4930, ""2"": 4862, ""11"": 4910}",156352,43.69299221357063,10,40.0,200.0,1,ns3,899,0.5,10,12,28,,,[],[],2>1:0;11>1:8,,26,42,
2026_07_15_01_26_56,000090,12,all-cluster-heads,cov_potential_game,grid,utility,utility,none,0,0,,cov_coalition_game,6,,4;7;12,12;7;4,7;4,"{""4"": 58, ""7"": 63}","{""4"": 4843, ""7"": 4928, ""12"": 4954}",156336,43.853170189098996,10,40.0,200.0,1,ns3,899,0.5,10,12,28,,,[],[],4>12:9;7>12:1,,22,42,
2026_07_15_01_26_56,000090,13,all-cluster-heads,cov_potential_game,grid,utility,utility,none,0,0,,cov_coalition_game,6,,10;13;14;19,13;14;10,14;10,"{""10"": 56, ""14"": 62}","{""10"": 4929, ""13"": 4769, ""14"": 4961}",158240,44.146829810901,10,40.0,200.0,1,ns3,899,0.5,10,12,28,,,[],[],10>13:7;14>13:2,,15,31,
2026_07_15_01_26_56,000090,15,all-cluster-heads,cov_potential_game,grid,utility,utility,none,0,0,,cov_coalition_game,6,,6;15,15;6,6,"{""6"": 58}","{""6"": 4653, ""15"": 4768}",74448,41.40600667408231,10,40.0,200.0,1,ns3,899,0.5,10,12,28,,,[],[],6>15:3,,17,19,
2026_07_15_01_26_56,000090,17,all-cluster-heads,cov_potential_game,grid,utility,utility,none,0,0,,cov_coalition_game,6,,3;16;17;18,17;16;3,16;3,"{""3"": 66, ""16"": 59}","{""3"": 4955, ""16"": 4936, ""17"": 5007}",158256,44.093437152391544,10,40.0,200.0,1,ns3,899,0.5,10,12,28,,,[],[],3>17:6;16>17:4,,16,25,
2026_07_15_01_26_56,000090,20,all-cluster-heads,cov_potential_game,grid,utility,utility,none,0,0,,cov_coalition_game,6,,5;9;20,20;9,9,"{""9"": 52}","{""9"": 4855, ""20"": 4905}",77680,43.2035595105673,10,40.0,200.0,1,ns3,899,0.5,10,12,28,,,[],[],9>20:5,,22,28,
2026_07_15_01_26_56,000092,1,all-cluster-heads,cov_potential_game,grid,utility,utility,none,0,0,,cov_coalition_game,6,,1;2;8;11,1;2;11,2;11,"{""2"": 58, ""11"": 57}","{""1"": 4928, ""2"": 4860, ""11"": 4908}",156288,43.67519466073415,10,40.0,200.0,1,ns3,899,0.5,10,12,28,,,[],[],2>1:0;11>1:8,,26,41,
2026_07_15_01_26_56,000092,12,all-cluster-heads,cov_potential_game,grid,utility,utility,none,0,0,,cov_coalition_game,6,,4;7;12,12;7;4,7;4,"{""4"": 59, ""7"": 62}","{""4"": 4846, ""7"": 4924, ""12"": 4963}",156320,43.81757508342603,10,40.0,200.0,1,ns3,899,0.5,10,12,28,,,[],[],4>12:9;7>12:1,,25,42,
2026_07_15_01_26_56,000092,13,all-cluster-heads,cov_potential_game,grid,utility,utility,none,0,0,,cov_coalition_game,6,,10;13;14;19,13;14;10,14;10,"{""10"": 56, ""14"": 62}","{""10"": 4929, ""13"": 4781, ""14"": 4963}",158272,44.16462736373749,10,40.0,200.0,1,ns3,899,0.5,10,12,28,,,[],[],10>13:7;14>13:2,,16,31,
2026_07_15_01_26_56,000092,15,all-cluster-heads,cov_potential_game,grid,utility,utility,none,0,0,,cov_coalition_game,6,,6;15,15;6,6,"{""6"": 57}","{""6"": 4665, ""15"": 4770}",74640,41.512791991101224,10,40.0,200.0,1,ns3,899,0.5,10,12,28,,,[],[],6>15:3,,17,19,
2026_07_15_01_26_56,000092,17,all-cluster-heads,cov_potential_game,grid,utility,utility,none,0,0,,cov_coalition_game,6,,3;16;17;18,17;16;3,16;3,"{""3"": 66, ""16"": 60}","{""3"": 4961, ""16"": 4936, ""17"": 5000}",158352,44.146829810901,10,40.0,200.0,1,ns3,899,0.5,10,12,28,,,[],[],3>17:6;16>17:4,,14,24,
2026_07_15_01_26_56,000092,20,all-cluster-heads,cov_potential_game,grid,utility,utility,none,0,0,,cov_coalition_game,6,,5;9;20,20;9,9,"{""9"": 52}","{""9"": 4855, ""20"": 4905}",77680,43.2035595105673,10,40.0,200.0,1,ns3,899,0.5,10,12,28,,,[],[],9>20:5,,23,28,
2026_07_15_01_26_56,000094,1,all-cluster-heads,cov_potential_game,grid,utility,utility,none,0,0,,cov_coalition_game,6,,1;2;8;11,1;2;11,2;11,"{""2"": 57, ""11"": 57}","{""1"": 4929, ""2"": 4864, ""11"": 4907}",156336,43.66629588431591,10,40.0,200.0,1,ns3,899,0.5,10,12,28,,,[],[],2>1:0;11>1:7,,27,39,
2026_07_15_01_26_56,000094,12,all-cluster-heads,cov_potential_game,grid,utility,utility,none,0,0,,cov_coalition_game,6,,4;7;12,12;7;4,7;4,"{""4"": 59, ""7"": 61}","{""4"": 4848, ""7"": 4922, ""12"": 4976}",156320,43.799777530589544,10,40.0,200.0,1,ns3,899,0.5,10,12,28,,,[],[],4>12:8;7>12:1,,23,43,
2026_07_15_01_26_56,000094,13,all-cluster-heads,cov_potential_game,grid,utility,utility,none,0,0,,cov_coalition_game,6,,10;13;14;19,13;10;14,10;14,"{""10"": 56, ""14"": 62}","{""10"": 4929, ""13"": 4805, ""14"": 4947}",158016,44.0222469410456,10,40.0,200.0,1,ns3,899,0.5,10,12,28,,,[],[],10>13:2;14>13:9,,17,31,
2026_07_15_01_26_56,000094,15,all-cluster-heads,cov_potential_game,grid,utility,utility,none,0,0,,cov_coalition_game,6,,6;15,15;6,6,"{""6"": 59}","{""6"": 4670, ""15"": 4772}",74720,41.557285873192434,10,40.0,200.0,1,ns3,899,0.5,10,12,28,,,[],[],6>15:3,,17,20,
2026_07_15_01_26_56,000094,17,all-cluster-heads,cov_potential_game,grid,utility,utility,none,0,0,,cov_coalition_game,6,,3;16;17;18,17;16;3,16;3,"{""3"": 68, ""16"": 57}","{""3"": 4964, ""16"": 4936, ""17"": 4995}",158400,44.17352614015573,10,40.0,200.0,1,ns3,899,0.5,10,12,28,,,[],[],3>17:6;16>17:4,,14,24,
2026_07_15_01_26_56,000094,20,all-cluster-heads,cov_potential_game,grid,utility,utility,none,0,0,,cov_coalition_game,6,,5;9;20,20;9,9,"{""9"": 52}","{""9"": 4854, ""20"": 4905}",77664,43.19466073414905,10,40.0,200.0,1,ns3,899,0.5,10,12,28,,,[],[],9>20:5,,22,28,
2026_07_15_01_26_56,000096,1,all-cluster-heads,cov_potential_game,grid,utility,utility,none,0,0,,cov_coalition_game,6,,1;2;8;11,1;2;11,2;11,"{""2"": 57, ""11"": 57}","{""1"": 4928, ""2"": 4866, ""11"": 4909}",156400,43.68409343715239,10,40.0,200.0,1,ns3,899,0.5,10,12,28,,,[],[],2>1:0;11>1:7,,27,39,
2026_07_15_01_26_56,000096,12,all-cluster-heads,cov_potential_game,grid,utility,utility,none,0,0,,cov_coalition_game,6,,4;7;12,12;7;4,7;4,"{""4"": 59, ""7"": 62}","{""4"": 4848, ""7"": 4921, ""12"": 4975}",156304,43.7908787541713,10,40.0,200.0,1,ns3,899,0.5,10,12,28,,,[],[],4>12:8;7>12:1,,24,39,
2026_07_15_01_26_56,000096,13,all-cluster-heads,cov_potential_game,grid,utility,utility,none,0,0,,cov_coalition_game,6,,10;13;14;19,13;10;14,10;14,"{""10"": 55, ""14"": 63}","{""10"": 4930, ""13"": 4751, ""14"": 4923}",157648,43.87096774193548,10,40.0,200.0,1,ns3,899,0.5,10,12,28,,,[],[],10>13:2;14>13:9,,16,30,
2026_07_15_01_26_56,000096,15,all-cluster-heads,cov_potential_game,grid,utility,utility,none,0,0,,cov_coalition_game,6,,6;15,15;6,6,"{""6"": 59}","{""6"": 4667, ""15"": 4777}",74672,41.53058954393771,10,40.0,200.0,1,ns3,899,0.5,10,12,28,,,[],[],6>15:3,,19,19,
2026_07_15_01_26_56,000096,17,all-cluster-heads,cov_potential_game,grid,utility,utility,none,0,0,,cov_coalition_game,6,,3;16;17;18,17;16;3,16;3,"{""3"": 66, ""16"": 58}","{""3"": 4970, ""16"": 4944, ""17"": 4995}",158624,44.22691879866519,10,40.0,200.0,1,ns3,899,0.5,10,12,28,,,[],[],3>17:6;16>17:4,,15,24,
2026_07_15_01_26_56,000096,20,all-cluster-heads,cov_potential_game,grid,utility,utility,none,0,0,,cov_coalition_game,6,,5;9;20,20;9,9,"{""9"": 52}","{""9"": 4853, ""20"": 4902}",77648,43.18576195773081,10,40.0,200.0,1,ns3,899,0.5,10,12,28,,,[],[],9>20:5,,23,28,
2026_07_15_01_26_56,000098,1,all-cluster-heads,cov_potential_game,grid,utility,utility,none,0,0,,cov_coalition_game,6,,1;2;8;11,1;2;11,2;11,"{""2"": 56, ""11"": 57}","{""1"": 4927, ""2"": 4855, ""11"": 4908}",156208,43.67519466073415,10,40.0,200.0,1,ns3,899,0.5,10,12,28,,,[],[],2>1:0;11>1:7,,28,38,
2026_07_15_01_26_56,000098,12,all-cluster-heads,cov_potential_game,grid,utility,utility,none,0,0,,cov_coalition_game,6,,4;7;12,12;7;4,7;4,"{""4"": 59, ""7"": 62}","{""4"": 4850, ""7"": 4921, ""12"": 4968}",156336,43.7908787541713,10,40.0,200.0,1,ns3,899,0.5,10,12,28,,,[],[],4>12:8;7>12:1,,23,38,
2026_07_15_01_26_56,000098,13,all-cluster-heads,cov_potential_game,grid,utility,utility,none,0,0,,cov_coalition_game,6,,10;13;14;19,13;10;14,10;14,"{""10"": 55, ""14"": 58}","{""10"": 4930, ""13"": 4779, ""14"": 4872}",156832,43.87096774193548,10,40.0,200.0,1,ns3,899,0.5,10,12,28,,,[],[],10>13:2;14>13:9,,15,29,
2026_07_15_01_26_56,000098,15,all-cluster-heads,cov_potential_game,grid,utility,utility,none,0,0,,cov_coalition_game,6,,6;15,15;6,6,"{""6"": 60}","{""6"": 4670, ""15"": 4783}",74720,41.557285873192434,10,40.0,200.0,1,ns3,899,0.5,10,12,28,,,[],[],6>15:3,,17,19,
2026_07_15_01_26_56,000098,17,all-cluster-heads,cov_potential_game,grid,utility,utility,none,0,0,,cov_coalition_game,6,,3;16;17;18,17;16;3,16;3,"{""3"": 67, ""16"": 61}","{""3"": 4974, ""16"": 4950, ""17"": 4986}",158784,44.26251390433816,10,40.0,200.0,1,ns3,899,0.5,10,12,28,,,[],[],3>17:6;16>17:4,,16,24,
2026_07_15_01_26_56,000098,20,all-cluster-heads,cov_potential_game,grid,utility,utility,none,0,0,,cov_coalition_game,6,,5;9;20,20;9,9,"{""9"": 52}","{""9"": 4853, ""20"": 4903}",77648,43.18576195773081,10,40.0,200.0,1,ns3,899,0.5,10,12,28,,,[],[],9>20:5,,23,28,
2026_07_15_01_26_56,000100,1,all-cluster-heads,cov_potential_game,grid,utility,utility,none,0,0,,cov_coalition_game,6,,1;2;8;11,1;2;11,2;11,"{""2"": 55, ""11"": 57}","{""1"": 4928, ""2"": 4859, ""11"": 4909}",156288,43.68409343715239,10,40.0,200.0,1,ns3,899,0.5,10,12,28,,,[],[],2>1:0;11>1:7,,27,38,
2026_07_15_01_26_56,000100,12,all-cluster-heads,cov_potential_game,grid,utility,utility,none,0,0,,cov_coalition_game,6,,4;7;12,12;7;4,7;4,"{""4"": 59, ""7"": 62}","{""4"": 4850, ""7"": 4921, ""12"": 4970}",156336,43.7908787541713,10,40.0,200.0,1,ns3,899,0.5,10,12,28,,,[],[],4>12:8;7>12:1,,22,38,
2026_07_15_01_26_56,000100,13,all-cluster-heads,cov_potential_game,grid,utility,utility,none,0,0,,cov_coalition_game,6,,10;13;14;19,13;10;14,10;14,"{""10"": 54, ""14"": 57}","{""10"": 4928, ""13"": 4758, ""14"": 4874}",156832,43.853170189098996,10,40.0,200.0,1,ns3,899,0.5,10,12,28,,,[],[],10>13:2;14>13:9,,15,29,
2026_07_15_01_26_56,000100,15,all-cluster-heads,cov_potential_game,grid,utility,utility,none,0,0,,cov_coalition_game,6,,6;15,15;6,6,"{""6"": 58}","{""6"": 4673, ""15"": 4775}",74768,41.58398220244716,10,40.0,200.0,1,ns3,899,0.5,10,12,28,,,[],[],6>15:3,,19,20,
2026_07_15_01_26_56,000100,17,all-cluster-heads,cov_potential_game,grid,utility,utility,none,0,0,,cov_coalition_game,6,,3;16;17;18,17;16;3,16;3,"{""3"": 66, ""16"": 58}","{""3"": 4983, ""16"": 4946, ""17"": 4995}",158864,44.34260289210234,10,40.0,200.0,1,ns3,899,0.5,10,12,28,,,[],[],3>17:6;16>17:4,,13,24,
2026_07_15_01_26_56,000100,20,all-cluster-heads,cov_potential_game,grid,utility,utility,none,0,0,,cov_coalition_game,6,,5;9;20,20;9,9,"{""9"": 52}","{""9"": 4851, ""20"": 4903}",77616,43.16796440489433,10,40.0,200.0,1,ns3,899,0.5,10,12,28,,,[],[],9>20:5,,23,25,
2026_07_15_01_26_56,000102,1,all-cluster-heads,cov_potential_game,grid,utility,utility,none,0,0,,cov_coalition_game,6,,1;2;8;11,1;2;11,2;11,"{""2"": 56, ""11"": 57}","{""1"": 4929, ""2"": 4850, ""11"": 4907}",156112,43.66629588431591,10,40.0,200.0,1,ns3,899,0.5,10,12,28,,,[],[],2>1:0;11>1:7,,25,38,
2026_07_15_01_26_56,000102,12,all-cluster-heads,cov_potential_game,grid,utility,utility,none,0,0,,cov_coalition_game,6,,4;7;12,12;7;4,7;4,"{""4"": 59, ""7"": 62}","{""4"": 4850, ""7"": 4920, ""12"": 4965}",156320,43.78197997775306,10,40.0,200.0,1,ns3,899,0.5,10,12,28,,,[],[],4>12:8;7>12:1,,22,38,
2026_07_15_01_26_56,000102,13,all-cluster-heads,cov_potential_game,grid,utility,utility,none,0,0,,cov_coalition_game,6,,10;13;14;19,13;10;14,10;14,"{""10"": 54, ""14"": 57}","{""10"": 4929, ""13"": 4787, ""14"": 4826}",156080,43.86206896551724,10,40.0,200.0,1,ns3,899,0.5,10,12,28,,,[],[],10>13:2;14>13:9,,14,29,
2026_07_15_01_26_56,000102,15,all-cluster-heads,cov_potential_game,grid,utility,utility,none,0,0,,cov_coalition_game,6,,6;15,15;6,6,"{""6"": 63}","{""6"": 4681, ""15"": 4798}",74896,41.6551724137931,10,40.0,200.0,1,ns3,899,0.5,10,12,28,,,[],[],6>15:3,,21,22,
2026_07_15_01_26_56,000102,17,all-cluster-heads,cov_potential_game,grid,utility,utility,none,0,0,,cov_coalition_game,6,,3;16;17;18,17;16;3,16;3,"{""3"": 68, ""16"": 62}","{""3"": 5003, ""16"": 4975, ""17"": 4990}",159648,44.52057842046719,10,40.0,200.0,1,ns3,899,0.5,10,12,28,,,[],[],3>17:6;16>17:4,,15,23,
2026_07_15_01_26_56,000102,20,all-cluster-heads,cov_potential_game,grid,utility,utility,none,0,0,,cov_coalition_game,6,,5;9;20,20;9,9,"{""9"": 52}","{""9"": 4851, ""20"": 4902}",77616,43.16796440489433,10,40.0,200.0,1,ns3,899,0.5,10,12,28,,,[],[],9>20:5,,20,25,
2026_07_15_01_26_56,000104,1,all-cluster-heads,cov_potential_game,grid,utility,utility,none,0,0,,cov_coalition_game,6,,1;2;8;11,1;2;11,2;11,"{""2"": 55, ""11"": 57}","{""1"": 4929, ""2"": 4849, ""11"": 4907}",156096,43.66629588431591,10,40.0,200.0,1,ns3,899,0.5,10,12,28,,,[],[],2>1:0;11>1:7,,24,38,
2026_07_15_01_26_56,000104,12,all-cluster-heads,cov_potential_game,grid,utility,utility,none,0,0,,cov_coalition_game,6,,4;7;12,12;7;4,7;4,"{""4"": 59, ""7"": 62}","{""4"": 4850, ""7"": 4920, ""12"": 4988}",156320,43.78197997775306,10,40.0,200.0,1,ns3,899,0.5,10,12,28,,,[],[],4>12:8;7>12:1,,21,38,
2026_07_15_01_26_56,000104,13,all-cluster-heads,cov_potential_game,grid,utility,utility,none,0,0,,cov_coalition_game,6,,10;13;14;19,13;10;14,10;14,"{""10"": 56, ""14"": 61}","{""10"": 4930, ""13"": 4747, ""14"": 4840}",156320,43.87096774193548,10,40.0,200.0,1,ns3,899,0.5,10,12,28,,,[],[],10>13:2;14>13:9,,14,29,
2026_07_15_01_26_56,000104,15,all-cluster-heads,cov_potential_game,grid,utility,utility,none,0,0,,cov_coalition_game,6,,6;15,15;6,6,"{""6"": 63}","{""6"": 4701, ""15"": 4777}",75216,41.83314794215795,10,40.0,200.0,1,ns3,899,0.5,10,12,28,,,[],[],6>15:3,,20,23,
2026_07_15_01_26_56,000104,17,all-cluster-heads,cov_potential_game,grid,utility,utility,none,0,0,,cov_coalition_game,6,,3;16;17;18,17;16;3,16;3,"{""3"": 68, ""16"": 60}","{""3"": 4979, ""16"": 4958, ""17"": 4979}",158992,44.30700778642937,10,40.0,200.0,1,ns3,899,0.5,10,12,28,,,[],[],3>17:6;16>17:4,,16,22,
2026_07_15_01_26_56,000104,20,all-cluster-heads,cov_potential_game,grid,utility,utility,none,0,0,,cov_coalition_game,6,,5;9;20,20;9,9,"{""9"": 52}","{""9"": 4851, ""20"": 4900}",77616,43.16796440489433,10,40.0,200.0,1,ns3,899,0.5,10,12,28,,,[],[],9>20:5,,20,25,
2026_07_15_01_26_56,000106,1,all-cluster-heads,cov_potential_game,grid,utility,utility,none,0,0,,cov_coalition_game,6,,1;2;8;11,1;2;11,2;11,"{""2"": 55, ""11"": 57}","{""1"": 4928, ""2"": 4856, ""11"": 4908}",156224,43.67519466073415,10,40.0,200.0,1,ns3,899,0.5,10,12,28,,,[],[],2>1:0;11>1:7,,27,38,
2026_07_15_01_26_56,000106,12,all-cluster-heads,cov_potential_game,grid,utility,utility,none,0,0,,cov_coalition_game,6,,4;7;12,12;4;7,4;7,"{""4"": 59, ""7"": 62}","{""4"": 4852, ""7"": 4920, ""12"": 4987}",156352,43.78197997775306,10,40.0,200.0,1,ns3,899,0.5,10,12,28,,,[],[],4>12:1;7>12:9,,21,38,
2026_07_15_01_26_56,000106,13,all-cluster-heads,cov_potential_game,grid,utility,utility,none,0,0,,cov_coalition_game,6,,10;13;14;19,13;10;14,10;14,"{""10"": 56, ""14"": 57}","{""10"": 4930, ""13"": 4753, ""14"": 4815}",155920,43.87096774193548,10,40.0,200.0,1,ns3,899,0.5,10,12,28,,,[],[],10>13:2;14>13:8,,16,29,
2026_07_15_01_26_56,000106,15,all-cluster-heads,cov_potential_game,grid,utility,utility,none,0,0,,cov_coalition_game,6,,6;15,15;6,6,"{""6"": 64}","{""6"": 4708, ""15"": 4779}",75328,41.89543937708565,10,40.0,200.0,1,ns3,899,0.5,10,12,28,,,[],[],6>15:3,,17,23,
2026_07_15_01_26_56,000106,17,all-cluster-heads,cov_potential_game,grid,utility,utility,none,0,0,,cov_coalition_game,6,,3;16;17;18,17;16;3,16;3,"{""3"": 66, ""16"": 61}","{""3"": 4995, ""16"": 4954, ""17"": 4994}",159184,44.449388209121246,10,40.0,200.0,1,ns3,899,0.5,10,12,28,,,[],[],3>17:6;16>17:4,,16,21,
2026_07_15_01_26_56,000106,20,all-cluster-heads,cov_potential_game,grid,utility,utility,none,0,0,,cov_coalition_game,6,,5;9;20,20;9,9,"{""9"": 53}","{""9"": 4852, ""20"": 4900}",77632,43.17686318131257,10,40.0,200.0,1,ns3,899,0.5,10,12,28,,,[],[],9>20:5,,19,25,
2026_07_15_01_26_56,000108,1,all-cluster-heads,cov_potential_game,grid,utility,utility,none,0,0,,cov_coalition_game,6,,1;2;8;11,1;2;11,2;11,"{""2"": 55, ""11"": 57}","{""1"": 4928, ""2"": 4859, ""11"": 4911}",156320,43.701890989988875,10,40.0,200.0,1,ns3,899,0.5,10,12,28,,,[],[],2>1:0;11>1:7,,24,39,
2026_07_15_01_26_56,000108,12,all-cluster-heads,cov_potential_game,grid,utility,utility,none,0,0,,cov_coalition_game,6,,4;7;12,12;7;4,7;4,"{""4"": 59, ""7"": 62}","{""4"": 4850, ""7"": 4919, ""12"": 4997}",156304,43.77308120133482,10,40.0,200.0,1,ns3,899,0.5,10,12,28,,,[],[],4>12:8;7>12:1,,23,39,
2026_07_15_01_26_56,000108,13,all-cluster-heads,cov_potential_game,grid,utility,utility,none,0,0,,cov_coalition_game,6,,10;13;14;19,13;10;14,10;14,"{""10"": 57, ""14"": 58}","{""10"": 4928, ""13"": 4757, ""14"": 4804}",155712,43.853170189098996,10,40.0,200.0,1,ns3,899,0.5,10,12,28,,,[],[],10>13:2;14>13:9,,14,29,
2026_07_15_01_26_56,000108,15,all-cluster-heads,cov_potential_game,grid,utility,utility,none,0,0,,cov_coalition_game,6,,6;15,15;6,6,"{""6"": 64}","{""6"": 4713, ""15"": 4792}",75408,41.93993325917687,10,40.0,200.0,1,ns3,899,0.5,10,12,28,,,[],[],6>15:3,,20,24,
2026_07_15_01_26_56,000108,17,all-cluster-heads,cov_potential_game,grid,utility,utility,none,0,0,,cov_coalition_game,6,,3;16;17;18,17;16;3,16;3,"{""3"": 67, ""16"": 65}","{""3"": 4982, ""16"": 4980, ""17"": 4998}",159392,44.33370411568409,10,40.0,200.0,1,ns3,899,0.5,10,12,28,,,[],[],3>17:6;16>17:4,,14,21,
2026_07_15_01_26_56,000108,20,all-cluster-heads,cov_potential_game,grid,utility,utility,none,0,0,,cov_coalition_game,6,,5;9;20,20;9,9,"{""9"": 53}","{""9"": 4853, ""20"": 4899}",77648,43.18576195773081,10,40.0,200.0,1,ns3,899,0.5,10,12,28,,,[],[],9>20:5,,17,25,
2026_07_15_01_26_56,000110,1,all-cluster-heads,cov_potential_game,grid,utility,utility,none,0,0,,cov_coalition_game,6,,1;2;8;11,1;2;11,2;11,"{""2"": 55, ""11"": 57}","{""1"": 4928, ""2"": 4860, ""11"": 4911}",156336,43.701890989988875,10,40.0,200.0,1,ns3,899,0.5,10,12,28,,,[],[],2>1:0;11>1:7,,25,40,
2026_07_15_01_26_56,000110,12,all-cluster-heads,cov_potential_game,grid,utility,utility,none,0,0,,cov_coalition_game,6,,4;7;12,12;4;7,4;7,"{""4"": 59, ""7"": 61}","{""4"": 4850, ""7"": 4919, ""12"": 4997}",156304,43.77308120133482,10,40.0,200.0,1,ns3,899,0.5,10,12,28,,,[],[],4>12:1;7>12:9,,22,38,
2026_07_15_01_26_56,000110,13,all-cluster-heads,cov_potential_game,grid,utility,utility,none,0,0,,cov_coalition_game,6,,10;13;14;19,13;10;14,10;14,"{""10"": 57, ""14"": 62}","{""10"": 4929, ""13"": 4738, ""14"": 4841}",156320,43.86206896551724,10,40.0,200.0,1,ns3,899,0.5,10,12,28,,,[],[],10>13:2;14>13:8,,16,29,
2026_07_15_01_26_56,000110,15,all-cluster-heads,cov_potential_game,grid,utility,utility,none,0,0,,cov_coalition_game,6,,6;15,15;6,6,"{""6"": 62}","{""6"": 4713, ""15"": 4814}",75408,41.93993325917687,10,40.0,200.0,1,ns3,899,0.5,10,12,28,,,[],[],6>15:3,,20,24,
2026_07_15_01_26_56,000110,17,all-cluster-heads,cov_potential_game,grid,utility,utility,none,0,0,,cov_coalition_game,6,,3;16;17;18,17;16;3,16;3,"{""3"": 66, ""16"": 62}","{""3"": 4993, ""16"": 4974, ""17"": 5003}",159472,44.43159065628476,10,40.0,200.0,1,ns3,899,0.5,10,12,28,,,[],[],3>17:6;16>17:4,,13,20,
2026_07_15_01_26_56,000110,20,all-cluster-heads,cov_potential_game,grid,utility,utility,none,0,0,,cov_coalition_game,6,,5;9;20,20;9,9,"{""9"": 53}","{""9"": 4854, ""20"": 4898}",77664,43.19466073414905,10,40.0,200.0,1,ns3,899,0.5,10,12,28,,,[],[],9>20:5,,17,25,
2026_07_15_01_26_56,000112,1,all-cluster-heads,cov_potential_game,grid,utility,utility,none,0,0,,cov_coalition_game,6,,1;2;8;11,1;2;11,2;11,"{""2"": 55, ""11"": 56}","{""1"": 4926, ""2"": 4859, ""11"": 4912}",156336,43.71078976640712,10,40.0,200.0,1,ns3,899,0.5,10,12,28,,,[],[],2>1:0;11>1:8,,23,40,
2026_07_15_01_26_56,000112,12,all-cluster-heads,cov_potential_game,grid,utility,utility,none,0,0,,cov_coalition_game,6,,4;7;12,12;4;7,4;7,"{""4"": 59, ""7"": 61}","{""4"": 4850, ""7"": 4917, ""12"": 5013}",156272,43.75528364849833,10,40.0,200.0,1,ns3,899,0.5,10,12,28,,,[],[],4>12:1;7>12:9,,22,38,
2026_07_15_01_26_56,000112,13,all-cluster-heads,cov_potential_game,grid,utility,utility,none,0,0,,cov_coalition_game,6,,10;13;14;19,13;14;10,14;10,"{""10"": 56, ""14"": 61}","{""10"": 4928, ""13"": 4707, ""14"": 4813}",155856,43.853170189098996,10,40.0,200.0,1,ns3,899,0.5,10,12,28,,,[],[],10>13:7;14>13:2,,14,29,
2026_07_15_01_26_56,000112,15,all-cluster-heads,cov_potential_game,grid,utility,utility,none,0,0,,cov_coalition_game,6,,6;15,15;6,6,"{""6"": 62}","{""6"": 4686, ""15"": 4776}",74976,41.69966629588431,10,40.0,200.0,1,ns3,899,0.5,10,12,28,,,[],[],6>15:3,,17,23,
2026_07_15_01_26_56,000112,17,all-cluster-heads,cov_potential_game,grid,utility,utility,none,0,0,,cov_coalition_game,6,,3;16;17;18,17;16;3,16;3,"{""3"": 65, ""16"": 60}","{""3"": 4983, ""16"": 4976, ""17"": 4995}",159344,44.34260289210234,10,40.0,200.0,1,ns3,899,0.5,10,12,28,,,[],[],3>17:6;16>17:4,,12,19,
2026_07_15_01_26_56,000112,20,all-cluster-heads,cov_potential_game,grid,utility,utility,none,0,0,,cov_coalition_game,6,,5;9;20,20;9,9,"{""9"": 53}","{""9"": 4855, ""20"": 4898}",77680,43.2035595105673,10,40.0,200.0,1,ns3,899,0.5,10,12,28,,,[],[],9>20:5,,17,25,
2026_07_15_01_26_56,000114,1,all-cluster-heads,cov_potential_game,grid,utility,utility,none,0,0,,cov_coalition_game,6,,1;2;8;11,1;2;11,2;11,"{""2"": 55, ""11"": 56}","{""1"": 4926, ""2"": 4858, ""11"": 4911}",156304,43.701890989988875,10,40.0,200.0,1,ns3,899,0.5,10,12,28,,,[],[],2>1:0;11>1:7,,22,40,
2026_07_15_01_26_56,000114,12,all-cluster-heads,cov_potential_game,grid,utility,utility,none,0,0,,cov_coalition_game,6,,4;7;12,12;4;7,4;7,"{""4"": 59, ""7"": 61}","{""4"": 4851, ""7"": 4919, ""12"": 5019}",156320,43.77308120133482,10,40.0,200.0,1,ns3,899,0.5,10,12,28,,,[],[],4>12:1;7>12:9,,24,39,
2026_07_15_01_26_56,000114,13,all-cluster-heads,cov_potential_game,grid,utility,utility,none,0,0,,cov_coalition_game,6,,10;13;14;19,13;10;14,10;14,"{""10"": 56, ""14"": 62}","{""10"": 4928, ""13"": 4726, ""14"": 4823}",156016,43.853170189098996,10,40.0,200.0,1,ns3,899,0.5,10,12,28,,,[],[],10>13:2;14>13:8,,14,29,
2026_07_15_01_26_56,000114,15,all-cluster-heads,cov_potential_game,grid,utility,utility,none,0,0,,cov_coalition_game,6,,6;15,15;6,6,"{""6"": 61}","{""6"": 4680, ""15"": 4789}",74880,41.64627363737486,10,40.0,200.0,1,ns3,899,0.5,10,12,28,,,[],[],6>15:3,,18,23,
2026_07_15_01_26_56,000114,17,all-cluster-heads,cov_potential_game,grid,utility,utility,none,0,0,,cov_coalition_game,6,,3;16;17;18,17;16;3,16;3,"{""3"": 66, ""16"": 62}","{""3"": 4978, ""16"": 4987, ""17"": 5006}",159440,44.37819799777531,10,40.0,200.0,1,ns3,899,0.5,10,12,28,,,[],[],3>17:6;16>17:4,,9,19,
2026_07_15_01_26_56,000114,20,all-cluster-heads,cov_potential_game,grid,utility,utility,none,0,0,,cov_coalition_game,6,,5;9;20,20;9,9,"{""9"": 53}","{""9"": 4854, ""20"": 4899}",77664,43.19466073414905,10,40.0,200.0,1,ns3,899,0.5,10,12,28,,,[],[],9>20:5,,18,25,
2026_07_15_01_26_56,000116,1,all-cluster-heads,cov_potential_game,grid,utility,utility,none,0,0,,cov_coalition_game,6,,1;2;8;11,1;2;11,2;11,"{""2"": 54, ""11"": 56}","{""1"": 4926, ""2"": 4858, ""11"": 4911}",156304,43.701890989988875,10,40.0,200.0,1,ns3,899,0.5,10,12,28,,,[],[],2>1:0;11>1:8,,23,40,
2026_07_15_01_26_56,000116,12,all-cluster-heads,cov_potential_game,grid,utility,utility,none,0,0,,cov_coalition_game,6,,4;7;12,12;4;7,4;7,"{""4"": 60, ""7"": 61}","{""4"": 4849, ""7"": 4918, ""12"": 4999}",156272,43.76418242491657,10,40.0,200.0,1,ns3,899,0.5,10,12,28,,,[],[],4>12:1;7>12:9,,24,39,
2026_07_15_01_26_56,000116,13,all-cluster-heads,cov_potential_game,grid,utility,utility,none,0,0,,cov_coalition_game,6,,10;13;14;19,13;14;10,14;10,"{""10"": 57, ""14"": 61}","{""10"": 4925, ""13"": 4746, ""14"": 4826}",156016,43.82647385984427,10,40.0,200.0,1,ns3,899,0.5,10,12,28,,,[],[],10>13:7;14>13:2,,13,29,
2026_07_15_01_26_56,000116,15,all-cluster-heads,cov_potential_game,grid,utility,utility,none,0,0,,cov_coalition_game,6,,6;15,15;6,6,"{""6"": 61}","{""6"": 4710, ""15"": 4804}",75360,41.91323692992214,10,40.0,200.0,1,ns3,899,0.5,10,12,28,,,[],[],6>15:3,,19,23,
2026_07_15_01_26_56,000116,17,all-cluster-heads,cov_potential_game,grid,utility,utility,none,0,0,,cov_coalition_game,6,,3;16;17;18,17;16;3,16;3,"{""3"": 66, ""16"": 62}","{""3"": 4990, ""16"": 4994, ""17"": 5014}",159744,44.440489432703004,10,40.0,200.0,1,ns3,899,0.5,10,12,28,,,[],[],3>17:6;16>17:4,,13,18,
2026_07_15_01_26_56,000116,20,all-cluster-heads,cov_potential_game,grid,utility,utility,none,0,0,,cov_coalition_game,6,,5;9;20,20;9,9,"{""9"": 54}","{""9"": 4853, ""20"": 4899}",77648,43.18576195773081,10,40.0,200.0,1,ns3,899,0.5,10,12,28,,,[],[],9>20:5,,17,25,
2026_07_15_01_26_56,000118,1,all-cluster-heads,cov_potential_game,grid,utility,utility,none,0,0,,cov_coalition_game,6,,1;2;8;11,1;2;11,2;11,"{""2"": 55, ""11"": 57}","{""1"": 4927, ""2"": 4868, ""11"": 4914}",156512,43.7285873192436,10,40.0,200.0,1,ns3,899,0.5,10,12,28,,,[],[],2>1:0;11>1:8,,23,40,
2026_07_15_01_26_56,000118,12,all-cluster-heads,cov_potential_game,grid,utility,utility,none,0,0,,cov_coalition_game,6,,4;7;12,12;4;7,4;7,"{""4"": 60, ""7"": 61}","{""4"": 4849, ""7"": 4916, ""12"": 5018}",156240,43.746384872080085,10,40.0,200.0,1,ns3,899,0.5,10,12,28,,,[],[],4>12:1;7>12:9,,25,39,
2026_07_15_01_26_56,000118,13,all-cluster-heads,cov_potential_game,grid,utility,utility,none,0,0,,cov_coalition_game,6,,10;13;14;19,13;14;10,14;10,"{""10"": 57, ""14"": 64}","{""10"": 4926, ""13"": 4711, ""14"": 4863}",156624,43.83537263626251,10,40.0,200.0,1,ns3,899,0.5,10,12,28,,,[],[],10>13:6;14>13:2,,14,30,
2026_07_15_01_26_56,000118,15,all-cluster-heads,cov_potential_game,grid,utility,utility,none,0,0,,cov_coalition_game,6,,6;15,15;6,6,"{""6"": 62}","{""6"": 4718, ""15"": 4815}",75488,41.98442714126808,10,40.0,200.0,1,ns3,899,0.5,10,12,28,,,[],[],6>15:3,,18,22,
2026_07_15_01_26_56,000118,17,all-cluster-heads,cov_potential_game,grid,utility,utility,none,0,0,,cov_coalition_game,6,,3;16;17;18,17;16;3,16;3,"{""3"": 65, ""16"": 62}","{""3"": 4987, ""16"": 4998, ""17"": 5023}",159760,44.47608453837597,10,40.0,200.0,1,ns3,899,0.5,10,12,28,,,[],[],3>17:7;16>17:4,,9,19,
2026_07_15_01_26_56,000118,20,all-cluster-heads,cov_potential_game,grid,utility,utility,none,0,0,,cov_coalition_game,6,,5;9;20,20;9,9,"{""9"": 53}","{""9"": 4853, ""20"": 4899}",77648,43.18576195773081,10,40.0,200.0,1,ns3,899,0.5,10,12,28,,,[],[],9>20:5,,17,25,
2026_07_15_01_26_56,000120,1,all-cluster-heads,cov_potential_game,grid,utility,utility,none,0,0,,cov_coalition_game,6,,1;2;8;11,1;2;11,2;11,"{""2"": 55, ""11"": 57}","{""1"": 4928, ""2"": 4867, ""11"": 4913}",156480,43.71968854282536,10,40.0,200.0,1,ns3,899,0.5,10,12,28,,,[],[],2>1:0;11>1:7,,21,40,
2026_07_15_01_26_56,000120,12,all-cluster-heads,cov_potential_game,grid,utility,utility,none,0,0,,cov_coalition_game,6,,4;7;12,12;4;7,4;7,"{""4"": 59, ""7"": 61}","{""4"": 4848, ""7"": 4915, ""12"": 5020}",156208,43.73748609566184,10,40.0,200.0,1,ns3,899,0.5,10,12,28,,,[],[],4>12:1;7>12:9,,25,40,
2026_07_15_01_26_56,000120,13,all-cluster-heads,cov_potential_game,grid,utility,utility,none,0,0,,cov_coalition_game,6,,10;13;14;19,13;14;10,14;10,"{""10"": 58, ""14"": 64}","{""10"": 4927, ""13"": 4704, ""14"": 4863}",156640,43.844271412680754,10,40.0,200.0,1,ns3,899,0.5,10,12,28,,,[],[],10>13:6;14>13:2,,12,30,
2026_07_15_01_26_56,000120,15,all-cluster-heads,cov_potential_game,grid,utility,utility,none,0,0,,cov_coalition_game,6,,6;15,15;6,6,"{""6"": 61}","{""6"": 4711, ""15"": 4811}",75376,41.922135706340384,10,40.0,200.0,1,ns3,899,0.5,10,12,28,,,[],[],6>15:3,,19,22,
2026_07_15_01_26_56,000120,17,all-cluster-heads,cov_potential_game,grid,utility,utility,none,0,0,,cov_coalition_game,6,,3;16;17;18,17;16;3,16;3,"{""3"": 62, ""16"": 60}","{""3"": 4986, ""16"": 4996, ""17"": 5031}",159712,44.45828698553949,10,40.0,200.0,1,ns3,899,0.5,10,12,28,,,[],[],3>17:8;16>17:4,,10,18,
2026_07_15_01_26_56,000120,20,all-cluster-heads,cov_potential_game,grid,utility,utility,none,0,0,,cov_coalition_game,6,,5;9;20,20;9,9,"{""9"": 53}","{""9"": 4854, ""20"": 4901}",77664,43.19466073414905,10,40.0,200.0,1,ns3,899,0.5,10,12,28,,,[],[],9>20:5,,17,25,
2026_07_15_01_26_56,000122,1,all-cluster-heads,cov_potential_game,grid,utility,utility,none,0,0,,cov_coalition_game,6,,1;2;8;11,1;2;11,2;11,"{""2"": 55, ""11"": 57}","{""1"": 4925, ""2"": 4867, ""11"": 4911}",156448,43.701890989988875,10,40.0,200.0,1,ns3,899,0.5,10,12,28,,,[],[],2>1:0;11>1:8,,22,40,
2026_07_15_01_26_56,000122,12,all-cluster-heads,cov_potential_game,grid,utility,utility,none,0,0,,cov_coalition_game,6,,4;7;12,12;4;7,4;7,"{""4"": 59, ""7"": 61}","{""4"": 4847, ""7"": 4915, ""12"": 5019}",156192,43.73748609566184,10,40.0,200.0,1,ns3,899,0.5,10,12,28,,,[],[],4>12:1;7>12:9,,25,41,
2026_07_15_01_26_56,000122,13,all-cluster-heads,cov_potential_game,grid,utility,utility,none,0,0,,cov_coalition_game,6,,10;13;14;19,13;14;10,14;10,"{""10"": 58, ""14"": 64}","{""10"": 4927, ""13"": 4698, ""14"": 4861}",156608,43.844271412680754,10,40.0,200.0,1,ns3,899,0.5,10,12,28,,,[],[],10>13:7;14>13:2,,14,29,
2026_07_15_01_26_56,000122,15,all-cluster-heads,cov_potential_game,grid,utility,utility,none,0,0,,cov_coalition_game,6,,6;15,15;6,6,"{""6"": 61}","{""6"": 4722, ""15"": 4812}",75552,42.020022246941046,10,40.0,200.0,1,ns3,899,0.5,10,12,28,,,[],[],6>15:3,,21,22,
2026_07_15_01_26_56,000122,17,all-cluster-heads,cov_potential_game,grid,utility,utility,none,0,0,,cov_coalition_game,6,,3;16;17;18,17;3;16,3;16,"{""3"": 66, ""16"": 58}","{""3"": 4990, ""16"": 4999, ""17"": 5030}",159824,44.48498331479422,10,40.0,200.0,1,ns3,899,0.5,10,12,28,,,[],[],3>17:4;16>17:6,,9,18,
2026_07_15_01_26_56,000122,20,all-cluster-heads,cov_potential_game,grid,utility,utility,none,0,0,,cov_coalition_game,6,,5;9;20,20;9,9,"{""9"": 52}","{""9"": 4851, ""20"": 4897}",77616,43.16796440489433,10,40.0,200.0,1,ns3,899,0.5,10,12,28,,,[],[],9>20:5,,16,25,
2026_07_15_01_26_56,000124,1,all-cluster-heads,cov_potential_game,grid,utility,utility,none,0,0,,cov_coalition_game,6,,1;2;8;11,1;2;11,2;11,"{""2"": 55, ""11"": 56}","{""1"": 4925, ""2"": 4868, ""11"": 4910}",156448,43.69299221357063,10,40.0,200.0,1,ns3,899,0.5,10,12,28,,,[],[],2>1:0;11>1:8,,21,40,
2026_07_15_01_26_56,000124,12,all-cluster-heads,cov_potential_game,grid,utility,utility,none,0,0,,cov_coalition_game,6,,4;7;12,12;4;7,4;7,"{""4"": 60, ""7"": 60}","{""4"": 4850, ""7"": 4910, ""12"": 4985}",156160,43.69299221357063,10,40.0,200.0,1,ns3,899,0.5,10,12,28,,,[],[],4>12:1;7>12:9,,25,41,
2026_07_15_01_26_56,000124,13,all-cluster-heads,cov_potential_game,grid,utility,utility,none,0,0,,cov_coalition_game,6,,10;13;14;19,13;14;10,14;10,"{""10"": 57, ""14"": 60}","{""10"": 4926, ""13"": 4711, ""14"": 4828}",156064,43.83537263626251,10,40.0,200.0,1,ns3,899,0.5,10,12,28,,,[],[],10>13:7;14>13:2,,14,29,
2026_07_15_01_26_56,000124,15,all-cluster-heads,cov_potential_game,grid,utility,utility,none,0,0,,cov_coalition_game,6,,6;15,15;6,6,"{""6"": 61}","{""6"": 4737, ""15"": 4813}",75792,42.15350389321468,10,40.0,200.0,1,ns3,899,0.5,10,12,28,,,[],[],6>15:3,,21,22,
2026_07_15_01_26_56,000124,17,all-cluster-heads,cov_potential_game,grid,utility,utility,none,0,0,,cov_coalition_game,6,,3;16;17;18,17;3;16,3;16,"{""3"": 65, ""16"": 58}","{""3"": 4995, ""16"": 5015, ""17"": 5029}",160160,44.6273637374861,10,40.0,200.0,1,ns3,899,0.5,10,12,28,,,[],[],3>17:4;16>17:6,,11,18,
2026_07_15_01_26_56,000124,20,all-cluster-heads,cov_potential_game,grid,utility,utility,none,0,0,,cov_coalition_game,6,,5;9;20,20;9,9,"{""9"": 54}","{""9"": 4854, ""20"": 4897}",77664,43.19466073414905,10,40.0,200.0,1,ns3,899,0.5,10,12,28,,,[],[],9>20:5,,18,25,
2026_07_15_01_26_56,000126,1,all-cluster-heads,cov_potential_game,grid,utility,utility,none,0,0,,cov_coalition_game,6,,1;2;8;11,1;2;11,2;11,"{""2"": 54, ""11"": 56}","{""1"": 4926, ""2"": 4870, ""11"": 4912}",156512,43.71078976640712,10,40.0,200.0,1,ns3,899,0.5,10,12,28,,,[],[],2>1:0;11>1:8,,24,40,
2026_07_15_01_26_56,000126,12,all-cluster-heads,cov_potential_game,grid,utility,utility,none,0,0,,cov_coalition_game,6,,4;7;12,12;4;7,4;7,"{""4"": 60, ""7"": 60}","{""4"": 4849, ""7"": 4912, ""12"": 4992}",156176,43.71078976640712,10,40.0,200.0,1,ns3,899,0.5,10,12,28,,,[],[],4>12:1;7>12:9,,25,41,
2026_07_15_01_26_56,000126,13,all-cluster-heads,cov_potential_game,grid,utility,utility,none,0,0,,cov_coalition_game,6,,10;13;14;19,13;14;10,14;10,"{""10"": 56, ""14"": 61}","{""10"": 4925, ""13"": 4690, ""14"": 4808}",155728,43.82647385984427,10,40.0,200.0,1,ns3,899,0.5,10,12,28,,,[],[],10>13:7;14>13:2,,13,29,
2026_07_15_01_26_56,000126,15,all-cluster-heads,cov_potential_game,grid,utility,utility,none,0,0,,cov_coalition_game,6,,6;15,15;6,6,"{""6"": 62}","{""6"": 4741, ""15"": 4825}",75856,42.18909899888765,10,40.0,200.0,1,ns3,899,0.5,10,12,28,,,[],[],6>15:3,,21,23,
2026_07_15_01_26_56,000126,17,all-cluster-heads,cov_potential_game,grid,utility,utility,none,0,0,,cov_coalition_game,6,,3;16;17;18,17;3;16,3;16,"{""3"": 66, ""16"": 60}","{""3"": 4998, ""16"": 5021, ""17"": 5026}",160304,44.68075639599555,10,40.0,200.0,1,ns3,899,0.5,10,12,28,,,[],[],3>17:4;16>17:6,,10,17,
2026_07_15_01_26_56,000126,20,all-cluster-heads,cov_potential_game,grid,utility,utility,none,0,0,,cov_coalition_game,6,,5;9;20,20;9,9,"{""9"": 55}","{""9"": 4854, ""20"": 4899}",77664,43.19466073414905,10,40.0,200.0,1,ns3,899,0.5,10,12,28,,,[],[],9>20:5,,18,25,
2026_07_15_01_26_56,000128,1,all-cluster-heads,cov_potential_game,grid,utility,utility,none,0,0,,cov_coalition_game,6,,1;2;8;11,1;2;11,2;11,"{""2"": 54, ""11"": 56}","{""1"": 4925, ""2"": 4861, ""11"": 4912}",156368,43.71078976640712,10,40.0,200.0,1,ns3,899,0.5,10,12,28,,,[],[],2>1:0;11>1:8,,23,39,
2026_07_15_01_26_56,000128,12,all-cluster-heads,cov_potential_game,grid,utility,utility,none,0,0,,cov_coalition_game,6,,4;7;12,12;4;7,4;7,"{""4"": 60, ""7"": 59}","{""4"": 4851, ""7"": 4910, ""12"": 4996}",156176,43.69299221357063,10,40.0,200.0,1,ns3,899,0.5,10,12,28,,,[],[],4>12:1;7>12:9,,24,39,
2026_07_15_01_26_56,000128,13,all-cluster-heads,cov_potential_game,grid,utility,utility,none,0,0,,cov_coalition_game,6,,10;13;14;19,13;14;10,14;10,"{""10"": 56, ""14"": 60}","{""10"": 4923, ""13"": 4698, ""14"": 4842}",156240,43.80867630700779,10,40.0,200.0,1,ns3,899,0.5,10,12,28,,,[],[],10>13:7;14>13:2,,13,29,
2026_07_15_01_26_56,000128,15,all-cluster-heads,cov_potential_game,grid,utility,utility,none,0,0,,cov_coalition_game,6,,6;15,15;6,6,"{""6"": 61}","{""6"": 4741, ""15"": 4821}",75856,42.18909899888765,10,40.0,200.0,1,ns3,899,0.5,10,12,28,,,[],[],6>15:3,,20,23,
2026_07_15_01_26_56,000128,17,all-cluster-heads,cov_potential_game,grid,utility,utility,none,0,0,,cov_coalition_game,6,,3;16;17;18,17;3;16,3;16,"{""3"": 65, ""16"": 54}","{""3"": 5008, ""16"": 5018, ""17"": 5026}",160416,44.654060066740826,10,40.0,200.0,1,ns3,899,0.5,10,12,28,,,[],[],3>17:4;16>17:6,,11,17,
2026_07_15_01_26_56,000128,20,all-cluster-heads,cov_potential_game,grid,utility,utility,none,0,0,,cov_coalition_game,6,,5;9;20,20;9,9,"{""9"": 56}","{""9"": 4853, ""20"": 4900}",77648,43.18576195773081,10,40.0,200.0,1,ns3,899,0.5,10,12,28,,,[],[],9>20:5,,19,25,
2026_07_15_01_26_56,000130,1,all-cluster-heads,cov_potential_game,grid,utility,utility,none,0,0,,cov_coalition_game,6,,1;2;8;11,1;2;11,2;11,"{""2"": 52, ""11"": 56}","{""1"": 4928, ""2"": 4853, ""11"": 4912}",156240,43.71078976640712,10,40.0,200.0,1,ns3,899,0.5,10,12,28,,,[],[],2>1:0;11>1:8,,21,39,
2026_07_15_01_26_56,000130,12,all-cluster-heads,cov_potential_game,grid,utility,utility,none,0,0,,cov_coalition_game,6,,4;7;12,12;4;7,4;7,"{""4"": 59, ""7"": 59}","{""4"": 4849, ""7"": 4910, ""12"": 4999}",156144,43.69299221357063,10,40.0,200.0,1,ns3,899,0.5,10,12,28,,,[],[],4>12:1;7>12:9,,23,38,
2026_07_15_01_26_56,000130,13,all-cluster-heads,cov_potential_game,grid,utility,utility,none,0,0,,cov_coalition_game,6,,10;13;14;19,13;14;10,14;10,"{""10"": 56, ""14"": 60}","{""10"": 4923, ""13"": 4679, ""14"": 4881}",156864,43.80867630700779,10,40.0,200.0,1,ns3,899,0.5,10,12,28,,,[],[],10>13:7;14>13:2,,13,29,
2026_07_15_01_26_56,000130,15,all-cluster-heads,cov_potential_game,grid,utility,utility,none,0,0,,cov_coalition_game,6,,6;15,15;6,6,"{""6"": 63}","{""6"": 4745, ""15"": 4809}",75920,42.224694104560626,10,40.0,200.0,1,ns3,899,0.5,10,12,28,,,[],[],6>15:3,,21,22,
2026_07_15_01_26_56,000130,17,all-cluster-heads,cov_potential_game,grid,utility,utility,none,0,0,,cov_coalition_game,6,,3;16;17;18,17;3;16,3;16,"{""3"": 66, ""16"": 59}","{""3"": 4993, ""16"": 5017, ""17"": 5023}",160160,44.645161290322584,10,40.0,200.0,1,ns3,899,0.5,10,12,28,,,[],[],3>17:4;16>17:6,,9,18,
2026_07_15_01_26_56,000130,20,all-cluster-heads,cov_potential_game,grid,utility,utility,none,0,0,,cov_coalition_game,6,,5;9;20,20;9,9,"{""9"": 57}","{""9"": 4854, ""20"": 4900}",77664,43.19466073414905,10,40.0,200.0,1,ns3,899,0.5,10,12,28,,,[],[],9>20:5,,22,25,
2026_07_15_01_26_56,000132,4,all-cluster-heads,cov_potential_game,grid,utility,utility,none,0,0,,cov_coalition_game,6,,4;7;8;12,4;12;7,12;7,"{""7"": 59, ""12"": 59}","{""4"": 4850, ""7"": 4911, ""12"": 4979}",158240,44.30700778642937,10,40.0,200.0,1,ns3,899,0.5,10,12,28,,,[],[],7>4:9;12>4:0,,22,38,
2026_07_15_01_26_56,000132,11,all-cluster-heads,cov_potential_game,grid,utility,utility,none,0,0,,cov_coalition_game,6,,1;2;11;19,11;2;1,2;1,"{""1"": 48, ""2"": 53}","{""1"": 4928, ""2"": 4855, ""11"": 4910}",156528,43.853170189098996,10,40.0,200.0,1,ns3,899,0.5,10,12,28,,,[],[],1>11:8;2>11:1,,20,39,
2026_07_15_01_26_56,000132,13,all-cluster-heads,cov_potential_game,grid,utility,utility,none,0,0,,cov_coalition_game,6,,9;10;13;14,13;14;10,14;10,"{""10"": 56, ""14"": 60}","{""10"": 4923, ""13"": 4705, ""14"": 4852}",156400,43.80867630700779,10,40.0,200.0,1,ns3,899,0.5,10,12,28,,,[],[],10>13:7;14>13:2,,14,29,
2026_07_15_01_26_56,000132,15,all-cluster-heads,cov_potential_game,grid,utility,utility,none,0,0,,cov_coalition_game,6,,6;15,15;6,6,"{""6"": 61}","{""6"": 4741, ""15"": 4844}",75856,42.18909899888765,10,40.0,200.0,1,ns3,899,0.5,10,12,28,,,[],[],6>15:3,,20,22,
2026_07_15_01_26_56,000132,17,all-cluster-heads,cov_potential_game,grid,utility,utility,none,0,0,,cov_coalition_game,6,,3;16;17;18,17;3;16,3;16,"{""3"": 66, ""16"": 60}","{""3"": 5009, ""16"": 5008, ""17"": 5022}",160272,44.57397107897664,10,40.0,200.0,1,ns3,899,0.5,10,12,28,,,[],[],3>17:4;16>17:6,,10,18,
2026_07_15_01_26_56,000132,20,all-cluster-heads,cov_potential_game,grid,utility,utility,none,0,0,,cov_coalition_game,6,,5;20,20;5,5,"{""5"": 57}","{""5"": 4861, ""20"": 4901}",77776,43.256952169076754,10,40.0,200.0,1,ns3,899,0.5,10,12,28,,,[],[],5>20:5,,19,27,
2026_07_15_01_26_56,000134,4,all-cluster-heads,cov_potential_game,grid,utility,utility,none,0,0,,cov_coalition_game,6,,4;7;8;12,4;12;7,12;7,"{""7"": 59, ""12"": 58}","{""4"": 4848, ""7"": 4911, ""12"": 4992}",158448,44.42269187986652,10,40.0,200.0,1,ns3,899,0.5,10,12,28,,,[],[],7>4:9;12>4:0,,22,38,
2026_07_15_01_26_56,000134,11,all-cluster-heads,cov_potential_game,grid,utility,utility,none,0,0,,cov_coalition_game,6,,1;2;11;19,11;2;1,2;1,"{""1"": 47, ""2"": 53}","{""1"": 4927, ""2"": 4855, ""11"": 4909}",156512,43.844271412680754,10,40.0,200.0,1,ns3,899,0.5,10,12,28,,,[],[],1>11:8;2>11:1,,20,39,
2026_07_15_01_26_56,000134,13,all-cluster-heads,cov_potential_game,grid,utility,utility,none,0,0,,cov_coalition_game,6,,9;10;13;14,13;14;10,14;10,"{""10"": 56, ""14"": 60}","{""10"": 4923, ""13"": 4701, ""14"": 4863}",156576,43.80867630700779,10,40.0,200.0,1,ns3,899,0.5,10,12,28,,,[],[],10>13:7;14>13:2,,15,28,
2026_07_15_01_26_56,000134,15,all-cluster-heads,cov_potential_game,grid,utility,utility,none,0,0,,cov_coalition_game,6,,6;15,15;6,6,"{""6"": 59}","{""6"": 4734, ""15"": 4817}",75744,42.12680756395996,10,40.0,200.0,1,ns3,899,0.5,10,12,28,,,[],[],6>15:3,,18,25,
2026_07_15_01_26_56,000134,17,all-cluster-heads,cov_potential_game,grid,utility,utility,none,0,0,,cov_coalition_game,6,,3;16;17;18,17;3;16,3;16,"{""3"": 65, ""16"": 57}","{""3"": 4995, ""16"": 5006, ""17"": 5034}",160016,44.547274749721915,10,40.0,200.0,1,ns3,899,0.5,10,12,28,,,[],[],3>17:4;16>17:6,,9,18,
2026_07_15_01_26_56,000134,20,all-cluster-heads,cov_potential_game,grid,utility,utility,none,0,0,,cov_coalition_game,6,,5;20,20;5,5,"{""5"": 58}","{""5"": 4855, ""20"": 4905}",77680,43.2035595105673,10,40.0,200.0,1,ns3,899,0.5,10,12,28,,,[],[],5>20:5,,19,27,
2026_07_15_01_26_56,000136,2,all-cluster-heads,cov_potential_game,grid,utility,utility,none,0,0,,cov_coalition_game,6,,2;6;15,2;6;15,6;15,"{""6"": 61, ""15"": 53}","{""2"": 4856, ""6"": 4740, ""15"": 4814}",152864,42.83870967741935,10,40.0,200.0,1,ns3,899,0.5,10,12,28,,,[],[],6>2:0;15>2:9,,26,38,
2026_07_15_01_26_56,000136,11,all-cluster-heads,cov_potential_game,grid,utility,utility,none,0,0,,cov_coalition_game,6,,1;8;11;19,11;1,1,"{""1"": 47}","{""1"": 4927, ""11"": 4911}",78832,43.844271412680754,10,40.0,200.0,1,ns3,899,0.5,10,12,28,,,[],[],1>11:1,,23,30,
2026_07_15_01_26_56,000136,12,all-cluster-heads,cov_potential_game,grid,utility,utility,none,0,0,,cov_coalition_game,6,,4;7;12,12;4;7,4;7,"{""4"": 58, ""7"": 61}","{""4"": 4848, ""7"": 4911, ""12"": 5003}",156144,43.701890989988875,10,40.0,200.0,1,ns3,899,0.5,10,12,28,,,[],[],4>12:2;7>12:8,,24,39,
2026_07_15_01_26_56,000136,13,all-cluster-heads,cov_potential_game,grid,utility,utility,none,0,0,,cov_coalition_game,6,,9;10;13;14,13;14;10,14;10,"{""10"": 55, ""14"": 64}","{""10"": 4922, ""13"": 4710, ""14"": 4844}",156256,43.799777530589544,10,40.0,200.0,1,ns3,899,0.5,10,12,28,,,[],[],10>13:7;14>13:3,,13,28,
2026_07_15_01_26_56,000136,17,all-cluster-heads,cov_potential_game,grid,utility,utility,none,0,0,,cov_coalition_game,6,,3;16;17;18,17;3;16,3;16,"{""3"": 64, ""16"": 58}","{""3"": 5020, ""16"": 5014, ""17"": 5030}",160544,44.67185761957731,10,40.0,200.0,1,ns3,899,0.5,10,12,28,,,[],[],3>17:4;16>17:6,,13,18,
2026_07_15_01_26_56,000136,20,all-cluster-heads,cov_potential_game,grid,utility,utility,none,0,0,,cov_coalition_game,6,,5;20,20;5,5,"{""5"": 58}","{""5"": 4863, ""20"": 4909}",77808,43.27474972191324,10,40.0,200.0,1,ns3,899,0.5,10,12,28,,,[],[],5>20:5,,21,27,
2026_07_15_01_26_56,000138,2,all-cluster-heads,cov_potential_game,grid,utility,utility,none,0,0,,cov_coalition_game,6,,2;6;15,2;6;15,6;15,"{""6"": 61, ""15"": 54}","{""2"": 4857, ""6"": 4715, ""15"": 4815}",152480,42.847608453837594,10,40.0,200.0,1,ns3,899,0.5,10,12,28,,,[],[],6>2:0;15>2:9,,26,38,
2026_07_15_01_26_56,000138,11,all-cluster-heads,cov_potential_game,grid,utility,utility,none,0,0,,cov_coalition_game,6,,1;8;11;19,11;1,1,"{""1"": 47}","{""1"": 4925, ""11"": 4909}",78800,43.82647385984427,10,40.0,200.0,1,ns3,899,0.5,10,12,28,,,[],[],1>11:1,,22,30,
2026_07_15_01_26_56,000138,12,all-cluster-heads,cov_potential_game,grid,utility,utility,none,0,0,,cov_coalition_game,6,,4;7;12,12;4;7,4;7,"{""4"": 58, ""7"": 61}","{""4"": 4852, ""7"": 4910, ""12"": 4989}",156192,43.69299221357063,10,40.0,200.0,1,ns3,899,0.5,10,12,28,,,[],[],4>12:2;7>12:8,,23,39,
2026_07_15_01_26_56,000138,13,all-cluster-heads,cov_potential_game,grid,utility,utility,none,0,0,,cov_coalition_game,6,,9;10;13;14,13;14;10,14;10,"{""10"": 55, ""14"": 63}","{""10"": 4921, ""13"": 4698, ""14"": 4852}",156368,43.7908787541713,10,40.0,200.0,1,ns3,899,0.5,10,12,28,,,[],[],10>13:7;14>13:3,,13,28,
2026_07_15_01_26_56,000138,17,all-cluster-heads,cov_potential_game,grid,utility,utility,none,0,0,,cov_coalition_game,6,,3;16;17;18,17;3;16,3;16,"{""3"": 65, ""16"": 57}","{""3"": 5007, ""16"": 5023, ""17"": 5027}",160480,44.698553948832036,10,40.0,200.0,1,ns3,899,0.5,10,12,28,,,[],[],3>17:4;16>17:6,,11,18,
2026_07_15_01_26_56,000138,20,all-cluster-heads,cov_potential_game,grid,utility,utility,none,0,0,,cov_coalition_game,6,,5;20,20;5,5,"{""5"": 56}","{""5"": 4861, ""20"": 4910}",77776,43.256952169076754,10,40.0,200.0,1,ns3,899,0.5,10,12,28,,,[],[],5>20:5,,19,27,
2026_07_15_01_26_56,000140,4,all-cluster-heads,cov_potential_game,grid,utility,utility,none,0,0,,cov_coalition_game,6,,4;7;8;12,4;12;7,12;7,"{""7"": 59, ""12"": 57}","{""4"": 4847, ""7"": 4910, ""12"": 4995}",158480,44.449388209121246,10,40.0,200.0,1,ns3,899,0.5,10,12,28,,,[],[],7>4:9;12>4:0,,23,39,
2026_07_15_01_26_56,000140,11,all-cluster-heads,cov_potential_game,grid,utility,utility,none,0,0,,cov_coalition_game,6,,1;2;11;19,11;2;1,2;1,"{""1"": 46, ""2"": 54}","{""1"": 4926, ""2"": 4856, ""11"": 4910}",156512,43.83537263626251,10,40.0,200.0,1,ns3,899,0.5,10,12,28,,,[],[],1>11:8;2>11:1,,20,39,
2026_07_15_01_26_56,000140,13,all-cluster-heads,cov_potential_game,grid,utility,utility,none,0,0,,cov_coalition_game,6,,9;10;13;14,13;14;10,14;10,"{""10"": 55, ""14"": 63}","{""10"": 4922, ""13"": 4683, ""14"": 4847}",156304,43.799777530589544,10,40.0,200.0,1,ns3,899,0.5,10,12,28,,,[],[],10>13:7;14>13:2,,13,27,
2026_07_15_01_26_56,000140,15,all-cluster-heads,cov_potential_game,grid,utility,utility,none,0,0,,cov_coalition_game,6,,6;15,15;6,6,"{""6"": 62}","{""6"": 4723, ""15"": 4825}",75568,42.02892102335929,10,40.0,200.0,1,ns3,899,0.5,10,12,28,,,[],[],6>15:3,,18,24,
2026_07_15_01_26_56,000140,17,all-cluster-heads,cov_potential_game,grid,utility,utility,none,0,0,,cov_coalition_game,6,,3;16;17;18,17;3;16,3;16,"{""3"": 64, ""16"": 58}","{""3"": 5016, ""16"": 5013, ""17"": 5029}",160464,44.63626251390434,10,40.0,200.0,1,ns3,899,0.5,10,12,28,,,[],[],3>17:4;16>17:6,,12,18,
2026_07_15_01_26_56,000140,20,all-cluster-heads,cov_potential_game,grid,utility,utility,none,0,0,,cov_coalition_game,6,,5;20,20;5,5,"{""5"": 57}","{""5"": 4881, ""20"": 4909}",78096,43.4349276974416,10,40.0,200.0,1,ns3,899,0.5,10,12,28,,,[],[],5>20:5,,18,26,
