scenario_id,timestamp,receiver_id,receiver_policy,coperception_yaml,resource_allocation,upload_mode,grid_selection_mode,grid_score_mode,coverage_fallback,coverage_fallback_replacements,routing_hint_replacements,routing_hints_csv,clustering,cluster_count,selective_frame_deadline_ms,cluster_member_ids,source_cav_ids,uploaded_source_ids,selected_grid_counts_json,point_counts_json,communication_bytes,frame_comm_time_ms,num_channels,bandwidth_mhz,communication_deadline_ms,max_senders_per_receiver,channel_estimator,ns3_tb_size_bytes,ns3_slot_duration_ms,ns3_subchannel_prbs,ns3_symbols_per_slot,ns3_mcs,pcs_rounds_requested,pcs_rounds_accepted,pcs_round_comm_time_ms_json,pcs_round_comm_bytes_json,channel_allocation,missing_channel_sources,pred_boxes,gt_boxes,skipped
2026_07_15_01_26_56,000060,4,all-cluster-heads,docs\doc_workspace\SGCP\artifacts\early_from_late_checkpoint_20260719\enable_coperception_early_from_attentive.yaml,cov_potential_game,grid,utility,utility,none,0,0,,cov_coalition_game,6,,4;8;12,4;12,12,"{""12"": 57}","{""4"": 4886, ""12"": 2125}",34000,18.909899888765295,5,40.0,200.0,1,ns3,899,0.5,10,12,28,,,[],[],12>4:0,,21,34,
2026_07_15_01_26_56,000060,11,all-cluster-heads,docs\doc_workspace\SGCP\artifacts\early_from_late_checkpoint_20260719\enable_coperception_early_from_attentive.yaml,cov_potential_game,grid,utility,utility,none,0,0,,cov_coalition_game,6,,1;2;10;11,11;10,10,"{""10"": 53}","{""10"": 4871, ""11"": 4909}",77936,43.34593993325918,5,40.0,200.0,1,ns3,899,0.5,10,12,28,,,[],[],10>11:1,,23,38,
2026_07_15_01_26_56,000060,13,all-cluster-heads,docs\doc_workspace\SGCP\artifacts\early_from_late_checkpoint_20260719\enable_coperception_early_from_attentive.yaml,cov_potential_game,grid,utility,utility,none,0,0,,cov_coalition_game,6,,9;13;14;19,13;14,14,"{""14"": 53}","{""13"": 4793, ""14"": 5044}",80704,44.885428253615125,5,40.0,200.0,1,ns3,899,0.5,10,12,28,,,[],[],14>13:2,,2,11,
2026_07_15_01_26_56,000060,15,all-cluster-heads,docs\doc_workspace\SGCP\artifacts\early_from_late_checkpoint_20260719\enable_coperception_early_from_attentive.yaml,cov_potential_game,grid,utility,utility,none,0,0,,cov_coalition_game,6,,6;15,15;6,6,"{""6"": 56}","{""6"": 4485, ""15"": 4740}",71760,39.91101223581757,5,40.0,200.0,1,ns3,899,0.5,10,12,28,,,[],[],6>15:3,,13,17,
2026_07_15_01_26_56,000060,16,all-cluster-heads,docs\doc_workspace\SGCP\artifacts\early_from_late_checkpoint_20260719\enable_coperception_early_from_attentive.yaml,cov_potential_game,grid,utility,utility,none,0,0,,cov_coalition_game,6,,5;7;16;20,16;7,7,"{""7"": 52}","{""7"": 4678, ""16"": 4857}",74848,41.62847608453838,5,40.0,200.0,1,ns3,899,0.5,10,12,28,,,[],[],7>16:4,,15,29,
2026_07_15_01_26_56,000060,17,all-cluster-heads,docs\doc_workspace\SGCP\artifacts\early_from_late_checkpoint_20260719\enable_coperception_early_from_attentive.yaml,cov_potential_game,grid,utility,utility,none,0,0,,cov_coalition_game,6,,3;17;18,17,,{},"{""17"": 4967}",0,0.0,5,40.0,200.0,1,ns3,899,0.5,10,12,28,,,[],[],,,9,10,
2026_07_15_01_26_56,000062,1,all-cluster-heads,docs\doc_workspace\SGCP\artifacts\early_from_late_checkpoint_20260719\enable_coperception_early_from_attentive.yaml,cov_potential_game,grid,utility,utility,none,0,0,,cov_coalition_game,6,,1;2;8;11,1;2,2,"{""2"": 49}","{""1"": 4921, ""2"": 4399}",70384,39.14571746384872,5,40.0,200.0,1,ns3,899,0.5,10,12,28,,,[],[],2>1:0,,22,31,
2026_07_15_01_26_56,000062,12,all-cluster-heads,docs\doc_workspace\SGCP\artifacts\early_from_late_checkpoint_20260719\enable_coperception_early_from_attentive.yaml,cov_potential_game,grid,utility,utility,none,0,0,,cov_coalition_game,6,,4;12,12;4,4,"{""4"": 57}","{""4"": 3322, ""12"": 4894}",53152,29.56173526140156,5,40.0,200.0,1,ns3,899,0.5,10,12,28,,,[],[],4>12:1,,17,35,
2026_07_15_01_26_56,000062,15,all-cluster-heads,docs\doc_workspace\SGCP\artifacts\early_from_late_checkpoint_20260719\enable_coperception_early_from_attentive.yaml,cov_potential_game,grid,utility,utility,none,0,0,,cov_coalition_game,6,,6;15,15;6,6,"{""6"": 56}","{""6"": 4478, ""15"": 4745}",71648,39.84872080088988,5,40.0,200.0,1,ns3,899,0.5,10,12,28,,,[],[],6>15:2,,15,17,
2026_07_15_01_26_56,000062,16,all-cluster-heads,docs\doc_workspace\SGCP\artifacts\early_from_late_checkpoint_20260719\enable_coperception_early_from_attentive.yaml,cov_potential_game,grid,utility,utility,none,0,0,,cov_coalition_game,6,,5;7;16;20,16;7,7,"{""7"": 54}","{""7"": 4709, ""16"": 4866}",75344,41.90433815350389,5,40.0,200.0,1,ns3,899,0.5,10,12,28,,,[],[],7>16:3,,17,29,
2026_07_15_01_26_56,000062,17,all-cluster-heads,docs\doc_workspace\SGCP\artifacts\early_from_late_checkpoint_20260719\enable_coperception_early_from_attentive.yaml,cov_potential_game,grid,utility,utility,none,0,0,,cov_coalition_game,6,,3;14;17;18,17;14,14,"{""14"": 54}","{""14"": 5042, ""17"": 4985}",80672,44.86763070077864,5,40.0,200.0,1,ns3,899,0.5,10,12,28,,,[],[],14>17:4,,6,9,
2026_07_15_01_26_56,000062,19,all-cluster-heads,docs\doc_workspace\SGCP\artifacts\early_from_late_checkpoint_20260719\enable_coperception_early_from_attentive.yaml,cov_potential_game,grid,utility,utility,none,0,0,,cov_coalition_game,6,,9;10;13;19,19,,{},"{""19"": 4823}",0,0.0,5,40.0,200.0,1,ns3,899,0.5,10,12,28,,,[],[],,,2,9,
2026_07_15_01_26_56,000064,1,all-cluster-heads,docs\doc_workspace\SGCP\artifacts\early_from_late_checkpoint_20260719\enable_coperception_early_from_attentive.yaml,cov_potential_game,grid,utility,utility,none,0,0,,cov_coalition_game,6,,1;2;8;11,1;2,2,"{""2"": 51}","{""1"": 4921, ""2"": 4384}",70144,39.01223581757508,5,40.0,200.0,1,ns3,899,0.5,10,12,28,,,[],[],2>1:0,,22,31,
2026_07_15_01_26_56,000064,12,all-cluster-heads,docs\doc_workspace\SGCP\artifacts\early_from_late_checkpoint_20260719\enable_coperception_early_from_attentive.yaml,cov_potential_game,grid,utility,utility,none,0,0,,cov_coalition_game,6,,4;12,12;4,4,"{""4"": 56}","{""4"": 3281, ""12"": 4896}",52496,29.196885428253616,5,40.0,200.0,1,ns3,899,0.5,10,12,28,,,[],[],4>12:1,,14,35,
2026_07_15_01_26_56,000064,15,all-cluster-heads,docs\doc_workspace\SGCP\artifacts\early_from_late_checkpoint_20260719\enable_coperception_early_from_attentive.yaml,cov_potential_game,grid,utility,utility,none,0,0,,cov_coalition_game,6,,6;15,15;6,6,"{""6"": 58}","{""6"": 4512, ""15"": 4750}",72192,40.15127919911012,5,40.0,200.0,1,ns3,899,0.5,10,12,28,,,[],[],6>15:2,,15,17,
2026_07_15_01_26_56,000064,16,all-cluster-heads,docs\doc_workspace\SGCP\artifacts\early_from_late_checkpoint_20260719\enable_coperception_early_from_attentive.yaml,cov_potential_game,grid,utility,utility,none,0,0,,cov_coalition_game,6,,5;7;16;20,16;7,7,"{""7"": 54}","{""7"": 4698, ""16"": 4850}",75168,41.806451612903224,5,40.0,200.0,1,ns3,899,0.5,10,12,28,,,[],[],7>16:3,,18,29,
2026_07_15_01_26_56,000064,17,all-cluster-heads,docs\doc_workspace\SGCP\artifacts\early_from_late_checkpoint_20260719\enable_coperception_early_from_attentive.yaml,cov_potential_game,grid,utility,utility,none,0,0,,cov_coalition_game,6,,3;14;17;18,17;14,14,"{""14"": 55}","{""14"": 5060, ""17"": 4966}",80960,45.027808676307004,5,40.0,200.0,1,ns3,899,0.5,10,12,28,,,[],[],14>17:4,,10,9,
2026_07_15_01_26_56,000064,19,all-cluster-heads,docs\doc_workspace\SGCP\artifacts\early_from_late_checkpoint_20260719\enable_coperception_early_from_attentive.yaml,cov_potential_game,grid,utility,utility,none,0,0,,cov_coalition_game,6,,9;10;13;19,19,,{},"{""19"": 4819}",0,0.0,5,40.0,200.0,1,ns3,899,0.5,10,12,28,,,[],[],,,1,10,
2026_07_15_01_26_56,000066,1,all-cluster-heads,docs\doc_workspace\SGCP\artifacts\early_from_late_checkpoint_20260719\enable_coperception_early_from_attentive.yaml,cov_potential_game,grid,utility,utility,none,0,0,,cov_coalition_game,6,,1;2;8;11,1;2,2,"{""2"": 52}","{""1"": 4922, ""2"": 4392}",70272,39.083426028921025,5,40.0,200.0,1,ns3,899,0.5,10,12,28,,,[],[],2>1:0,,25,31,
2026_07_15_01_26_56,000066,12,all-cluster-heads,docs\doc_workspace\SGCP\artifacts\early_from_late_checkpoint_20260719\enable_coperception_early_from_attentive.yaml,cov_potential_game,grid,utility,utility,none,0,0,,cov_coalition_game,6,,4;7;12,12;7,7,"{""7"": 55}","{""7"": 4864, ""12"": 4884}",77824,43.28364849833148,5,40.0,200.0,1,ns3,899,0.5,10,12,28,,,[],[],7>12:1,,22,34,
2026_07_15_01_26_56,000066,15,all-cluster-heads,docs\doc_workspace\SGCP\artifacts\early_from_late_checkpoint_20260719\enable_coperception_early_from_attentive.yaml,cov_potential_game,grid,utility,utility,none,0,0,,cov_coalition_game,6,,6;15,15;6,6,"{""6"": 57}","{""6"": 4507, ""15"": 4740}",72112,40.10678531701891,5,40.0,200.0,1,ns3,899,0.5,10,12,28,,,[],[],6>15:2,,14,17,
2026_07_15_01_26_56,000066,16,all-cluster-heads,docs\doc_workspace\SGCP\artifacts\early_from_late_checkpoint_20260719\enable_coperception_early_from_attentive.yaml,cov_potential_game,grid,utility,utility,none,0,0,,cov_coalition_game,6,,5;16;20,16;20,20,"{""20"": 48}","{""16"": 4854, ""20"": 3146}",50336,27.99555061179088,5,40.0,200.0,1,ns3,899,0.5,10,12,28,,,[],[],20>16:3,,16,25,
2026_07_15_01_26_56,000066,17,all-cluster-heads,docs\doc_workspace\SGCP\artifacts\early_from_late_checkpoint_20260719\enable_coperception_early_from_attentive.yaml,cov_potential_game,grid,utility,utility,none,0,0,,cov_coalition_game,6,,3;14;17;18,17;14,14,"{""14"": 57}","{""14"": 5042, ""17"": 4984}",80672,44.86763070077864,5,40.0,200.0,1,ns3,899,0.5,10,12,28,,,[],[],14>17:4,,4,9,
2026_07_15_01_26_56,000066,19,all-cluster-heads,docs\doc_workspace\SGCP\artifacts\early_from_late_checkpoint_20260719\enable_coperception_early_from_attentive.yaml,cov_potential_game,grid,utility,utility,none,0,0,,cov_coalition_game,6,,9;10;13;19,19,,{},"{""19"": 4818}",0,0.0,5,40.0,200.0,1,ns3,899,0.5,10,12,28,,,[],[],,,0,10,
2026_07_15_01_26_56,000068,1,all-cluster-heads,docs\doc_workspace\SGCP\artifacts\early_from_late_checkpoint_20260719\enable_coperception_early_from_attentive.yaml,cov_potential_game,grid,utility,utility,none,0,0,,cov_coalition_game,6,,1;2;8;11,1;2,2,"{""2"": 53}","{""1"": 4924, ""2"": 4386}",70176,39.030033370411566,5,40.0,200.0,1,ns3,899,0.5,10,12,28,,,[],[],2>1:0,,22,32,
2026_07_15_01_26_56,000068,4,all-cluster-heads,docs\doc_workspace\SGCP\artifacts\early_from_late_checkpoint_20260719\enable_coperception_early_from_attentive.yaml,cov_potential_game,grid,utility,utility,none,0,0,,cov_coalition_game,6,,4;9;12,4;9,9,"{""9"": 50}","{""4"": 4848, ""9"": 4856}",77696,43.212458286985544,5,40.0,200.0,1,ns3,899,0.5,10,12,28,,,[],[],9>4:1,,22,36,
2026_07_15_01_26_56,000068,13,all-cluster-heads,docs\doc_workspace\SGCP\artifacts\early_from_late_checkpoint_20260719\enable_coperception_early_from_attentive.yaml,cov_potential_game,grid,utility,utility,none,0,0,,cov_coalition_game,6,,10;13;14;19,13;14,14,"{""14"": 58}","{""13"": 4795, ""14"": 5028}",80448,44.743047830923246,5,40.0,200.0,1,ns3,899,0.5,10,12,28,,,[],[],14>13:2,,0,11,
2026_07_15_01_26_56,000068,15,all-cluster-heads,docs\doc_workspace\SGCP\artifacts\early_from_late_checkpoint_20260719\enable_coperception_early_from_attentive.yaml,cov_potential_game,grid,utility,utility,none,0,0,,cov_coalition_game,6,,6;15,15;6,6,"{""6"": 59}","{""6"": 4514, ""15"": 4743}",72224,40.169076751946605,5,40.0,200.0,1,ns3,899,0.5,10,12,28,,,[],[],6>15:3,,15,16,
2026_07_15_01_26_56,000068,16,all-cluster-heads,docs\doc_workspace\SGCP\artifacts\early_from_late_checkpoint_20260719\enable_coperception_early_from_attentive.yaml,cov_potential_game,grid,utility,utility,none,0,0,,cov_coalition_game,6,,5;7;16;20,16;7,7,"{""7"": 53}","{""7"": 4672, ""16"": 4887}",74752,41.57508342602892,5,40.0,200.0,1,ns3,899,0.5,10,12,28,,,[],[],7>16:4,,18,27,
2026_07_15_01_26_56,000068,17,all-cluster-heads,docs\doc_workspace\SGCP\artifacts\early_from_late_checkpoint_20260719\enable_coperception_early_from_attentive.yaml,cov_potential_game,grid,utility,utility,none,0,0,,cov_coalition_game,6,,3;17;18,17,,{},"{""17"": 4976}",0,0.0,5,40.0,200.0,1,ns3,899,0.5,10,12,28,,,[],[],,,9,9,
2026_07_15_01_26_56,000070,1,all-cluster-heads,docs\doc_workspace\SGCP\artifacts\early_from_late_checkpoint_20260719\enable_coperception_early_from_attentive.yaml,cov_potential_game,grid,utility,utility,none,0,0,,cov_coalition_game,6,,1;4;12,1;12,12,"{""12"": 56}","{""1"": 4925, ""12"": 4883}",78128,43.452725250278085,5,40.0,200.0,1,ns3,899,0.5,10,12,28,,,[],[],12>1:0,,16,27,
2026_07_15_01_26_56,000070,11,all-cluster-heads,docs\doc_workspace\SGCP\artifacts\early_from_late_checkpoint_20260719\enable_coperception_early_from_attentive.yaml,cov_potential_game,grid,utility,utility,none,0,0,,cov_coalition_game,6,,2;8;9;11,11;9,9,"{""9"": 50}","{""9"": 4846, ""11"": 4909}",77536,43.12347052280312,5,40.0,200.0,1,ns3,899,0.5,10,12,28,,,[],[],9>11:1,,21,26,
2026_07_15_01_26_56,000070,13,all-cluster-heads,docs\doc_workspace\SGCP\artifacts\early_from_late_checkpoint_20260719\enable_coperception_early_from_attentive.yaml,cov_potential_game,grid,utility,utility,none,0,0,,cov_coalition_game,6,,10;13;14;19,13;14,14,"{""14"": 56}","{""13"": 4795, ""14"": 5031}",80496,44.76974416017798,5,40.0,200.0,1,ns3,899,0.5,10,12,28,,,[],[],14>13:2,,0,11,
2026_07_15_01_26_56,000070,15,all-cluster-heads,docs\doc_workspace\SGCP\artifacts\early_from_late_checkpoint_20260719\enable_coperception_early_from_attentive.yaml,cov_potential_game,grid,utility,utility,none,0,0,,cov_coalition_game,6,,6;15,15;6,6,"{""6"": 59}","{""6"": 4510, ""15"": 4740}",72160,40.13348164627364,5,40.0,200.0,1,ns3,899,0.5,10,12,28,,,[],[],6>15:3,,15,16,
2026_07_15_01_26_56,000070,16,all-cluster-heads,docs\doc_workspace\SGCP\artifacts\early_from_late_checkpoint_20260719\enable_coperception_early_from_attentive.yaml,cov_potential_game,grid,utility,utility,none,0,0,,cov_coalition_game,6,,5;7;16;20,16;7,7,"{""7"": 54}","{""7"": 4690, ""16"": 4856}",75040,41.73526140155728,5,40.0,200.0,1,ns3,899,0.5,10,12,28,,,[],[],7>16:4,,15,28,
2026_07_15_01_26_56,000070,17,all-cluster-heads,docs\doc_workspace\SGCP\artifacts\early_from_late_checkpoint_20260719\enable_coperception_early_from_attentive.yaml,cov_potential_game,grid,utility,utility,none,0,0,,cov_coalition_game,6,,3;17;18,17,,{},"{""17"": 4972}",0,0.0,5,40.0,200.0,1,ns3,899,0.5,10,12,28,,,[],[],,,9,9,
2026_07_15_01_26_56,000072,1,all-cluster-heads,docs\doc_workspace\SGCP\artifacts\early_from_late_checkpoint_20260719\enable_coperception_early_from_attentive.yaml,cov_potential_game,grid,utility,utility,none,0,0,,cov_coalition_game,6,,1;2;8;11,1;2,2,"{""2"": 53}","{""1"": 4928, ""2"": 4360}",69760,38.79866518353727,5,40.0,200.0,1,ns3,899,0.5,10,12,28,,,[],[],2>1:0,,25,31,
2026_07_15_01_26_56,000072,4,all-cluster-heads,docs\doc_workspace\SGCP\artifacts\early_from_late_checkpoint_20260719\enable_coperception_early_from_attentive.yaml,cov_potential_game,grid,utility,utility,none,0,0,,cov_coalition_game,6,,4;9;12,4;9,9,"{""9"": 50}","{""4"": 4868, ""9"": 4855}",77680,43.2035595105673,5,40.0,200.0,1,ns3,899,0.5,10,12,28,,,[],[],9>4:1,,22,35,
2026_07_15_01_26_56,000072,13,all-cluster-heads,docs\doc_workspace\SGCP\artifacts\early_from_late_checkpoint_20260719\enable_coperception_early_from_attentive.yaml,cov_potential_game,grid,utility,utility,none,0,0,,cov_coalition_game,6,,10;13;14;19,13;14,14,"{""14"": 61}","{""13"": 4800, ""14"": 5044}",80704,44.885428253615125,5,40.0,200.0,1,ns3,899,0.5,10,12,28,,,[],[],14>13:2,,3,10,
2026_07_15_01_26_56,000072,15,all-cluster-heads,docs\doc_workspace\SGCP\artifacts\early_from_late_checkpoint_20260719\enable_coperception_early_from_attentive.yaml,cov_potential_game,grid,utility,utility,none,0,0,,cov_coalition_game,6,,6;15,15;6,6,"{""6"": 55}","{""6"": 4495, ""15"": 4748}",71920,40.0,5,40.0,200.0,1,ns3,899,0.5,10,12,28,,,[],[],6>15:3,,15,18,
2026_07_15_01_26_56,000072,16,all-cluster-heads,docs\doc_workspace\SGCP\artifacts\early_from_late_checkpoint_20260719\enable_coperception_early_from_attentive.yaml,cov_potential_game,grid,utility,utility,none,0,0,,cov_coalition_game,6,,5;7;16;20,16;7,7,"{""7"": 56}","{""7"": 4689, ""16"": 4868}",75024,41.72636262513904,5,40.0,200.0,1,ns3,899,0.5,10,12,28,,,[],[],7>16:4,,14,26,
2026_07_15_01_26_56,000072,17,all-cluster-heads,docs\doc_workspace\SGCP\artifacts\early_from_late_checkpoint_20260719\enable_coperception_early_from_attentive.yaml,cov_potential_game,grid,utility,utility,none,0,0,,cov_coalition_game,6,,3;17;18,17,,{},"{""17"": 4977}",0,0.0,5,40.0,200.0,1,ns3,899,0.5,10,12,28,,,[],[],,,7,9,
2026_07_15_01_26_56,000074,1,all-cluster-heads,docs\doc_workspace\SGCP\artifacts\early_from_late_checkpoint_20260719\enable_coperception_early_from_attentive.yaml,cov_potential_game,grid,utility,utility,none,0,0,,cov_coalition_game,6,,1;2;8;11,1;2,2,"{""2"": 50}","{""1"": 4931, ""2"": 4364}",69824,38.834260289210235,5,40.0,200.0,1,ns3,899,0.5,10,12,28,,,[],[],2>1:0,,25,30,
2026_07_15_01_26_56,000074,12,all-cluster-heads,docs\doc_workspace\SGCP\artifacts\early_from_late_checkpoint_20260719\enable_coperception_early_from_attentive.yaml,cov_potential_game,grid,utility,utility,none,0,0,,cov_coalition_game,6,,4;7;12,12;7,7,"{""7"": 59}","{""7"": 4880, ""12"": 4881}",78080,43.42602892102336,5,40.0,200.0,1,ns3,899,0.5,10,12,28,,,[],[],7>12:1,,19,34,
2026_07_15_01_26_56,000074,13,all-cluster-heads,docs\doc_workspace\SGCP\artifacts\early_from_late_checkpoint_20260719\enable_coperception_early_from_attentive.yaml,cov_potential_game,grid,utility,utility,none,0,0,,cov_coalition_game,6,,10;13;14;19,13;14,14,"{""14"": 61}","{""13"": 4800, ""14"": 5017}",80272,44.645161290322584,5,40.0,200.0,1,ns3,899,0.5,10,12,28,,,[],[],14>13:2,,3,11,
2026_07_15_01_26_56,000074,15,all-cluster-heads,docs\doc_workspace\SGCP\artifacts\early_from_late_checkpoint_20260719\enable_coperception_early_from_attentive.yaml,cov_potential_game,grid,utility,utility,none,0,0,,cov_coalition_game,6,,6;15,15;6,6,"{""6"": 54}","{""6"": 4491, ""15"": 4753}",71856,39.96440489432703,5,40.0,200.0,1,ns3,899,0.5,10,12,28,,,[],[],6>15:3,,15,18,
2026_07_15_01_26_56,000074,17,all-cluster-heads,docs\doc_workspace\SGCP\artifacts\early_from_late_checkpoint_20260719\enable_coperception_early_from_attentive.yaml,cov_potential_game,grid,utility,utility,none,0,0,,cov_coalition_game,6,,3;17;18,17;3,3,"{""3"": 58}","{""3"": 3687, ""17"": 4954}",58992,32.80978865406007,5,40.0,200.0,1,ns3,899,0.5,10,12,28,,,[],[],3>17:4,,8,15,
2026_07_15_01_26_56,000074,20,all-cluster-heads,docs\doc_workspace\SGCP\artifacts\early_from_late_checkpoint_20260719\enable_coperception_early_from_attentive.yaml,cov_potential_game,grid,utility,utility,none,0,0,,cov_coalition_game,6,,5;9;16;20,20,,{},"{""20"": 4907}",0,0.0,5,40.0,200.0,1,ns3,899,0.5,10,12,28,,,[],[],,,21,19,
2026_07_15_01_26_56,000076,1,all-cluster-heads,docs\doc_workspace\SGCP\artifacts\early_from_late_checkpoint_20260719\enable_coperception_early_from_attentive.yaml,cov_potential_game,grid,utility,utility,none,0,0,,cov_coalition_game,6,,1;2;8;11,1;2,2,"{""2"": 50}","{""1"": 4934, ""2"": 4372}",69952,38.90545050055617,5,40.0,200.0,1,ns3,899,0.5,10,12,28,,,[],[],2>1:0,,17,32,
2026_07_15_01_26_56,000076,4,all-cluster-heads,docs\doc_workspace\SGCP\artifacts\early_from_late_checkpoint_20260719\enable_coperception_early_from_attentive.yaml,cov_potential_game,grid,utility,utility,none,0,0,,cov_coalition_game,6,,4;9;12,4;9,9,"{""9"": 52}","{""4"": 4853, ""9"": 4858}",77728,43.23025583982203,5,40.0,200.0,1,ns3,899,0.5,10,12,28,,,[],[],9>4:1,,21,36,
2026_07_15_01_26_56,000076,13,all-cluster-heads,docs\doc_workspace\SGCP\artifacts\early_from_late_checkpoint_20260719\enable_coperception_early_from_attentive.yaml,cov_potential_game,grid,utility,utility,none,0,0,,cov_coalition_game,6,,10;13;14;19,13;14,14,"{""14"": 60}","{""13"": 4773, ""14"": 5021}",80336,44.68075639599555,5,40.0,200.0,1,ns3,899,0.5,10,12,28,,,[],[],14>13:2,,2,11,
2026_07_15_01_26_56,000076,15,all-cluster-heads,docs\doc_workspace\SGCP\artifacts\early_from_late_checkpoint_20260719\enable_coperception_early_from_attentive.yaml,cov_potential_game,grid,utility,utility,none,0,0,,cov_coalition_game,6,,6;15,15;6,6,"{""6"": 56}","{""6"": 4513, ""15"": 4754}",72208,40.16017797552836,5,40.0,200.0,1,ns3,899,0.5,10,12,28,,,[],[],6>15:3,,16,18,
2026_07_15_01_26_56,000076,16,all-cluster-heads,docs\doc_workspace\SGCP\artifacts\early_from_late_checkpoint_20260719\enable_coperception_early_from_attentive.yaml,cov_potential_game,grid,utility,utility,none,0,0,,cov_coalition_game,6,,5;7;16;20,16;7,7,"{""7"": 55}","{""7"": 4701, ""16"": 4885}",75216,41.83314794215795,5,40.0,200.0,1,ns3,899,0.5,10,12,28,,,[],[],7>16:4,,15,24,
2026_07_15_01_26_56,000076,17,all-cluster-heads,docs\doc_workspace\SGCP\artifacts\early_from_late_checkpoint_20260719\enable_coperception_early_from_attentive.yaml,cov_potential_game,grid,utility,utility,none,0,0,,cov_coalition_game,6,,3;17;18,17,,{},"{""17"": 5003}",0,0.0,5,40.0,200.0,1,ns3,899,0.5,10,12,28,,,[],[],,,6,10,
2026_07_15_01_26_56,000078,1,all-cluster-heads,docs\doc_workspace\SGCP\artifacts\early_from_late_checkpoint_20260719\enable_coperception_early_from_attentive.yaml,cov_potential_game,grid,utility,utility,none,0,0,,cov_coalition_game,6,,1;2;8;11,1;2,2,"{""2"": 49}","{""1"": 4934, ""2"": 4362}",69792,38.81646273637375,5,40.0,200.0,1,ns3,899,0.5,10,12,28,,,[],[],2>1:0,,22,31,
2026_07_15_01_26_56,000078,4,all-cluster-heads,docs\doc_workspace\SGCP\artifacts\early_from_late_checkpoint_20260719\enable_coperception_early_from_attentive.yaml,cov_potential_game,grid,utility,utility,none,0,0,,cov_coalition_game,6,,4;9;12,4;9,9,"{""9"": 52}","{""4"": 4858, ""9"": 4856}",77696,43.212458286985544,5,40.0,200.0,1,ns3,899,0.5,10,12,28,,,[],[],9>4:1,,18,39,
2026_07_15_01_26_56,000078,13,all-cluster-heads,docs\doc_workspace\SGCP\artifacts\early_from_late_checkpoint_20260719\enable_coperception_early_from_attentive.yaml,cov_potential_game,grid,utility,utility,none,0,0,,cov_coalition_game,6,,10;13;14;19,13;14,14,"{""14"": 63}","{""13"": 4778, ""14"": 5015}",80240,44.6273637374861,5,40.0,200.0,1,ns3,899,0.5,10,12,28,,,[],[],14>13:2,,1,10,
2026_07_15_01_26_56,000078,15,all-cluster-heads,docs\doc_workspace\SGCP\artifacts\early_from_late_checkpoint_20260719\enable_coperception_early_from_attentive.yaml,cov_potential_game,grid,utility,utility,none,0,0,,cov_coalition_game,6,,6;15,15;6,6,"{""6"": 54}","{""6"": 4513, ""15"": 4753}",72208,40.16017797552836,5,40.0,200.0,1,ns3,899,0.5,10,12,28,,,[],[],6>15:3,,17,19,
2026_07_15_01_26_56,000078,16,all-cluster-heads,docs\doc_workspace\SGCP\artifacts\early_from_late_checkpoint_20260719\enable_coperception_early_from_attentive.yaml,cov_potential_game,grid,utility,utility,none,0,0,,cov_coalition_game,6,,5;7;16;20,16;7,7,"{""7"": 56}","{""7"": 4725, ""16"": 4880}",75600,42.04671857619577,5,40.0,200.0,1,ns3,899,0.5,10,12,28,,,[],[],7>16:4,,16,23,
2026_07_15_01_26_56,000078,17,all-cluster-heads,docs\doc_workspace\SGCP\artifacts\early_from_late_checkpoint_20260719\enable_coperception_early_from_attentive.yaml,cov_potential_game,grid,utility,utility,none,0,0,,cov_coalition_game,6,,3;17;18,17,,{},"{""17"": 4995}",0,0.0,5,40.0,200.0,1,ns3,899,0.5,10,12,28,,,[],[],,,8,10,
2026_07_15_01_26_56,000080,1,all-cluster-heads,docs\doc_workspace\SGCP\artifacts\early_from_late_checkpoint_20260719\enable_coperception_early_from_attentive.yaml,cov_potential_game,grid,utility,utility,none,0,0,,cov_coalition_game,6,,1;2;8;11,1;2,2,"{""2"": 49}","{""1"": 4933, ""2"": 4344}",69504,38.65628476084539,5,40.0,200.0,1,ns3,899,0.5,10,12,28,,,[],[],2>1:0,,23,32,
2026_07_15_01_26_56,000080,4,all-cluster-heads,docs\doc_workspace\SGCP\artifacts\early_from_late_checkpoint_20260719\enable_coperception_early_from_attentive.yaml,cov_potential_game,grid,utility,utility,none,0,0,,cov_coalition_game,6,,4;9;12,4;9,9,"{""9"": 52}","{""4"": 4847, ""9"": 4857}",77712,43.22135706340379,5,40.0,200.0,1,ns3,899,0.5,10,12,28,,,[],[],9>4:1,,21,39,
2026_07_15_01_26_56,000080,13,all-cluster-heads,docs\doc_workspace\SGCP\artifacts\early_from_late_checkpoint_20260719\enable_coperception_early_from_attentive.yaml,cov_potential_game,grid,utility,utility,none,0,0,,cov_coalition_game,6,,10;13;14;19,13;14,14,"{""14"": 63}","{""13"": 4772, ""14"": 5030}",80480,44.76084538375973,5,40.0,200.0,1,ns3,899,0.5,10,12,28,,,[],[],14>13:2,,3,10,
2026_07_15_01_26_56,000080,15,all-cluster-heads,docs\doc_workspace\SGCP\artifacts\early_from_late_checkpoint_20260719\enable_coperception_early_from_attentive.yaml,cov_potential_game,grid,utility,utility,none,0,0,,cov_coalition_game,6,,6;15,15;6,6,"{""6"": 56}","{""6"": 4512, ""15"": 4751}",72192,40.15127919911012,5,40.0,200.0,1,ns3,899,0.5,10,12,28,,,[],[],6>15:3,,15,18,
2026_07_15_01_26_56,000080,16,all-cluster-heads,docs\doc_workspace\SGCP\artifacts\early_from_late_checkpoint_20260719\enable_coperception_early_from_attentive.yaml,cov_potential_game,grid,utility,utility,none,0,0,,cov_coalition_game,6,,5;7;16;20,16;7,7,"{""7"": 57}","{""7"": 4725, ""16"": 4897}",75600,42.04671857619577,5,40.0,200.0,1,ns3,899,0.5,10,12,28,,,[],[],7>16:4,,16,24,
2026_07_15_01_26_56,000080,17,all-cluster-heads,docs\doc_workspace\SGCP\artifacts\early_from_late_checkpoint_20260719\enable_coperception_early_from_attentive.yaml,cov_potential_game,grid,utility,utility,none,0,0,,cov_coalition_game,6,,3;17;18,17,,{},"{""17"": 4990}",0,0.0,5,40.0,200.0,1,ns3,899,0.5,10,12,28,,,[],[],,,9,11,
2026_07_15_01_26_56,000082,1,all-cluster-heads,docs\doc_workspace\SGCP\artifacts\early_from_late_checkpoint_20260719\enable_coperception_early_from_attentive.yaml,cov_potential_game,grid,utility,utility,none,0,0,,cov_coalition_game,6,,1;2;8;11,1;2,2,"{""2"": 51}","{""1"": 4932, ""2"": 4388}",70208,39.04783092324805,5,40.0,200.0,1,ns3,899,0.5,10,12,28,,,[],[],2>1:0,,24,31,
2026_07_15_01_26_56,000082,12,all-cluster-heads,docs\doc_workspace\SGCP\artifacts\early_from_late_checkpoint_20260719\enable_coperception_early_from_attentive.yaml,cov_potential_game,grid,utility,utility,none,0,0,,cov_coalition_game,6,,4;7;12,12;7,7,"{""7"": 58}","{""7"": 4888, ""12"": 4915}",78208,43.4972191323693,5,40.0,200.0,1,ns3,899,0.5,10,12,28,,,[],[],7>12:1,,19,33,
2026_07_15_01_26_56,000082,13,all-cluster-heads,docs\doc_workspace\SGCP\artifacts\early_from_late_checkpoint_20260719\enable_coperception_early_from_attentive.yaml,cov_potential_game,grid,utility,utility,none,0,0,,cov_coalition_game,6,,10;13;14;19,13;14,14,"{""14"": 61}","{""13"": 4801, ""14"": 4993}",79888,44.43159065628476,5,40.0,200.0,1,ns3,899,0.5,10,12,28,,,[],[],14>13:2,,2,10,
2026_07_15_01_26_56,000082,15,all-cluster-heads,docs\doc_workspace\SGCP\artifacts\early_from_late_checkpoint_20260719\enable_coperception_early_from_attentive.yaml,cov_potential_game,grid,utility,utility,none,0,0,,cov_coalition_game,6,,6;15,15;6,6,"{""6"": 56}","{""6"": 4527, ""15"": 4758}",72432,40.28476084538376,5,40.0,200.0,1,ns3,899,0.5,10,12,28,,,[],[],6>15:3,,16,18,
2026_07_15_01_26_56,000082,17,all-cluster-heads,docs\doc_workspace\SGCP\artifacts\early_from_late_checkpoint_20260719\enable_coperception_early_from_attentive.yaml,cov_potential_game,grid,utility,utility,none,0,0,,cov_coalition_game,6,,3;16;17;18,17;16,16,"{""16"": 56}","{""16"": 4869, ""17"": 4970}",77904,43.32814238042269,5,40.0,200.0,1,ns3,899,0.5,10,12,28,,,[],[],16>17:4,,13,22,
2026_07_15_01_26_56,000082,20,all-cluster-heads,docs\doc_workspace\SGCP\artifacts\early_from_late_checkpoint_20260719\enable_coperception_early_from_attentive.yaml,cov_potential_game,grid,utility,utility,none,0,0,,cov_coalition_game,6,,5;9;20,20,,{},"{""20"": 4906}",0,0.0,5,40.0,200.0,1,ns3,899,0.5,10,12,28,,,[],[],,,19,19,
2026_07_15_01_26_56,000084,1,all-cluster-heads,docs\doc_workspace\SGCP\artifacts\early_from_late_checkpoint_20260719\enable_coperception_early_from_attentive.yaml,cov_potential_game,grid,utility,utility,none,0,0,,cov_coalition_game,6,,1;2;8;11,1;2,2,"{""2"": 52}","{""1"": 4932, ""2"": 4389}",70224,39.0567296996663,5,40.0,200.0,1,ns3,899,0.5,10,12,28,,,[],[],2>1:0,,25,31,
2026_07_15_01_26_56,000084,12,all-cluster-heads,docs\doc_workspace\SGCP\artifacts\early_from_late_checkpoint_20260719\enable_coperception_early_from_attentive.yaml,cov_potential_game,grid,utility,utility,none,0,0,,cov_coalition_game,6,,4;7;12,12;7,7,"{""7"": 60}","{""7"": 4892, ""12"": 4926}",78272,43.53281423804227,5,40.0,200.0,1,ns3,899,0.5,10,12,28,,,[],[],7>12:1,,18,29,
2026_07_15_01_26_56,000084,13,all-cluster-heads,docs\doc_workspace\SGCP\artifacts\early_from_late_checkpoint_20260719\enable_coperception_early_from_attentive.yaml,cov_potential_game,grid,utility,utility,none,0,0,,cov_coalition_game,6,,10;13;14;19,13;14,14,"{""14"": 58}","{""13"": 4788, ""14"": 4993}",79888,44.43159065628476,5,40.0,200.0,1,ns3,899,0.5,10,12,28,,,[],[],14>13:2,,3,10,
2026_07_15_01_26_56,000084,15,all-cluster-heads,docs\doc_workspace\SGCP\artifacts\early_from_late_checkpoint_20260719\enable_coperception_early_from_attentive.yaml,cov_potential_game,grid,utility,utility,none,0,0,,cov_coalition_game,6,,6;15,15;6,6,"{""6"": 57}","{""6"": 4531, ""15"": 4766}",72496,40.320355951056726,5,40.0,200.0,1,ns3,899,0.5,10,12,28,,,[],[],6>15:3,,15,18,
2026_07_15_01_26_56,000084,17,all-cluster-heads,docs\doc_workspace\SGCP\artifacts\early_from_late_checkpoint_20260719\enable_coperception_early_from_attentive.yaml,cov_potential_game,grid,utility,utility,none,0,0,,cov_coalition_game,6,,3;16;17;18,17;16,16,"{""16"": 49}","{""16"": 4873, ""17"": 4976}",77968,43.363737486095665,5,40.0,200.0,1,ns3,899,0.5,10,12,28,,,[],[],16>17:4,,12,22,
2026_07_15_01_26_56,000084,20,all-cluster-heads,docs\doc_workspace\SGCP\artifacts\early_from_late_checkpoint_20260719\enable_coperception_early_from_attentive.yaml,cov_potential_game,grid,utility,utility,none,0,0,,cov_coalition_game,6,,5;9;20,20,,{},"{""20"": 4904}",0,0.0,5,40.0,200.0,1,ns3,899,0.5,10,12,28,,,[],[],,,19,19,
2026_07_15_01_26_56,000086,1,all-cluster-heads,docs\doc_workspace\SGCP\artifacts\early_from_late_checkpoint_20260719\enable_coperception_early_from_attentive.yaml,cov_potential_game,grid,utility,utility,none,0,0,,cov_coalition_game,6,,1;2;8;11,1;2,2,"{""2"": 54}","{""1"": 4932, ""2"": 4400}",70400,39.15461624026696,5,40.0,200.0,1,ns3,899,0.5,10,12,28,,,[],[],2>1:0,,21,32,
2026_07_15_01_26_56,000086,12,all-cluster-heads,docs\doc_workspace\SGCP\artifacts\early_from_late_checkpoint_20260719\enable_coperception_early_from_attentive.yaml,cov_potential_game,grid,utility,utility,none,0,0,,cov_coalition_game,6,,4;7;12,12;7,7,"{""7"": 59}","{""7"": 4897, ""12"": 4938}",78352,43.57730812013348,5,40.0,200.0,1,ns3,899,0.5,10,12,28,,,[],[],7>12:1,,21,32,
2026_07_15_01_26_56,000086,13,all-cluster-heads,docs\doc_workspace\SGCP\artifacts\early_from_late_checkpoint_20260719\enable_coperception_early_from_attentive.yaml,cov_potential_game,grid,utility,utility,none,0,0,,cov_coalition_game,6,,10;13;14;19,13;14,14,"{""14"": 59}","{""13"": 4773, ""14"": 5014}",80224,44.61846496106785,5,40.0,200.0,1,ns3,899,0.5,10,12,28,,,[],[],14>13:2,,2,10,
2026_07_15_01_26_56,000086,15,all-cluster-heads,docs\doc_workspace\SGCP\artifacts\early_from_late_checkpoint_20260719\enable_coperception_early_from_attentive.yaml,cov_potential_game,grid,utility,utility,none,0,0,,cov_coalition_game,6,,6;15,15;6,6,"{""6"": 55}","{""6"": 4529, ""15"": 4762}",72464,40.30255839822024,5,40.0,200.0,1,ns3,899,0.5,10,12,28,,,[],[],6>15:3,,16,19,
2026_07_15_01_26_56,000086,17,all-cluster-heads,docs\doc_workspace\SGCP\artifacts\early_from_late_checkpoint_20260719\enable_coperception_early_from_attentive.yaml,cov_potential_game,grid,utility,utility,none,0,0,,cov_coalition_game,6,,3;16;17;18,17;16,16,"{""16"": 51}","{""16"": 4874, ""17"": 4971}",77984,43.37263626251391,5,40.0,200.0,1,ns3,899,0.5,10,12,28,,,[],[],16>17:4,,13,21,
2026_07_15_01_26_56,000086,20,all-cluster-heads,docs\doc_workspace\SGCP\artifacts\early_from_late_checkpoint_20260719\enable_coperception_early_from_attentive.yaml,cov_potential_game,grid,utility,utility,none,0,0,,cov_coalition_game,6,,5;9;20,20,,{},"{""20"": 4905}",0,0.0,5,40.0,200.0,1,ns3,899,0.5,10,12,28,,,[],[],,,18,19,
2026_07_15_01_26_56,000088,1,all-cluster-heads,docs\doc_workspace\SGCP\artifacts\early_from_late_checkpoint_20260719\enable_coperception_early_from_attentive.yaml,cov_potential_game,grid,utility,utility,none,0,0,,cov_coalition_game,6,,1;2;8;11,1;11,11,"{""11"": 54}","{""1"": 4930, ""11"": 4583}",73328,40.783092324805345,5,40.0,200.0,1,ns3,899,0.5,10,12,28,,,[],[],11>1:0,,24,32,
2026_07_15_01_26_56,000088,12,all-cluster-heads,docs\doc_workspace\SGCP\artifacts\early_from_late_checkpoint_20260719\enable_coperception_early_from_attentive.yaml,cov_potential_game,grid,utility,utility,none,0,0,,cov_coalition_game,6,,4;7;12,12;7,7,"{""7"": 60}","{""7"": 4897, ""12"": 4937}",78352,43.57730812013348,5,40.0,200.0,1,ns3,899,0.5,10,12,28,,,[],[],7>12:1,,22,32,
2026_07_15_01_26_56,000088,13,all-cluster-heads,docs\doc_workspace\SGCP\artifacts\early_from_late_checkpoint_20260719\enable_coperception_early_from_attentive.yaml,cov_potential_game,grid,utility,utility,none,0,0,,cov_coalition_game,6,,10;13;14;19,13;14,14,"{""14"": 59}","{""13"": 4764, ""14"": 4997}",79952,44.46718576195773,5,40.0,200.0,1,ns3,899,0.5,10,12,28,,,[],[],14>13:2,,1,10,
2026_07_15_01_26_56,000088,15,all-cluster-heads,docs\doc_workspace\SGCP\artifacts\early_from_late_checkpoint_20260719\enable_coperception_early_from_attentive.yaml,cov_potential_game,grid,utility,utility,none,0,0,,cov_coalition_game,6,,6;15,15;6,6,"{""6"": 56}","{""6"": 4493, ""15"": 4772}",71888,39.982202447163516,5,40.0,200.0,1,ns3,899,0.5,10,12,28,,,[],[],6>15:3,,15,19,
2026_07_15_01_26_56,000088,17,all-cluster-heads,docs\doc_workspace\SGCP\artifacts\early_from_late_checkpoint_20260719\enable_coperception_early_from_attentive.yaml,cov_potential_game,grid,utility,utility,none,0,0,,cov_coalition_game,6,,3;16;17;18,17;16,16,"{""16"": 54}","{""16"": 4894, ""17"": 4985}",78304,43.550611790878754,5,40.0,200.0,1,ns3,899,0.5,10,12,28,,,[],[],16>17:4,,15,21,
2026_07_15_01_26_56,000088,20,all-cluster-heads,docs\doc_workspace\SGCP\artifacts\early_from_late_checkpoint_20260719\enable_coperception_early_from_attentive.yaml,cov_potential_game,grid,utility,utility,none,0,0,,cov_coalition_game,6,,5;9;20,20,,{},"{""20"": 4903}",0,0.0,5,40.0,200.0,1,ns3,899,0.5,10,12,28,,,[],[],,,19,20,
2026_07_15_01_26_56,000090,1,all-cluster-heads,docs\doc_workspace\SGCP\artifacts\early_from_late_checkpoint_20260719\enable_coperception_early_from_attentive.yaml,cov_potential_game,grid,utility,utility,none,0,0,,cov_coalition_game,6,,1;2;8;11,1;11,11,"{""11"": 54}","{""1"": 4930, ""11"": 4583}",73328,40.783092324805345,5,40.0,200.0,1,ns3,899,0.5,10,12,28,,,[],[],11>1:0,,24,33,
2026_07_15_01_26_56,000090,12,all-cluster-heads,docs\doc_workspace\SGCP\artifacts\early_from_late_checkpoint_20260719\enable_coperception_early_from_attentive.yaml,cov_potential_game,grid,utility,utility,none,0,0,,cov_coalition_game,6,,4;7;12,12;7,7,"{""7"": 60}","{""7"": 4905, ""12"": 4954}",78480,43.64849833147942,5,40.0,200.0,1,ns3,899,0.5,10,12,28,,,[],[],7>12:1,,19,30,
2026_07_15_01_26_56,000090,13,all-cluster-heads,docs\doc_workspace\SGCP\artifacts\early_from_late_checkpoint_20260719\enable_coperception_early_from_attentive.yaml,cov_potential_game,grid,utility,utility,none,0,0,,cov_coalition_game,6,,10;13;14;19,13;14,14,"{""14"": 60}","{""13"": 4769, ""14"": 4958}",79328,44.12013348164627,5,40.0,200.0,1,ns3,899,0.5,10,12,28,,,[],[],14>13:2,,1,10,
2026_07_15_01_26_56,000090,15,all-cluster-heads,docs\doc_workspace\SGCP\artifacts\early_from_late_checkpoint_20260719\enable_coperception_early_from_attentive.yaml,cov_potential_game,grid,utility,utility,none,0,0,,cov_coalition_game,6,,6;15,15;6,6,"{""6"": 56}","{""6"": 4471, ""15"": 4768}",71536,39.786429365962185,5,40.0,200.0,1,ns3,899,0.5,10,12,28,,,[],[],6>15:3,,15,19,
2026_07_15_01_26_56,000090,17,all-cluster-heads,docs\doc_workspace\SGCP\artifacts\early_from_late_checkpoint_20260719\enable_coperception_early_from_attentive.yaml,cov_potential_game,grid,utility,utility,none,0,0,,cov_coalition_game,6,,3;16;17;18,17;16,16,"{""16"": 56}","{""16"": 4893, ""17"": 5007}",78288,43.54171301446051,5,40.0,200.0,1,ns3,899,0.5,10,12,28,,,[],[],16>17:4,,15,22,
2026_07_15_01_26_56,000090,20,all-cluster-heads,docs\doc_workspace\SGCP\artifacts\early_from_late_checkpoint_20260719\enable_coperception_early_from_attentive.yaml,cov_potential_game,grid,utility,utility,none,0,0,,cov_coalition_game,6,,5;9;20,20,,{},"{""20"": 4905}",0,0.0,5,40.0,200.0,1,ns3,899,0.5,10,12,28,,,[],[],,,19,20,
2026_07_15_01_26_56,000092,1,all-cluster-heads,docs\doc_workspace\SGCP\artifacts\early_from_late_checkpoint_20260719\enable_coperception_early_from_attentive.yaml,cov_potential_game,grid,utility,utility,none,0,0,,cov_coalition_game,6,,1;2;8;11,1;11,11,"{""11"": 53}","{""1"": 4928, ""11"": 4581}",73296,40.765294771968854,5,40.0,200.0,1,ns3,899,0.5,10,12,28,,,[],[],11>1:0,,22,32,
2026_07_15_01_26_56,000092,12,all-cluster-heads,docs\doc_workspace\SGCP\artifacts\early_from_late_checkpoint_20260719\enable_coperception_early_from_attentive.yaml,cov_potential_game,grid,utility,utility,none,0,0,,cov_coalition_game,6,,4;7;12,12;7,7,"{""7"": 59}","{""7"": 4901, ""12"": 4963}",78416,43.61290322580645,5,40.0,200.0,1,ns3,899,0.5,10,12,28,,,[],[],7>12:1,,20,28,
2026_07_15_01_26_56,000092,13,all-cluster-heads,docs\doc_workspace\SGCP\artifacts\early_from_late_checkpoint_20260719\enable_coperception_early_from_attentive.yaml,cov_potential_game,grid,utility,utility,none,0,0,,cov_coalition_game,6,,10;13;14;19,13;14,14,"{""14"": 60}","{""13"": 4781, ""14"": 4960}",79360,44.137931034482754,5,40.0,200.0,1,ns3,899,0.5,10,12,28,,,[],[],14>13:2,,0,10,
2026_07_15_01_26_56,000092,15,all-cluster-heads,docs\doc_workspace\SGCP\artifacts\early_from_late_checkpoint_20260719\enable_coperception_early_from_attentive.yaml,cov_potential_game,grid,utility,utility,none,0,0,,cov_coalition_game,6,,6;15,15;6,6,"{""6"": 56}","{""6"": 4649, ""15"": 4770}",74384,41.370411568409345,5,40.0,200.0,1,ns3,899,0.5,10,12,28,,,[],[],6>15:3,,16,19,
2026_07_15_01_26_56,000092,17,all-cluster-heads,docs\doc_workspace\SGCP\artifacts\early_from_late_checkpoint_20260719\enable_coperception_early_from_attentive.yaml,cov_potential_game,grid,utility,utility,none,0,0,,cov_coalition_game,6,,3;16;17;18,17;16,16,"{""16"": 58}","{""16"": 4903, ""17"": 5000}",78448,43.63070077864294,5,40.0,200.0,1,ns3,899,0.5,10,12,28,,,[],[],16>17:4,,13,21,
2026_07_15_01_26_56,000092,20,all-cluster-heads,docs\doc_workspace\SGCP\artifacts\early_from_late_checkpoint_20260719\enable_coperception_early_from_attentive.yaml,cov_potential_game,grid,utility,utility,none,0,0,,cov_coalition_game,6,,5;9;20,20,,{},"{""20"": 4905}",0,0.0,5,40.0,200.0,1,ns3,899,0.5,10,12,28,,,[],[],,,21,20,
2026_07_15_01_26_56,000094,1,all-cluster-heads,docs\doc_workspace\SGCP\artifacts\early_from_late_checkpoint_20260719\enable_coperception_early_from_attentive.yaml,cov_potential_game,grid,utility,utility,none,0,0,,cov_coalition_game,6,,1;2;8;11,1;11,11,"{""11"": 53}","{""1"": 4929, ""11"": 4582}",73312,40.7741935483871,5,40.0,200.0,1,ns3,899,0.5,10,12,28,,,[],[],11>1:0,,22,31,
2026_07_15_01_26_56,000094,12,all-cluster-heads,docs\doc_workspace\SGCP\artifacts\early_from_late_checkpoint_20260719\enable_coperception_early_from_attentive.yaml,cov_potential_game,grid,utility,utility,none,0,0,,cov_coalition_game,6,,4;7;12,12;7,7,"{""7"": 58}","{""7"": 4898, ""12"": 4976}",78368,43.58620689655172,5,40.0,200.0,1,ns3,899,0.5,10,12,28,,,[],[],7>12:1,,19,31,
2026_07_15_01_26_56,000094,13,all-cluster-heads,docs\doc_workspace\SGCP\artifacts\early_from_late_checkpoint_20260719\enable_coperception_early_from_attentive.yaml,cov_potential_game,grid,utility,utility,none,0,0,,cov_coalition_game,6,,10;13;14;19,13;14,14,"{""14"": 60}","{""13"": 4805, ""14"": 4943}",79088,43.98665183537263,5,40.0,200.0,1,ns3,899,0.5,10,12,28,,,[],[],14>13:2,,0,10,
2026_07_15_01_26_56,000094,15,all-cluster-heads,docs\doc_workspace\SGCP\artifacts\early_from_late_checkpoint_20260719\enable_coperception_early_from_attentive.yaml,cov_potential_game,grid,utility,utility,none,0,0,,cov_coalition_game,6,,6;15,15;6,6,"{""6"": 58}","{""6"": 4652, ""15"": 4772}",74432,41.39710789766407,5,40.0,200.0,1,ns3,899,0.5,10,12,28,,,[],[],6>15:3,,17,20,
2026_07_15_01_26_56,000094,17,all-cluster-heads,docs\doc_workspace\SGCP\artifacts\early_from_late_checkpoint_20260719\enable_coperception_early_from_attentive.yaml,cov_potential_game,grid,utility,utility,none,0,0,,cov_coalition_game,6,,3;16;17;18,17;16,16,"{""16"": 54}","{""16"": 4854, ""17"": 4995}",77664,43.19466073414905,5,40.0,200.0,1,ns3,899,0.5,10,12,28,,,[],[],16>17:4,,12,21,
2026_07_15_01_26_56,000094,20,all-cluster-heads,docs\doc_workspace\SGCP\artifacts\early_from_late_checkpoint_20260719\enable_coperception_early_from_attentive.yaml,cov_potential_game,grid,utility,utility,none,0,0,,cov_coalition_game,6,,5;9;20,20,,{},"{""20"": 4905}",0,0.0,5,40.0,200.0,1,ns3,899,0.5,10,12,28,,,[],[],,,20,20,
2026_07_15_01_26_56,000096,1,all-cluster-heads,docs\doc_workspace\SGCP\artifacts\early_from_late_checkpoint_20260719\enable_coperception_early_from_attentive.yaml,cov_potential_game,grid,utility,utility,none,0,0,,cov_coalition_game,6,,1;2;8;11,1;11,11,"{""11"": 53}","{""1"": 4928, ""11"": 4586}",73376,40.80978865406007,5,40.0,200.0,1,ns3,899,0.5,10,12,28,,,[],[],11>1:0,,22,31,
2026_07_15_01_26_56,000096,12,all-cluster-heads,docs\doc_workspace\SGCP\artifacts\early_from_late_checkpoint_20260719\enable_coperception_early_from_attentive.yaml,cov_potential_game,grid,utility,utility,none,0,0,,cov_coalition_game,6,,4;7;12,12;7,7,"{""7"": 59}","{""7"": 4897, ""12"": 4975}",78352,43.57730812013348,5,40.0,200.0,1,ns3,899,0.5,10,12,28,,,[],[],7>12:1,,16,26,
2026_07_15_01_26_56,000096,13,all-cluster-heads,docs\doc_workspace\SGCP\artifacts\early_from_late_checkpoint_20260719\enable_coperception_early_from_attentive.yaml,cov_potential_game,grid,utility,utility,none,0,0,,cov_coalition_game,6,,10;13;14;19,13;14,14,"{""14"": 61}","{""13"": 4751, ""14"": 4919}",78704,43.77308120133482,5,40.0,200.0,1,ns3,899,0.5,10,12,28,,,[],[],14>13:2,,1,10,
2026_07_15_01_26_56,000096,15,all-cluster-heads,docs\doc_workspace\SGCP\artifacts\early_from_late_checkpoint_20260719\enable_coperception_early_from_attentive.yaml,cov_potential_game,grid,utility,utility,none,0,0,,cov_coalition_game,6,,6;15,15;6,6,"{""6"": 58}","{""6"": 4640, ""15"": 4777}",74240,41.29032258064516,5,40.0,200.0,1,ns3,899,0.5,10,12,28,,,[],[],6>15:3,,19,19,
2026_07_15_01_26_56,000096,17,all-cluster-heads,docs\doc_workspace\SGCP\artifacts\early_from_late_checkpoint_20260719\enable_coperception_early_from_attentive.yaml,cov_potential_game,grid,utility,utility,none,0,0,,cov_coalition_game,6,,3;16;17;18,17;16,16,"{""16"": 55}","{""16"": 4849, ""17"": 4995}",77584,43.15016685205784,5,40.0,200.0,1,ns3,899,0.5,10,12,28,,,[],[],16>17:4,,14,21,
2026_07_15_01_26_56,000096,20,all-cluster-heads,docs\doc_workspace\SGCP\artifacts\early_from_late_checkpoint_20260719\enable_coperception_early_from_attentive.yaml,cov_potential_game,grid,utility,utility,none,0,0,,cov_coalition_game,6,,5;9;20,20,,{},"{""20"": 4902}",0,0.0,5,40.0,200.0,1,ns3,899,0.5,10,12,28,,,[],[],,,20,20,
2026_07_15_01_26_56,000098,1,all-cluster-heads,docs\doc_workspace\SGCP\artifacts\early_from_late_checkpoint_20260719\enable_coperception_early_from_attentive.yaml,cov_potential_game,grid,utility,utility,none,0,0,,cov_coalition_game,6,,1;2;8;11,1;11,11,"{""11"": 53}","{""1"": 4927, ""11"": 4588}",73408,40.827586206896555,5,40.0,200.0,1,ns3,899,0.5,10,12,28,,,[],[],11>1:0,,23,30,
2026_07_15_01_26_56,000098,12,all-cluster-heads,docs\doc_workspace\SGCP\artifacts\early_from_late_checkpoint_20260719\enable_coperception_early_from_attentive.yaml,cov_potential_game,grid,utility,utility,none,0,0,,cov_coalition_game,6,,4;7;12,12;7,7,"{""7"": 59}","{""7"": 4895, ""12"": 4968}",78320,43.559510567296996,5,40.0,200.0,1,ns3,899,0.5,10,12,28,,,[],[],7>12:1,,17,25,
2026_07_15_01_26_56,000098,13,all-cluster-heads,docs\doc_workspace\SGCP\artifacts\early_from_late_checkpoint_20260719\enable_coperception_early_from_attentive.yaml,cov_potential_game,grid,utility,utility,none,0,0,,cov_coalition_game,6,,10;13;14;19,13;14,14,"{""14"": 56}","{""13"": 4779, ""14"": 4869}",77904,43.32814238042269,5,40.0,200.0,1,ns3,899,0.5,10,12,28,,,[],[],14>13:2,,0,10,
2026_07_15_01_26_56,000098,15,all-cluster-heads,docs\doc_workspace\SGCP\artifacts\early_from_late_checkpoint_20260719\enable_coperception_early_from_attentive.yaml,cov_potential_game,grid,utility,utility,none,0,0,,cov_coalition_game,6,,6;15,15;6,6,"{""6"": 59}","{""6"": 4643, ""15"": 4783}",74288,41.317018909899886,5,40.0,200.0,1,ns3,899,0.5,10,12,28,,,[],[],6>15:3,,16,19,
2026_07_15_01_26_56,000098,17,all-cluster-heads,docs\doc_workspace\SGCP\artifacts\early_from_late_checkpoint_20260719\enable_coperception_early_from_attentive.yaml,cov_potential_game,grid,utility,utility,none,0,0,,cov_coalition_game,6,,3;16;17;18,17;16,16,"{""16"": 58}","{""16"": 4848, ""17"": 4986}",77568,43.1412680756396,5,40.0,200.0,1,ns3,899,0.5,10,12,28,,,[],[],16>17:4,,14,21,
2026_07_15_01_26_56,000098,20,all-cluster-heads,docs\doc_workspace\SGCP\artifacts\early_from_late_checkpoint_20260719\enable_coperception_early_from_attentive.yaml,cov_potential_game,grid,utility,utility,none,0,0,,cov_coalition_game,6,,5;9;20,20,,{},"{""20"": 4903}",0,0.0,5,40.0,200.0,1,ns3,899,0.5,10,12,28,,,[],[],,,20,20,
2026_07_15_01_26_56,000100,1,all-cluster-heads,docs\doc_workspace\SGCP\artifacts\early_from_late_checkpoint_20260719\enable_coperception_early_from_attentive.yaml,cov_potential_game,grid,utility,utility,none,0,0,,cov_coalition_game,6,,1;2;8;11,1;11,11,"{""11"": 53}","{""1"": 4928, ""11"": 4592}",73472,40.86318131256952,5,40.0,200.0,1,ns3,899,0.5,10,12,28,,,[],[],11>1:0,,23,30,
2026_07_15_01_26_56,000100,12,all-cluster-heads,docs\doc_workspace\SGCP\artifacts\early_from_late_checkpoint_20260719\enable_coperception_early_from_attentive.yaml,cov_potential_game,grid,utility,utility,none,0,0,,cov_coalition_game,6,,4;7;12,12;7,7,"{""7"": 59}","{""7"": 4893, ""12"": 4970}",78288,43.54171301446051,5,40.0,200.0,1,ns3,899,0.5,10,12,28,,,[],[],7>12:1,,17,24,
2026_07_15_01_26_56,000100,13,all-cluster-heads,docs\doc_workspace\SGCP\artifacts\early_from_late_checkpoint_20260719\enable_coperception_early_from_attentive.yaml,cov_potential_game,grid,utility,utility,none,0,0,,cov_coalition_game,6,,10;13;14;19,13;14,14,"{""14"": 55}","{""13"": 4758, ""14"": 4870}",77920,43.33704115684093,5,40.0,200.0,1,ns3,899,0.5,10,12,28,,,[],[],14>13:2,,0,10,
2026_07_15_01_26_56,000100,15,all-cluster-heads,docs\doc_workspace\SGCP\artifacts\early_from_late_checkpoint_20260719\enable_coperception_early_from_attentive.yaml,cov_potential_game,grid,utility,utility,none,0,0,,cov_coalition_game,6,,6;15,15;6,6,"{""6"": 57}","{""6"": 4645, ""15"": 4775}",74320,41.33481646273637,5,40.0,200.0,1,ns3,899,0.5,10,12,28,,,[],[],6>15:3,,18,20,
2026_07_15_01_26_56,000100,17,all-cluster-heads,docs\doc_workspace\SGCP\artifacts\early_from_late_checkpoint_20260719\enable_coperception_early_from_attentive.yaml,cov_potential_game,grid,utility,utility,none,0,0,,cov_coalition_game,6,,3;16;17;18,17;16,16,"{""16"": 55}","{""16"": 4815, ""17"": 4995}",77040,42.847608453837594,5,40.0,200.0,1,ns3,899,0.5,10,12,28,,,[],[],16>17:4,,11,20,
2026_07_15_01_26_56,000100,20,all-cluster-heads,docs\doc_workspace\SGCP\artifacts\early_from_late_checkpoint_20260719\enable_coperception_early_from_attentive.yaml,cov_potential_game,grid,utility,utility,none,0,0,,cov_coalition_game,6,,5;9;20,20,,{},"{""20"": 4903}",0,0.0,5,40.0,200.0,1,ns3,899,0.5,10,12,28,,,[],[],,,22,19,
2026_07_15_01_26_56,000102,1,all-cluster-heads,docs\doc_workspace\SGCP\artifacts\early_from_late_checkpoint_20260719\enable_coperception_early_from_attentive.yaml,cov_potential_game,grid,utility,utility,none,0,0,,cov_coalition_game,6,,1;2;8;11,1;11,11,"{""11"": 53}","{""1"": 4929, ""11"": 4592}",73472,40.86318131256952,5,40.0,200.0,1,ns3,899,0.5,10,12,28,,,[],[],11>1:0,,22,30,
2026_07_15_01_26_56,000102,12,all-cluster-heads,docs\doc_workspace\SGCP\artifacts\early_from_late_checkpoint_20260719\enable_coperception_early_from_attentive.yaml,cov_potential_game,grid,utility,utility,none,0,0,,cov_coalition_game,6,,4;7;12,12;7,7,"{""7"": 59}","{""7"": 4892, ""12"": 4965}",78272,43.53281423804227,5,40.0,200.0,1,ns3,899,0.5,10,12,28,,,[],[],7>12:1,,16,23,
2026_07_15_01_26_56,000102,13,all-cluster-heads,docs\doc_workspace\SGCP\artifacts\early_from_late_checkpoint_20260719\enable_coperception_early_from_attentive.yaml,cov_potential_game,grid,utility,utility,none,0,0,,cov_coalition_game,6,,10;13;14;19,13;14,14,"{""14"": 55}","{""13"": 4787, ""14"": 4821}",77136,42.901001112347046,5,40.0,200.0,1,ns3,899,0.5,10,12,28,,,[],[],14>13:2,,0,8,
2026_07_15_01_26_56,000102,15,all-cluster-heads,docs\doc_workspace\SGCP\artifacts\early_from_late_checkpoint_20260719\enable_coperception_early_from_attentive.yaml,cov_potential_game,grid,utility,utility,none,0,0,,cov_coalition_game,6,,6;15,15;6,6,"{""6"": 62}","{""6"": 4649, ""15"": 4798}",74384,41.370411568409345,5,40.0,200.0,1,ns3,899,0.5,10,12,28,,,[],[],6>15:3,,20,22,
2026_07_15_01_26_56,000102,17,all-cluster-heads,docs\doc_workspace\SGCP\artifacts\early_from_late_checkpoint_20260719\enable_coperception_early_from_attentive.yaml,cov_potential_game,grid,utility,utility,none,0,0,,cov_coalition_game,6,,3;16;17;18,17;16,16,"{""16"": 59}","{""16"": 4841, ""17"": 4990}",77456,43.07897664071191,5,40.0,200.0,1,ns3,899,0.5,10,12,28,,,[],[],16>17:4,,16,20,
2026_07_15_01_26_56,000102,20,all-cluster-heads,docs\doc_workspace\SGCP\artifacts\early_from_late_checkpoint_20260719\enable_coperception_early_from_attentive.yaml,cov_potential_game,grid,utility,utility,none,0,0,,cov_coalition_game,6,,5;9;20,20,,{},"{""20"": 4902}",0,0.0,5,40.0,200.0,1,ns3,899,0.5,10,12,28,,,[],[],,,17,19,
2026_07_15_01_26_56,000104,1,all-cluster-heads,docs\doc_workspace\SGCP\artifacts\early_from_late_checkpoint_20260719\enable_coperception_early_from_attentive.yaml,cov_potential_game,grid,utility,utility,none,0,0,,cov_coalition_game,6,,1;2;8;11,1;11,11,"{""11"": 53}","{""1"": 4929, ""11"": 4596}",73536,40.89877641824249,5,40.0,200.0,1,ns3,899,0.5,10,12,28,,,[],[],11>1:0,,21,30,
2026_07_15_01_26_56,000104,12,all-cluster-heads,docs\doc_workspace\SGCP\artifacts\early_from_late_checkpoint_20260719\enable_coperception_early_from_attentive.yaml,cov_potential_game,grid,utility,utility,none,0,0,,cov_coalition_game,6,,4;7;12,12;7,7,"{""7"": 59}","{""7"": 4890, ""12"": 4988}",78240,43.51501668520579,5,40.0,200.0,1,ns3,899,0.5,10,12,28,,,[],[],7>12:1,,14,23,
2026_07_15_01_26_56,000104,13,all-cluster-heads,docs\doc_workspace\SGCP\artifacts\early_from_late_checkpoint_20260719\enable_coperception_early_from_attentive.yaml,cov_potential_game,grid,utility,utility,none,0,0,,cov_coalition_game,6,,10;13;14;19,13;14,14,"{""14"": 59}","{""13"": 4747, ""14"": 4835}",77360,43.02558398220245,5,40.0,200.0,1,ns3,899,0.5,10,12,28,,,[],[],14>13:2,,0,9,
2026_07_15_01_26_56,000104,15,all-cluster-heads,docs\doc_workspace\SGCP\artifacts\early_from_late_checkpoint_20260719\enable_coperception_early_from_attentive.yaml,cov_potential_game,grid,utility,utility,none,0,0,,cov_coalition_game,6,,6;15,15;6,6,"{""6"": 62}","{""6"": 4667, ""15"": 4777}",74672,41.53058954393771,5,40.0,200.0,1,ns3,899,0.5,10,12,28,,,[],[],6>15:3,,19,23,
2026_07_15_01_26_56,000104,17,all-cluster-heads,docs\doc_workspace\SGCP\artifacts\early_from_late_checkpoint_20260719\enable_coperception_early_from_attentive.yaml,cov_potential_game,grid,utility,utility,none,0,0,,cov_coalition_game,6,,3;16;17;18,17;16,16,"{""16"": 57}","{""16"": 4809, ""17"": 4979}",76944,42.79421579532814,5,40.0,200.0,1,ns3,899,0.5,10,12,28,,,[],[],16>17:4,,15,19,
2026_07_15_01_26_56,000104,20,all-cluster-heads,docs\doc_workspace\SGCP\artifacts\early_from_late_checkpoint_20260719\enable_coperception_early_from_attentive.yaml,cov_potential_game,grid,utility,utility,none,0,0,,cov_coalition_game,6,,5;9;20,20,,{},"{""20"": 4900}",0,0.0,5,40.0,200.0,1,ns3,899,0.5,10,12,28,,,[],[],,,17,19,
2026_07_15_01_26_56,000106,1,all-cluster-heads,docs\doc_workspace\SGCP\artifacts\early_from_late_checkpoint_20260719\enable_coperception_early_from_attentive.yaml,cov_potential_game,grid,utility,utility,none,0,0,,cov_coalition_game,6,,1;2;8;11,1;11,11,"{""11"": 53}","{""1"": 4928, ""11"": 4603}",73648,40.96106785317019,5,40.0,200.0,1,ns3,899,0.5,10,12,28,,,[],[],11>1:0,,23,30,
2026_07_15_01_26_56,000106,12,all-cluster-heads,docs\doc_workspace\SGCP\artifacts\early_from_late_checkpoint_20260719\enable_coperception_early_from_attentive.yaml,cov_potential_game,grid,utility,utility,none,0,0,,cov_coalition_game,6,,4;7;12,12;7,7,"{""7"": 57}","{""7"": 4868, ""12"": 4987}",77888,43.31924360400445,5,40.0,200.0,1,ns3,899,0.5,10,12,28,,,[],[],7>12:1,,14,23,
2026_07_15_01_26_56,000106,13,all-cluster-heads,docs\doc_workspace\SGCP\artifacts\early_from_late_checkpoint_20260719\enable_coperception_early_from_attentive.yaml,cov_potential_game,grid,utility,utility,none,0,0,,cov_coalition_game,6,,10;13;14;19,13;14,14,"{""14"": 56}","{""13"": 4753, ""14"": 4808}",76928,42.7853170189099,5,40.0,200.0,1,ns3,899,0.5,10,12,28,,,[],[],14>13:2,,3,9,
2026_07_15_01_26_56,000106,15,all-cluster-heads,docs\doc_workspace\SGCP\artifacts\early_from_late_checkpoint_20260719\enable_coperception_early_from_attentive.yaml,cov_potential_game,grid,utility,utility,none,0,0,,cov_coalition_game,6,,6;15,15;6,6,"{""6"": 63}","{""6"": 4674, ""15"": 4779}",74784,41.5928809788654,5,40.0,200.0,1,ns3,899,0.5,10,12,28,,,[],[],6>15:3,,17,23,
2026_07_15_01_26_56,000106,17,all-cluster-heads,docs\doc_workspace\SGCP\artifacts\early_from_late_checkpoint_20260719\enable_coperception_early_from_attentive.yaml,cov_potential_game,grid,utility,utility,none,0,0,,cov_coalition_game,6,,3;16;17;18,17;3,3,"{""3"": 63}","{""3"": 4771, ""17"": 4994}",76336,42.456062291434925,5,40.0,200.0,1,ns3,899,0.5,10,12,28,,,[],[],3>17:4,,10,16,
2026_07_15_01_26_56,000106,20,all-cluster-heads,docs\doc_workspace\SGCP\artifacts\early_from_late_checkpoint_20260719\enable_coperception_early_from_attentive.yaml,cov_potential_game,grid,utility,utility,none,0,0,,cov_coalition_game,6,,5;9;20,20,,{},"{""20"": 4900}",0,0.0,5,40.0,200.0,1,ns3,899,0.5,10,12,28,,,[],[],,,16,19,
2026_07_15_01_26_56,000108,1,all-cluster-heads,docs\doc_workspace\SGCP\artifacts\early_from_late_checkpoint_20260719\enable_coperception_early_from_attentive.yaml,cov_potential_game,grid,utility,utility,none,0,0,,cov_coalition_game,6,,1;2;8;11,1;11,11,"{""11"": 53}","{""1"": 4928, ""11"": 4606}",73696,40.98776418242492,5,40.0,200.0,1,ns3,899,0.5,10,12,28,,,[],[],11>1:0,,23,31,
2026_07_15_01_26_56,000108,12,all-cluster-heads,docs\doc_workspace\SGCP\artifacts\early_from_late_checkpoint_20260719\enable_coperception_early_from_attentive.yaml,cov_potential_game,grid,utility,utility,none,0,0,,cov_coalition_game,6,,4;7;12,12;7,7,"{""7"": 57}","{""7"": 4864, ""12"": 4997}",77824,43.28364849833148,5,40.0,200.0,1,ns3,899,0.5,10,12,28,,,[],[],7>12:1,,16,25,
2026_07_15_01_26_56,000108,13,all-cluster-heads,docs\doc_workspace\SGCP\artifacts\early_from_late_checkpoint_20260719\enable_coperception_early_from_attentive.yaml,cov_potential_game,grid,utility,utility,none,0,0,,cov_coalition_game,6,,10;13;14;19,13;14,14,"{""14"": 56}","{""13"": 4757, ""14"": 4787}",76592,42.598442714126804,5,40.0,200.0,1,ns3,899,0.5,10,12,28,,,[],[],14>13:2,,0,9,
2026_07_15_01_26_56,000108,15,all-cluster-heads,docs\doc_workspace\SGCP\artifacts\early_from_late_checkpoint_20260719\enable_coperception_early_from_attentive.yaml,cov_potential_game,grid,utility,utility,none,0,0,,cov_coalition_game,6,,6;15,15;6,6,"{""6"": 63}","{""6"": 4667, ""15"": 4792}",74672,41.53058954393771,5,40.0,200.0,1,ns3,899,0.5,10,12,28,,,[],[],6>15:3,,19,24,
2026_07_15_01_26_56,000108,17,all-cluster-heads,docs\doc_workspace\SGCP\artifacts\early_from_late_checkpoint_20260719\enable_coperception_early_from_attentive.yaml,cov_potential_game,grid,utility,utility,none,0,0,,cov_coalition_game,6,,3;16;17;18,17;3,3,"{""3"": 63}","{""3"": 4787, ""17"": 4998}",76592,42.598442714126804,5,40.0,200.0,1,ns3,899,0.5,10,12,28,,,[],[],3>17:4,,11,15,
2026_07_15_01_26_56,000108,20,all-cluster-heads,docs\doc_workspace\SGCP\artifacts\early_from_late_checkpoint_20260719\enable_coperception_early_from_attentive.yaml,cov_potential_game,grid,utility,utility,none,0,0,,cov_coalition_game,6,,5;9;20,20,,{},"{""20"": 4899}",0,0.0,5,40.0,200.0,1,ns3,899,0.5,10,12,28,,,[],[],,,15,19,
2026_07_15_01_26_56,000110,1,all-cluster-heads,docs\doc_workspace\SGCP\artifacts\early_from_late_checkpoint_20260719\enable_coperception_early_from_attentive.yaml,cov_potential_game,grid,utility,utility,none,0,0,,cov_coalition_game,6,,1;2;8;11,1;11,11,"{""11"": 53}","{""1"": 4928, ""11"": 4606}",73696,40.98776418242492,5,40.0,200.0,1,ns3,899,0.5,10,12,28,,,[],[],11>1:0,,22,32,
2026_07_15_01_26_56,000110,12,all-cluster-heads,docs\doc_workspace\SGCP\artifacts\early_from_late_checkpoint_20260719\enable_coperception_early_from_attentive.yaml,cov_potential_game,grid,utility,utility,none,0,0,,cov_coalition_game,6,,4;7;12,12;7,7,"{""7"": 57}","{""7"": 4877, ""12"": 4997}",78032,43.39933259176863,5,40.0,200.0,1,ns3,899,0.5,10,12,28,,,[],[],7>12:1,,18,24,
2026_07_15_01_26_56,000110,13,all-cluster-heads,docs\doc_workspace\SGCP\artifacts\early_from_late_checkpoint_20260719\enable_coperception_early_from_attentive.yaml,cov_potential_game,grid,utility,utility,none,0,0,,cov_coalition_game,6,,10;13;14;19,13;14,14,"{""14"": 58}","{""13"": 4738, ""14"": 4808}",76928,42.7853170189099,5,40.0,200.0,1,ns3,899,0.5,10,12,28,,,[],[],14>13:2,,0,9,
2026_07_15_01_26_56,000110,15,all-cluster-heads,docs\doc_workspace\SGCP\artifacts\early_from_late_checkpoint_20260719\enable_coperception_early_from_attentive.yaml,cov_potential_game,grid,utility,utility,none,0,0,,cov_coalition_game,6,,6;15,15;6,6,"{""6"": 61}","{""6"": 4666, ""15"": 4814}",74656,41.521690767519466,5,40.0,200.0,1,ns3,899,0.5,10,12,28,,,[],[],6>15:3,,19,24,
2026_07_15_01_26_56,000110,17,all-cluster-heads,docs\doc_workspace\SGCP\artifacts\early_from_late_checkpoint_20260719\enable_coperception_early_from_attentive.yaml,cov_potential_game,grid,utility,utility,none,0,0,,cov_coalition_game,6,,3;16;17;18,17;3,3,"{""3"": 62}","{""3"": 4823, ""17"": 5003}",77168,42.91879866518354,5,40.0,200.0,1,ns3,899,0.5,10,12,28,,,[],[],3>17:4,,8,15,
2026_07_15_01_26_56,000110,20,all-cluster-heads,docs\doc_workspace\SGCP\artifacts\early_from_late_checkpoint_20260719\enable_coperception_early_from_attentive.yaml,cov_potential_game,grid,utility,utility,none,0,0,,cov_coalition_game,6,,5;9;20,20,,{},"{""20"": 4898}",0,0.0,5,40.0,200.0,1,ns3,899,0.5,10,12,28,,,[],[],,,14,19,
2026_07_15_01_26_56,000112,1,all-cluster-heads,docs\doc_workspace\SGCP\artifacts\early_from_late_checkpoint_20260719\enable_coperception_early_from_attentive.yaml,cov_potential_game,grid,utility,utility,none,0,0,,cov_coalition_game,6,,1;2;8;11,1;11,11,"{""11"": 52}","{""1"": 4926, ""11"": 4607}",73712,40.99666295884316,5,40.0,200.0,1,ns3,899,0.5,10,12,28,,,[],[],11>1:0,,20,31,
2026_07_15_01_26_56,000112,12,all-cluster-heads,docs\doc_workspace\SGCP\artifacts\early_from_late_checkpoint_20260719\enable_coperception_early_from_attentive.yaml,cov_potential_game,grid,utility,utility,none,0,0,,cov_coalition_game,6,,4;7;12,12;7,7,"{""7"": 58}","{""7"": 4877, ""12"": 5013}",78032,43.39933259176863,5,40.0,200.0,1,ns3,899,0.5,10,12,28,,,[],[],7>12:1,,17,22,
2026_07_15_01_26_56,000112,13,all-cluster-heads,docs\doc_workspace\SGCP\artifacts\early_from_late_checkpoint_20260719\enable_coperception_early_from_attentive.yaml,cov_potential_game,grid,utility,utility,none,0,0,,cov_coalition_game,6,,10;13;14;19,13;14,14,"{""14"": 57}","{""13"": 4707, ""14"": 4774}",76384,42.48275862068966,5,40.0,200.0,1,ns3,899,0.5,10,12,28,,,[],[],14>13:2,,2,7,
2026_07_15_01_26_56,000112,15,all-cluster-heads,docs\doc_workspace\SGCP\artifacts\early_from_late_checkpoint_20260719\enable_coperception_early_from_attentive.yaml,cov_potential_game,grid,utility,utility,none,0,0,,cov_coalition_game,6,,6;15,15;6,6,"{""6"": 61}","{""6"": 4646, ""15"": 4776}",74336,41.34371523915462,5,40.0,200.0,1,ns3,899,0.5,10,12,28,,,[],[],6>15:3,,17,23,
2026_07_15_01_26_56,000112,17,all-cluster-heads,docs\doc_workspace\SGCP\artifacts\early_from_late_checkpoint_20260719\enable_coperception_early_from_attentive.yaml,cov_potential_game,grid,utility,utility,none,0,0,,cov_coalition_game,6,,3;16;17;18,17;3,3,"{""3"": 61}","{""3"": 4828, ""17"": 4995}",77248,42.96329254727475,5,40.0,200.0,1,ns3,899,0.5,10,12,28,,,[],[],3>17:4,,7,14,
2026_07_15_01_26_56,000112,20,all-cluster-heads,docs\doc_workspace\SGCP\artifacts\early_from_late_checkpoint_20260719\enable_coperception_early_from_attentive.yaml,cov_potential_game,grid,utility,utility,none,0,0,,cov_coalition_game,6,,5;9;20,20,,{},"{""20"": 4898}",0,0.0,5,40.0,200.0,1,ns3,899,0.5,10,12,28,,,[],[],,,15,19,
2026_07_15_01_26_56,000114,1,all-cluster-heads,docs\doc_workspace\SGCP\artifacts\early_from_late_checkpoint_20260719\enable_coperception_early_from_attentive.yaml,cov_potential_game,grid,utility,utility,none,0,0,,cov_coalition_game,6,,1;2;8;11,1;11,11,"{""11"": 52}","{""1"": 4926, ""11"": 4606}",73696,40.98776418242492,5,40.0,200.0,1,ns3,899,0.5,10,12,28,,,[],[],11>1:0,,21,31,
2026_07_15_01_26_56,000114,12,all-cluster-heads,docs\doc_workspace\SGCP\artifacts\early_from_late_checkpoint_20260719\enable_coperception_early_from_attentive.yaml,cov_potential_game,grid,utility,utility,none,0,0,,cov_coalition_game,6,,4;7;12,12;7,7,"{""7"": 58}","{""7"": 4877, ""12"": 5019}",78032,43.39933259176863,5,40.0,200.0,1,ns3,899,0.5,10,12,28,,,[],[],7>12:1,,18,25,
2026_07_15_01_26_56,000114,13,all-cluster-heads,docs\doc_workspace\SGCP\artifacts\early_from_late_checkpoint_20260719\enable_coperception_early_from_attentive.yaml,cov_potential_game,grid,utility,utility,none,0,0,,cov_coalition_game,6,,10;13;14;19,13;14,14,"{""14"": 58}","{""13"": 4726, ""14"": 4790}",76640,42.62513904338154,5,40.0,200.0,1,ns3,899,0.5,10,12,28,,,[],[],14>13:2,,0,8,
2026_07_15_01_26_56,000114,15,all-cluster-heads,docs\doc_workspace\SGCP\artifacts\early_from_late_checkpoint_20260719\enable_coperception_early_from_attentive.yaml,cov_potential_game,grid,utility,utility,none,0,0,,cov_coalition_game,6,,6;15,15;6,6,"{""6"": 60}","{""6"": 4631, ""15"": 4789}",74096,41.21023359288098,5,40.0,200.0,1,ns3,899,0.5,10,12,28,,,[],[],6>15:3,,17,23,
2026_07_15_01_26_56,000114,17,all-cluster-heads,docs\doc_workspace\SGCP\artifacts\early_from_late_checkpoint_20260719\enable_coperception_early_from_attentive.yaml,cov_potential_game,grid,utility,utility,none,0,0,,cov_coalition_game,6,,3;16;17;18,17;3,3,"{""3"": 62}","{""3"": 4838, ""17"": 5006}",77408,43.052280311457174,5,40.0,200.0,1,ns3,899,0.5,10,12,28,,,[],[],3>17:4,,9,14,
2026_07_15_01_26_56,000114,20,all-cluster-heads,docs\doc_workspace\SGCP\artifacts\early_from_late_checkpoint_20260719\enable_coperception_early_from_attentive.yaml,cov_potential_game,grid,utility,utility,none,0,0,,cov_coalition_game,6,,5;9;20,20,,{},"{""20"": 4899}",0,0.0,5,40.0,200.0,1,ns3,899,0.5,10,12,28,,,[],[],,,15,19,
2026_07_15_01_26_56,000116,1,all-cluster-heads,docs\doc_workspace\SGCP\artifacts\early_from_late_checkpoint_20260719\enable_coperception_early_from_attentive.yaml,cov_potential_game,grid,utility,utility,none,0,0,,cov_coalition_game,6,,1;2;8;11,1;11,11,"{""11"": 52}","{""1"": 4926, ""11"": 4606}",73696,40.98776418242492,5,40.0,200.0,1,ns3,899,0.5,10,12,28,,,[],[],11>1:0,,22,31,
2026_07_15_01_26_56,000116,12,all-cluster-heads,docs\doc_workspace\SGCP\artifacts\early_from_late_checkpoint_20260719\enable_coperception_early_from_attentive.yaml,cov_potential_game,grid,utility,utility,none,0,0,,cov_coalition_game,6,,4;7;12,12;7,7,"{""7"": 58}","{""7"": 4878, ""12"": 4999}",78048,43.408231368186875,5,40.0,200.0,1,ns3,899,0.5,10,12,28,,,[],[],7>12:1,,16,23,
2026_07_15_01_26_56,000116,13,all-cluster-heads,docs\doc_workspace\SGCP\artifacts\early_from_late_checkpoint_20260719\enable_coperception_early_from_attentive.yaml,cov_potential_game,grid,utility,utility,none,0,0,,cov_coalition_game,6,,10;13;14;19,13;14,14,"{""14"": 57}","{""13"": 4746, ""14"": 4791}",76656,42.63403781979978,5,40.0,200.0,1,ns3,899,0.5,10,12,28,,,[],[],14>13:2,,0,8,
2026_07_15_01_26_56,000116,15,all-cluster-heads,docs\doc_workspace\SGCP\artifacts\early_from_late_checkpoint_20260719\enable_coperception_early_from_attentive.yaml,cov_potential_game,grid,utility,utility,none,0,0,,cov_coalition_game,6,,6;15,15;6,6,"{""6"": 60}","{""6"": 4650, ""15"": 4804}",74400,41.37931034482759,5,40.0,200.0,1,ns3,899,0.5,10,12,28,,,[],[],6>15:3,,19,23,
2026_07_15_01_26_56,000116,17,all-cluster-heads,docs\doc_workspace\SGCP\artifacts\early_from_late_checkpoint_20260719\enable_coperception_early_from_attentive.yaml,cov_potential_game,grid,utility,utility,none,0,0,,cov_coalition_game,6,,3;16;17;18,17;3,3,"{""3"": 62}","{""3"": 4862, ""17"": 5014}",77792,43.265850945494996,5,40.0,200.0,1,ns3,899,0.5,10,12,28,,,[],[],3>17:4,,11,14,
2026_07_15_01_26_56,000116,20,all-cluster-heads,docs\doc_workspace\SGCP\artifacts\early_from_late_checkpoint_20260719\enable_coperception_early_from_attentive.yaml,cov_potential_game,grid,utility,utility,none,0,0,,cov_coalition_game,6,,5;9;20,20,,{},"{""20"": 4899}",0,0.0,5,40.0,200.0,1,ns3,899,0.5,10,12,28,,,[],[],,,15,19,
2026_07_15_01_26_56,000118,1,all-cluster-heads,docs\doc_workspace\SGCP\artifacts\early_from_late_checkpoint_20260719\enable_coperception_early_from_attentive.yaml,cov_potential_game,grid,utility,utility,none,0,0,,cov_coalition_game,6,,1;2;8;11,1;11,11,"{""11"": 53}","{""1"": 4927, ""11"": 4609}",73744,41.014460511679644,5,40.0,200.0,1,ns3,899,0.5,10,12,28,,,[],[],11>1:0,,22,31,
2026_07_15_01_26_56,000118,12,all-cluster-heads,docs\doc_workspace\SGCP\artifacts\early_from_late_checkpoint_20260719\enable_coperception_early_from_attentive.yaml,cov_potential_game,grid,utility,utility,none,0,0,,cov_coalition_game,6,,4;7;12,12;7,7,"{""7"": 58}","{""7"": 4876, ""12"": 5018}",78016,43.39043381535039,5,40.0,200.0,1,ns3,899,0.5,10,12,28,,,[],[],7>12:1,,18,24,
2026_07_15_01_26_56,000118,13,all-cluster-heads,docs\doc_workspace\SGCP\artifacts\early_from_late_checkpoint_20260719\enable_coperception_early_from_attentive.yaml,cov_potential_game,grid,utility,utility,none,0,0,,cov_coalition_game,6,,10;13;14;19,13;14,14,"{""14"": 60}","{""13"": 4711, ""14"": 4827}",77232,42.954393770856505,5,40.0,200.0,1,ns3,899,0.5,10,12,28,,,[],[],14>13:2,,1,8,
2026_07_15_01_26_56,000118,15,all-cluster-heads,docs\doc_workspace\SGCP\artifacts\early_from_late_checkpoint_20260719\enable_coperception_early_from_attentive.yaml,cov_potential_game,grid,utility,utility,none,0,0,,cov_coalition_game,6,,6;15,15;6,6,"{""6"": 61}","{""6"": 4647, ""15"": 4815}",74352,41.35261401557286,5,40.0,200.0,1,ns3,899,0.5,10,12,28,,,[],[],6>15:3,,17,22,
2026_07_15_01_26_56,000118,17,all-cluster-heads,docs\doc_workspace\SGCP\artifacts\early_from_late_checkpoint_20260719\enable_coperception_early_from_attentive.yaml,cov_potential_game,grid,utility,utility,none,0,0,,cov_coalition_game,6,,3;16;17;18,17;3,3,"{""3"": 61}","{""3"": 4865, ""17"": 5023}",77840,43.29254727474972,5,40.0,200.0,1,ns3,899,0.5,10,12,28,,,[],[],3>17:4,,8,14,
2026_07_15_01_26_56,000118,20,all-cluster-heads,docs\doc_workspace\SGCP\artifacts\early_from_late_checkpoint_20260719\enable_coperception_early_from_attentive.yaml,cov_potential_game,grid,utility,utility,none,0,0,,cov_coalition_game,6,,5;9;20,20,,{},"{""20"": 4899}",0,0.0,5,40.0,200.0,1,ns3,899,0.5,10,12,28,,,[],[],,,15,19,
2026_07_15_01_26_56,000120,1,all-cluster-heads,docs\doc_workspace\SGCP\artifacts\early_from_late_checkpoint_20260719\enable_coperception_early_from_attentive.yaml,cov_potential_game,grid,utility,utility,none,0,0,,cov_coalition_game,6,,1;2;8;11,1;11,11,"{""11"": 53}","{""1"": 4928, ""11"": 4608}",73728,41.0055617352614,5,40.0,200.0,1,ns3,899,0.5,10,12,28,,,[],[],11>1:0,,21,31,
2026_07_15_01_26_56,000120,12,all-cluster-heads,docs\doc_workspace\SGCP\artifacts\early_from_late_checkpoint_20260719\enable_coperception_early_from_attentive.yaml,cov_potential_game,grid,utility,utility,none,0,0,,cov_coalition_game,6,,4;7;12,12;7,7,"{""7"": 58}","{""7"": 4875, ""12"": 5020}",78000,43.38153503893215,5,40.0,200.0,1,ns3,899,0.5,10,12,28,,,[],[],7>12:1,,17,23,
2026_07_15_01_26_56,000120,13,all-cluster-heads,docs\doc_workspace\SGCP\artifacts\early_from_late_checkpoint_20260719\enable_coperception_early_from_attentive.yaml,cov_potential_game,grid,utility,utility,none,0,0,,cov_coalition_game,6,,10;13;14;19,13;14,14,"{""14"": 59}","{""13"": 4704, ""14"": 4809}",76944,42.79421579532814,5,40.0,200.0,1,ns3,899,0.5,10,12,28,,,[],[],14>13:2,,2,8,
2026_07_15_01_26_56,000120,15,all-cluster-heads,docs\doc_workspace\SGCP\artifacts\early_from_late_checkpoint_20260719\enable_coperception_early_from_attentive.yaml,cov_potential_game,grid,utility,utility,none,0,0,,cov_coalition_game,6,,6;15,15;6,6,"{""6"": 60}","{""6"": 4637, ""15"": 4811}",74192,41.263626251390434,5,40.0,200.0,1,ns3,899,0.5,10,12,28,,,[],[],6>15:3,,17,22,
2026_07_15_01_26_56,000120,17,all-cluster-heads,docs\doc_workspace\SGCP\artifacts\early_from_late_checkpoint_20260719\enable_coperception_early_from_attentive.yaml,cov_potential_game,grid,utility,utility,none,0,0,,cov_coalition_game,6,,3;16;17;18,17;3,3,"{""3"": 58}","{""3"": 4892, ""17"": 5031}",78272,43.53281423804227,5,40.0,200.0,1,ns3,899,0.5,10,12,28,,,[],[],3>17:4,,10,14,
2026_07_15_01_26_56,000120,20,all-cluster-heads,docs\doc_workspace\SGCP\artifacts\early_from_late_checkpoint_20260719\enable_coperception_early_from_attentive.yaml,cov_potential_game,grid,utility,utility,none,0,0,,cov_coalition_game,6,,5;9;20,20,,{},"{""20"": 4901}",0,0.0,5,40.0,200.0,1,ns3,899,0.5,10,12,28,,,[],[],,,15,19,
2026_07_15_01_26_56,000122,1,all-cluster-heads,docs\doc_workspace\SGCP\artifacts\early_from_late_checkpoint_20260719\enable_coperception_early_from_attentive.yaml,cov_potential_game,grid,utility,utility,none,0,0,,cov_coalition_game,6,,1;2;8;11,1;11,11,"{""11"": 53}","{""1"": 4925, ""11"": 4606}",73696,40.98776418242492,5,40.0,200.0,1,ns3,899,0.5,10,12,28,,,[],[],11>1:0,,21,31,
2026_07_15_01_26_56,000122,12,all-cluster-heads,docs\doc_workspace\SGCP\artifacts\early_from_late_checkpoint_20260719\enable_coperception_early_from_attentive.yaml,cov_potential_game,grid,utility,utility,none,0,0,,cov_coalition_game,6,,4;7;12,12;7,7,"{""7"": 58}","{""7"": 4877, ""12"": 5019}",78032,43.39933259176863,5,40.0,200.0,1,ns3,899,0.5,10,12,28,,,[],[],7>12:1,,19,22,
2026_07_15_01_26_56,000122,13,all-cluster-heads,docs\doc_workspace\SGCP\artifacts\early_from_late_checkpoint_20260719\enable_coperception_early_from_attentive.yaml,cov_potential_game,grid,utility,utility,none,0,0,,cov_coalition_game,6,,10;13;14;19,13;14,14,"{""14"": 60}","{""13"": 4698, ""14"": 4824}",77184,42.92769744160178,5,40.0,200.0,1,ns3,899,0.5,10,12,28,,,[],[],14>13:2,,0,8,
2026_07_15_01_26_56,000122,15,all-cluster-heads,docs\doc_workspace\SGCP\artifacts\early_from_late_checkpoint_20260719\enable_coperception_early_from_attentive.yaml,cov_potential_game,grid,utility,utility,none,0,0,,cov_coalition_game,6,,6;15,15;6,6,"{""6"": 60}","{""6"": 4648, ""15"": 4812}",74368,41.3615127919911,5,40.0,200.0,1,ns3,899,0.5,10,12,28,,,[],[],6>15:3,,20,22,
2026_07_15_01_26_56,000122,17,all-cluster-heads,docs\doc_workspace\SGCP\artifacts\early_from_late_checkpoint_20260719\enable_coperception_early_from_attentive.yaml,cov_potential_game,grid,utility,utility,none,0,0,,cov_coalition_game,6,,3;16;17;18,17;3,3,"{""3"": 62}","{""3"": 4909, ""17"": 5030}",78544,43.68409343715239,5,40.0,200.0,1,ns3,899,0.5,10,12,28,,,[],[],3>17:4,,9,14,
2026_07_15_01_26_56,000122,20,all-cluster-heads,docs\doc_workspace\SGCP\artifacts\early_from_late_checkpoint_20260719\enable_coperception_early_from_attentive.yaml,cov_potential_game,grid,utility,utility,none,0,0,,cov_coalition_game,6,,5;9;20,20,,{},"{""20"": 4897}",0,0.0,5,40.0,200.0,1,ns3,899,0.5,10,12,28,,,[],[],,,15,19,
2026_07_15_01_26_56,000124,1,all-cluster-heads,docs\doc_workspace\SGCP\artifacts\early_from_late_checkpoint_20260719\enable_coperception_early_from_attentive.yaml,cov_potential_game,grid,utility,utility,none,0,0,,cov_coalition_game,6,,1;2;8;11,1;11,11,"{""11"": 52}","{""1"": 4925, ""11"": 4605}",73680,40.978865406006676,5,40.0,200.0,1,ns3,899,0.5,10,12,28,,,[],[],11>1:0,,21,31,
2026_07_15_01_26_56,000124,12,all-cluster-heads,docs\doc_workspace\SGCP\artifacts\early_from_late_checkpoint_20260719\enable_coperception_early_from_attentive.yaml,cov_potential_game,grid,utility,utility,none,0,0,,cov_coalition_game,6,,4;7;12,12;7,7,"{""7"": 57}","{""7"": 4874, ""12"": 4985}",77984,43.37263626251391,5,40.0,200.0,1,ns3,899,0.5,10,12,28,,,[],[],7>12:1,,19,23,
2026_07_15_01_26_56,000124,13,all-cluster-heads,docs\doc_workspace\SGCP\artifacts\early_from_late_checkpoint_20260719\enable_coperception_early_from_attentive.yaml,cov_potential_game,grid,utility,utility,none,0,0,,cov_coalition_game,6,,10;13;14;19,13;14,14,"{""14"": 56}","{""13"": 4711, ""14"": 4793}",76688,42.65183537263626,5,40.0,200.0,1,ns3,899,0.5,10,12,28,,,[],[],14>13:2,,0,7,
2026_07_15_01_26_56,000124,15,all-cluster-heads,docs\doc_workspace\SGCP\artifacts\early_from_late_checkpoint_20260719\enable_coperception_early_from_attentive.yaml,cov_potential_game,grid,utility,utility,none,0,0,,cov_coalition_game,6,,6;15,15;6,6,"{""6"": 59}","{""6"": 4659, ""15"": 4813}",74544,41.459399332591765,5,40.0,200.0,1,ns3,899,0.5,10,12,28,,,[],[],6>15:3,,21,22,
2026_07_15_01_26_56,000124,17,all-cluster-heads,docs\doc_workspace\SGCP\artifacts\early_from_late_checkpoint_20260719\enable_coperception_early_from_attentive.yaml,cov_potential_game,grid,utility,utility,none,0,0,,cov_coalition_game,6,,3;16;17;18,17;3,3,"{""3"": 61}","{""3"": 4923, ""17"": 5029}",78768,43.80867630700779,5,40.0,200.0,1,ns3,899,0.5,10,12,28,,,[],[],3>17:4,,10,14,
2026_07_15_01_26_56,000124,20,all-cluster-heads,docs\doc_workspace\SGCP\artifacts\early_from_late_checkpoint_20260719\enable_coperception_early_from_attentive.yaml,cov_potential_game,grid,utility,utility,none,0,0,,cov_coalition_game,6,,5;9;20,20,,{},"{""20"": 4897}",0,0.0,5,40.0,200.0,1,ns3,899,0.5,10,12,28,,,[],[],,,17,19,
2026_07_15_01_26_56,000126,1,all-cluster-heads,docs\doc_workspace\SGCP\artifacts\early_from_late_checkpoint_20260719\enable_coperception_early_from_attentive.yaml,cov_potential_game,grid,utility,utility,none,0,0,,cov_coalition_game,6,,1;2;8;11,1;11,11,"{""11"": 52}","{""1"": 4926, ""11"": 4607}",73712,40.99666295884316,5,40.0,200.0,1,ns3,899,0.5,10,12,28,,,[],[],11>1:0,,21,31,
2026_07_15_01_26_56,000126,12,all-cluster-heads,docs\doc_workspace\SGCP\artifacts\early_from_late_checkpoint_20260719\enable_coperception_early_from_attentive.yaml,cov_potential_game,grid,utility,utility,none,0,0,,cov_coalition_game,6,,4;7;12,12;7,7,"{""7"": 56}","{""7"": 4871, ""12"": 4992}",77936,43.34593993325918,5,40.0,200.0,1,ns3,899,0.5,10,12,28,,,[],[],7>12:1,,17,23,
2026_07_15_01_26_56,000126,13,all-cluster-heads,docs\doc_workspace\SGCP\artifacts\early_from_late_checkpoint_20260719\enable_coperception_early_from_attentive.yaml,cov_potential_game,grid,utility,utility,none,0,0,,cov_coalition_game,6,,10;13;14;19,13;14,14,"{""14"": 57}","{""13"": 4690, ""14"": 4772}",76352,42.46496106785317,5,40.0,200.0,1,ns3,899,0.5,10,12,28,,,[],[],14>13:2,,0,7,
2026_07_15_01_26_56,000126,15,all-cluster-heads,docs\doc_workspace\SGCP\artifacts\early_from_late_checkpoint_20260719\enable_coperception_early_from_attentive.yaml,cov_potential_game,grid,utility,utility,none,0,0,,cov_coalition_game,6,,6;15,15;6,6,"{""6"": 61}","{""6"": 4734, ""15"": 4825}",75744,42.12680756395996,5,40.0,200.0,1,ns3,899,0.5,10,12,28,,,[],[],6>15:3,,20,23,
2026_07_15_01_26_56,000126,17,all-cluster-heads,docs\doc_workspace\SGCP\artifacts\early_from_late_checkpoint_20260719\enable_coperception_early_from_attentive.yaml,cov_potential_game,grid,utility,utility,none,0,0,,cov_coalition_game,6,,3;16;17;18,17;3,3,"{""3"": 62}","{""3"": 4935, ""17"": 5026}",78960,43.9154616240267,5,40.0,200.0,1,ns3,899,0.5,10,12,28,,,[],[],3>17:4,,9,13,
2026_07_15_01_26_56,000126,20,all-cluster-heads,docs\doc_workspace\SGCP\artifacts\early_from_late_checkpoint_20260719\enable_coperception_early_from_attentive.yaml,cov_potential_game,grid,utility,utility,none,0,0,,cov_coalition_game,6,,5;9;20,20,,{},"{""20"": 4899}",0,0.0,5,40.0,200.0,1,ns3,899,0.5,10,12,28,,,[],[],,,17,19,
2026_07_15_01_26_56,000128,1,all-cluster-heads,docs\doc_workspace\SGCP\artifacts\early_from_late_checkpoint_20260719\enable_coperception_early_from_attentive.yaml,cov_potential_game,grid,utility,utility,none,0,0,,cov_coalition_game,6,,1;2;8;11,1;11,11,"{""11"": 52}","{""1"": 4925, ""11"": 4607}",73712,40.99666295884316,5,40.0,200.0,1,ns3,899,0.5,10,12,28,,,[],[],11>1:0,,21,30,
2026_07_15_01_26_56,000128,12,all-cluster-heads,docs\doc_workspace\SGCP\artifacts\early_from_late_checkpoint_20260719\enable_coperception_early_from_attentive.yaml,cov_potential_game,grid,utility,utility,none,0,0,,cov_coalition_game,6,,4;7;12,12;7,7,"{""7"": 56}","{""7"": 4875, ""12"": 4996}",78000,43.38153503893215,5,40.0,200.0,1,ns3,899,0.5,10,12,28,,,[],[],7>12:1,,17,22,
2026_07_15_01_26_56,000128,13,all-cluster-heads,docs\doc_workspace\SGCP\artifacts\early_from_late_checkpoint_20260719\enable_coperception_early_from_attentive.yaml,cov_potential_game,grid,utility,utility,none,0,0,,cov_coalition_game,6,,10;13;14;19,13;14,14,"{""14"": 56}","{""13"": 4698, ""14"": 4807}",76912,42.77641824249166,5,40.0,200.0,1,ns3,899,0.5,10,12,28,,,[],[],14>13:2,,0,6,
2026_07_15_01_26_56,000128,15,all-cluster-heads,docs\doc_workspace\SGCP\artifacts\early_from_late_checkpoint_20260719\enable_coperception_early_from_attentive.yaml,cov_potential_game,grid,utility,utility,none,0,0,,cov_coalition_game,6,,6;15,15;6,6,"{""6"": 60}","{""6"": 4734, ""15"": 4821}",75744,42.12680756395996,5,40.0,200.0,1,ns3,899,0.5,10,12,28,,,[],[],6>15:3,,20,23,
2026_07_15_01_26_56,000128,17,all-cluster-heads,docs\doc_workspace\SGCP\artifacts\early_from_late_checkpoint_20260719\enable_coperception_early_from_attentive.yaml,cov_potential_game,grid,utility,utility,none,0,0,,cov_coalition_game,6,,3;16;17;18,17;3,3,"{""3"": 61}","{""3"": 4957, ""17"": 5026}",79312,44.11123470522803,5,40.0,200.0,1,ns3,899,0.5,10,12,28,,,[],[],3>17:4,,9,13,
2026_07_15_01_26_56,000128,20,all-cluster-heads,docs\doc_workspace\SGCP\artifacts\early_from_late_checkpoint_20260719\enable_coperception_early_from_attentive.yaml,cov_potential_game,grid,utility,utility,none,0,0,,cov_coalition_game,6,,5;9;20,20,,{},"{""20"": 4900}",0,0.0,5,40.0,200.0,1,ns3,899,0.5,10,12,28,,,[],[],,,18,19,
2026_07_15_01_26_56,000130,1,all-cluster-heads,docs\doc_workspace\SGCP\artifacts\early_from_late_checkpoint_20260719\enable_coperception_early_from_attentive.yaml,cov_potential_game,grid,utility,utility,none,0,0,,cov_coalition_game,6,,1;2;8;11,1;11,11,"{""11"": 52}","{""1"": 4928, ""11"": 4607}",73712,40.99666295884316,5,40.0,200.0,1,ns3,899,0.5,10,12,28,,,[],[],11>1:0,,21,29,
2026_07_15_01_26_56,000130,12,all-cluster-heads,docs\doc_workspace\SGCP\artifacts\early_from_late_checkpoint_20260719\enable_coperception_early_from_attentive.yaml,cov_potential_game,grid,utility,utility,none,0,0,,cov_coalition_game,6,,4;7;12,12;7,7,"{""7"": 56}","{""7"": 4876, ""12"": 4999}",78016,43.39043381535039,5,40.0,200.0,1,ns3,899,0.5,10,12,28,,,[],[],7>12:1,,14,21,
2026_07_15_01_26_56,000130,13,all-cluster-heads,docs\doc_workspace\SGCP\artifacts\early_from_late_checkpoint_20260719\enable_coperception_early_from_attentive.yaml,cov_potential_game,grid,utility,utility,none,0,0,,cov_coalition_game,6,,10;13;14;19,13;14,14,"{""14"": 56}","{""13"": 4679, ""14"": 4848}",77568,43.1412680756396,5,40.0,200.0,1,ns3,899,0.5,10,12,28,,,[],[],14>13:2,,0,7,
2026_07_15_01_26_56,000130,15,all-cluster-heads,docs\doc_workspace\SGCP\artifacts\early_from_late_checkpoint_20260719\enable_coperception_early_from_attentive.yaml,cov_potential_game,grid,utility,utility,none,0,0,,cov_coalition_game,6,,6;15,15;6,6,"{""6"": 62}","{""6"": 4731, ""15"": 4809}",75696,42.10011123470523,5,40.0,200.0,1,ns3,899,0.5,10,12,28,,,[],[],6>15:3,,21,22,
2026_07_15_01_26_56,000130,17,all-cluster-heads,docs\doc_workspace\SGCP\artifacts\early_from_late_checkpoint_20260719\enable_coperception_early_from_attentive.yaml,cov_potential_game,grid,utility,utility,none,0,0,,cov_coalition_game,6,,3;16;17;18,17;3,3,"{""3"": 62}","{""3"": 4942, ""17"": 5023}",79072,43.97775305895439,5,40.0,200.0,1,ns3,899,0.5,10,12,28,,,[],[],3>17:4,,10,14,
2026_07_15_01_26_56,000130,20,all-cluster-heads,docs\doc_workspace\SGCP\artifacts\early_from_late_checkpoint_20260719\enable_coperception_early_from_attentive.yaml,cov_potential_game,grid,utility,utility,none,0,0,,cov_coalition_game,6,,5;9;20,20,,{},"{""20"": 4900}",0,0.0,5,40.0,200.0,1,ns3,899,0.5,10,12,28,,,[],[],,,20,19,
2026_07_15_01_26_56,000132,4,all-cluster-heads,docs\doc_workspace\SGCP\artifacts\early_from_late_checkpoint_20260719\enable_coperception_early_from_attentive.yaml,cov_potential_game,grid,utility,utility,none,0,0,,cov_coalition_game,6,,4;7;8;12,4;12,12,"{""12"": 55}","{""4"": 4850, ""12"": 4839}",77424,43.06117908787542,5,40.0,200.0,1,ns3,899,0.5,10,12,28,,,[],[],12>4:0,,11,33,
2026_07_15_01_26_56,000132,11,all-cluster-heads,docs\doc_workspace\SGCP\artifacts\early_from_late_checkpoint_20260719\enable_coperception_early_from_attentive.yaml,cov_potential_game,grid,utility,utility,none,0,0,,cov_coalition_game,6,,1;2;11;19,11;19,19,"{""19"": 58}","{""11"": 4910, ""19"": 4812}",76992,42.82091212458287,5,40.0,200.0,1,ns3,899,0.5,10,12,28,,,[],[],19>11:1,,15,23,
2026_07_15_01_26_56,000132,13,all-cluster-heads,docs\doc_workspace\SGCP\artifacts\early_from_late_checkpoint_20260719\enable_coperception_early_from_attentive.yaml,cov_potential_game,grid,utility,utility,none,0,0,,cov_coalition_game,6,,9;10;13;14,13;14,14,"{""14"": 56}","{""13"": 4705, ""14"": 4819}",77104,42.88320355951056,5,40.0,200.0,1,ns3,899,0.5,10,12,28,,,[],[],14>13:2,,0,7,
2026_07_15_01_26_56,000132,15,all-cluster-heads,docs\doc_workspace\SGCP\artifacts\early_from_late_checkpoint_20260719\enable_coperception_early_from_attentive.yaml,cov_potential_game,grid,utility,utility,none,0,0,,cov_coalition_game,6,,6;15,15;6,6,"{""6"": 60}","{""6"": 4728, ""15"": 4844}",75648,42.073414905450505,5,40.0,200.0,1,ns3,899,0.5,10,12,28,,,[],[],6>15:3,,19,22,
2026_07_15_01_26_56,000132,17,all-cluster-heads,docs\doc_workspace\SGCP\artifacts\early_from_late_checkpoint_20260719\enable_coperception_early_from_attentive.yaml,cov_potential_game,grid,utility,utility,none,0,0,,cov_coalition_game,6,,3;16;17;18,17;3,3,"{""3"": 62}","{""3"": 4963, ""17"": 5022}",79408,44.16462736373749,5,40.0,200.0,1,ns3,899,0.5,10,12,28,,,[],[],3>17:4,,10,14,
2026_07_15_01_26_56,000132,20,all-cluster-heads,docs\doc_workspace\SGCP\artifacts\early_from_late_checkpoint_20260719\enable_coperception_early_from_attentive.yaml,cov_potential_game,grid,utility,utility,none,0,0,,cov_coalition_game,6,,5;20,20,,{},"{""20"": 4901}",0,0.0,5,40.0,200.0,1,ns3,899,0.5,10,12,28,,,[],[],,,19,19,
2026_07_15_01_26_56,000134,4,all-cluster-heads,docs\doc_workspace\SGCP\artifacts\early_from_late_checkpoint_20260719\enable_coperception_early_from_attentive.yaml,cov_potential_game,grid,utility,utility,none,0,0,,cov_coalition_game,6,,4;7;8;12,4;12,12,"{""12"": 54}","{""4"": 4848, ""12"": 4856}",77696,43.212458286985544,5,40.0,200.0,1,ns3,899,0.5,10,12,28,,,[],[],12>4:0,,10,33,
2026_07_15_01_26_56,000134,11,all-cluster-heads,docs\doc_workspace\SGCP\artifacts\early_from_late_checkpoint_20260719\enable_coperception_early_from_attentive.yaml,cov_potential_game,grid,utility,utility,none,0,0,,cov_coalition_game,6,,1;2;11;19,11;19,19,"{""19"": 57}","{""11"": 4909, ""19"": 4813}",77008,42.82981090100111,5,40.0,200.0,1,ns3,899,0.5,10,12,28,,,[],[],19>11:1,,15,23,
2026_07_15_01_26_56,000134,13,all-cluster-heads,docs\doc_workspace\SGCP\artifacts\early_from_late_checkpoint_20260719\enable_coperception_early_from_attentive.yaml,cov_potential_game,grid,utility,utility,none,0,0,,cov_coalition_game,6,,9;10;13;14,13;14,14,"{""14"": 57}","{""13"": 4701, ""14"": 4836}",77376,43.03448275862069,5,40.0,200.0,1,ns3,899,0.5,10,12,28,,,[],[],14>13:2,,0,7,
2026_07_15_01_26_56,000134,15,all-cluster-heads,docs\doc_workspace\SGCP\artifacts\early_from_late_checkpoint_20260719\enable_coperception_early_from_attentive.yaml,cov_potential_game,grid,utility,utility,none,0,0,,cov_coalition_game,6,,6;15,15;6,6,"{""6"": 58}","{""6"": 4721, ""15"": 4817}",75536,42.011123470522804,5,40.0,200.0,1,ns3,899,0.5,10,12,28,,,[],[],6>15:3,,18,25,
2026_07_15_01_26_56,000134,17,all-cluster-heads,docs\doc_workspace\SGCP\artifacts\early_from_late_checkpoint_20260719\enable_coperception_early_from_attentive.yaml,cov_potential_game,grid,utility,utility,none,0,0,,cov_coalition_game,6,,3;16;17;18,17;3,3,"{""3"": 61}","{""3"": 4954, ""17"": 5034}",79264,44.0845383759733,5,40.0,200.0,1,ns3,899,0.5,10,12,28,,,[],[],3>17:4,,11,14,
2026_07_15_01_26_56,000134,20,all-cluster-heads,docs\doc_workspace\SGCP\artifacts\early_from_late_checkpoint_20260719\enable_coperception_early_from_attentive.yaml,cov_potential_game,grid,utility,utility,none,0,0,,cov_coalition_game,6,,5;20,20,,{},"{""20"": 4905}",0,0.0,5,40.0,200.0,1,ns3,899,0.5,10,12,28,,,[],[],,,19,19,
2026_07_15_01_26_56,000136,2,all-cluster-heads,docs\doc_workspace\SGCP\artifacts\early_from_late_checkpoint_20260719\enable_coperception_early_from_attentive.yaml,cov_potential_game,grid,utility,utility,none,0,0,,cov_coalition_game,6,,2;6;15,2;6,6,"{""6"": 61}","{""2"": 4856, ""6"": 4740}",75840,42.18020022246941,5,40.0,200.0,1,ns3,899,0.5,10,12,28,,,[],[],6>2:0,,22,33,
2026_07_15_01_26_56,000136,11,all-cluster-heads,docs\doc_workspace\SGCP\artifacts\early_from_late_checkpoint_20260719\enable_coperception_early_from_attentive.yaml,cov_potential_game,grid,utility,utility,none,0,0,,cov_coalition_game,6,,1;8;11;19,11;19,19,"{""19"": 57}","{""11"": 4911, ""19"": 4814}",77024,42.83870967741935,5,40.0,200.0,1,ns3,899,0.5,10,12,28,,,[],[],19>11:1,,15,22,
2026_07_15_01_26_56,000136,12,all-cluster-heads,docs\doc_workspace\SGCP\artifacts\early_from_late_checkpoint_20260719\enable_coperception_early_from_attentive.yaml,cov_potential_game,grid,utility,utility,none,0,0,,cov_coalition_game,6,,4;7;12,12;7,7,"{""7"": 58}","{""7"": 4882, ""12"": 5003}",78112,43.44382647385984,5,40.0,200.0,1,ns3,899,0.5,10,12,28,,,[],[],7>12:2,,16,22,
2026_07_15_01_26_56,000136,13,all-cluster-heads,docs\doc_workspace\SGCP\artifacts\early_from_late_checkpoint_20260719\enable_coperception_early_from_attentive.yaml,cov_potential_game,grid,utility,utility,none,0,0,,cov_coalition_game,6,,9;10;13;14,13;14,14,"{""14"": 61}","{""13"": 4710, ""14"": 4805}",76880,42.75862068965517,5,40.0,200.0,1,ns3,899,0.5,10,12,28,,,[],[],14>13:3,,0,7,
2026_07_15_01_26_56,000136,17,all-cluster-heads,docs\doc_workspace\SGCP\artifacts\early_from_late_checkpoint_20260719\enable_coperception_early_from_attentive.yaml,cov_potential_game,grid,utility,utility,none,0,0,,cov_coalition_game,6,,3;16;17;18,17;3,3,"{""3"": 61}","{""3"": 4982, ""17"": 5030}",79712,44.33370411568409,5,40.0,200.0,1,ns3,899,0.5,10,12,28,,,[],[],3>17:4,,10,14,
2026_07_15_01_26_56,000136,20,all-cluster-heads,docs\doc_workspace\SGCP\artifacts\early_from_late_checkpoint_20260719\enable_coperception_early_from_attentive.yaml,cov_potential_game,grid,utility,utility,none,0,0,,cov_coalition_game,6,,5;20,20,,{},"{""20"": 4909}",0,0.0,5,40.0,200.0,1,ns3,899,0.5,10,12,28,,,[],[],,,17,19,
2026_07_15_01_26_56,000138,2,all-cluster-heads,docs\doc_workspace\SGCP\artifacts\early_from_late_checkpoint_20260719\enable_coperception_early_from_attentive.yaml,cov_potential_game,grid,utility,utility,none,0,0,,cov_coalition_game,6,,2;6;15,2;6,6,"{""6"": 61}","{""2"": 4857, ""6"": 4715}",75440,41.95773081201335,5,40.0,200.0,1,ns3,899,0.5,10,12,28,,,[],[],6>2:0,,22,33,
2026_07_15_01_26_56,000138,11,all-cluster-heads,docs\doc_workspace\SGCP\artifacts\early_from_late_checkpoint_20260719\enable_coperception_early_from_attentive.yaml,cov_potential_game,grid,utility,utility,none,0,0,,cov_coalition_game,6,,1;8;11;19,11;19,19,"{""19"": 57}","{""11"": 4909, ""19"": 4811}",76976,42.812013348164626,5,40.0,200.0,1,ns3,899,0.5,10,12,28,,,[],[],19>11:1,,14,23,
2026_07_15_01_26_56,000138,12,all-cluster-heads,docs\doc_workspace\SGCP\artifacts\early_from_late_checkpoint_20260719\enable_coperception_early_from_attentive.yaml,cov_potential_game,grid,utility,utility,none,0,0,,cov_coalition_game,6,,4;7;12,12;7,7,"{""7"": 58}","{""7"": 4883, ""12"": 4989}",78128,43.452725250278085,5,40.0,200.0,1,ns3,899,0.5,10,12,28,,,[],[],7>12:2,,15,22,
2026_07_15_01_26_56,000138,13,all-cluster-heads,docs\doc_workspace\SGCP\artifacts\early_from_late_checkpoint_20260719\enable_coperception_early_from_attentive.yaml,cov_potential_game,grid,utility,utility,none,0,0,,cov_coalition_game,6,,9;10;13;14,13;14,14,"{""14"": 60}","{""13"": 4698, ""14"": 4814}",77024,42.83870967741935,5,40.0,200.0,1,ns3,899,0.5,10,12,28,,,[],[],14>13:3,,0,7,
2026_07_15_01_26_56,000138,17,all-cluster-heads,docs\doc_workspace\SGCP\artifacts\early_from_late_checkpoint_20260719\enable_coperception_early_from_attentive.yaml,cov_potential_game,grid,utility,utility,none,0,0,,cov_coalition_game,6,,3;16;17;18,17;3,3,"{""3"": 62}","{""3"": 4974, ""17"": 5027}",79584,44.26251390433816,5,40.0,200.0,1,ns3,899,0.5,10,12,28,,,[],[],3>17:4,,10,14,
2026_07_15_01_26_56,000138,20,all-cluster-heads,docs\doc_workspace\SGCP\artifacts\early_from_late_checkpoint_20260719\enable_coperception_early_from_attentive.yaml,cov_potential_game,grid,utility,utility,none,0,0,,cov_coalition_game,6,,5;20,20,,{},"{""20"": 4910}",0,0.0,5,40.0,200.0,1,ns3,899,0.5,10,12,28,,,[],[],,,17,19,
2026_07_15_01_26_56,000140,4,all-cluster-heads,docs\doc_workspace\SGCP\artifacts\early_from_late_checkpoint_20260719\enable_coperception_early_from_attentive.yaml,cov_potential_game,grid,utility,utility,none,0,0,,cov_coalition_game,6,,4;7;8;12,4;12,12,"{""12"": 53}","{""4"": 4847, ""12"": 4888}",78208,43.4972191323693,5,40.0,200.0,1,ns3,899,0.5,10,12,28,,,[],[],12>4:0,,12,33,
2026_07_15_01_26_56,000140,11,all-cluster-heads,docs\doc_workspace\SGCP\artifacts\early_from_late_checkpoint_20260719\enable_coperception_early_from_attentive.yaml,cov_potential_game,grid,utility,utility,none,0,0,,cov_coalition_game,6,,1;2;11;19,11;19,19,"{""19"": 57}","{""11"": 4910, ""19"": 4811}",76976,42.812013348164626,5,40.0,200.0,1,ns3,899,0.5,10,12,28,,,[],[],19>11:1,,16,23,
2026_07_15_01_26_56,000140,13,all-cluster-heads,docs\doc_workspace\SGCP\artifacts\early_from_late_checkpoint_20260719\enable_coperception_early_from_attentive.yaml,cov_potential_game,grid,utility,utility,none,0,0,,cov_coalition_game,6,,9;10;13;14,13;14,14,"{""14"": 60}","{""13"": 4683, ""14"": 4821}",77136,42.901001112347046,5,40.0,200.0,1,ns3,899,0.5,10,12,28,,,[],[],14>13:2,,0,6,
2026_07_15_01_26_56,000140,15,all-cluster-heads,docs\doc_workspace\SGCP\artifacts\early_from_late_checkpoint_20260719\enable_coperception_early_from_attentive.yaml,cov_potential_game,grid,utility,utility,none,0,0,,cov_coalition_game,6,,6;15,15;6,6,"{""6"": 61}","{""6"": 4703, ""15"": 4825}",75248,41.850945494994434,5,40.0,200.0,1,ns3,899,0.5,10,12,28,,,[],[],6>15:3,,17,24,
2026_07_15_01_26_56,000140,17,all-cluster-heads,docs\doc_workspace\SGCP\artifacts\early_from_late_checkpoint_20260719\enable_coperception_early_from_attentive.yaml,cov_potential_game,grid,utility,utility,none,0,0,,cov_coalition_game,6,,3;16;17;18,17;3,3,"{""3"": 61}","{""3"": 4980, ""17"": 5029}",79680,44.31590656284761,5,40.0,200.0,1,ns3,899,0.5,10,12,28,,,[],[],3>17:4,,9,14,
2026_07_15_01_26_56,000140,20,all-cluster-heads,docs\doc_workspace\SGCP\artifacts\early_from_late_checkpoint_20260719\enable_coperception_early_from_attentive.yaml,cov_potential_game,grid,utility,utility,none,0,0,,cov_coalition_game,6,,5;20,20,,{},"{""20"": 4909}",0,0.0,5,40.0,200.0,1,ns3,899,0.5,10,12,28,,,[],[],,,17,19,
