label,parameter,setting,ap_03,ap_05,ap_07,raw_lidar_mbps,box_mbps,total_mbps,avg_source_cavs,avg_selected_grids,evaluated_frames,trace_rows,receiver_policy,late_fusion,resource_allocation,clustering,upload_mode,num_channels,bandwidth_mhz,communication_deadline_ms,raw_mbps_budget,checkpoint,artifact_stem,trace_path,log_path,input_adjusted_gflops_per_frame,detector_calls_per_frame
rho_th=0.001,rho_th,0.001,0.74,0.61,0.24,32.17,0.57,32.74,2.59,53.83,41,258,all-cluster-heads,inter_cluster_nms,cov_potential_game,cov_coalition_game,grid,10,40.0,200.0,,attentive,rho0p001,docs\doc_workspace\SGCP\artifacts\parameter_sensitivity_cv_20260723\rho0p001_trace.csv,docs\doc_workspace\SGCP\artifacts\parameter_sensitivity_cv_20260723\rho0p001.log,562.88,6.293
rho_th=0.003,rho_th,0.003,0.74,0.61,0.24,32.17,0.57,32.74,2.59,53.83,41,258,all-cluster-heads,inter_cluster_nms,cov_potential_game,cov_coalition_game,grid,10,40.0,200.0,,attentive,rho0p003,docs\doc_workspace\SGCP\artifacts\parameter_sensitivity_cv_20260723\rho0p003_trace.csv,docs\doc_workspace\SGCP\artifacts\parameter_sensitivity_cv_20260723\rho0p003.log,562.88,6.293
rho_th=0.005,rho_th,0.005,0.74,0.61,0.24,32.17,0.57,32.74,2.59,53.83,41,258,all-cluster-heads,inter_cluster_nms,cov_potential_game,cov_coalition_game,grid,10,40.0,200.0,,attentive,rho0p005,docs\doc_workspace\SGCP\artifacts\parameter_sensitivity_cv_20260723\rho0p005_trace.csv,docs\doc_workspace\SGCP\artifacts\parameter_sensitivity_cv_20260723\rho0p005.log,562.88,6.293
rho_th=0.01,rho_th,0.01,0.74,0.61,0.24,32.17,0.57,32.74,2.59,53.83,41,258,all-cluster-heads,inter_cluster_nms,cov_potential_game,cov_coalition_game,grid,10,40.0,200.0,,attentive,rho0p01,docs\doc_workspace\SGCP\artifacts\parameter_sensitivity_cv_20260723\rho0p01_trace.csv,docs\doc_workspace\SGCP\artifacts\parameter_sensitivity_cv_20260723\rho0p01.log,562.88,6.293
rho_th=0.03,rho_th,0.03,0.76,0.62,0.26,33.06,0.60,33.65,2.56,55.88,41,262,all-cluster-heads,inter_cluster_nms,cov_potential_game,cov_coalition_game,grid,10,40.0,200.0,,attentive,rho0p03,docs\doc_workspace\SGCP\artifacts\parameter_sensitivity_cv_20260723\rho0p03_trace.csv,docs\doc_workspace\SGCP\artifacts\parameter_sensitivity_cv_20260723\rho0p03.log,571.61,6.390
rho_th=0.05,rho_th,0.05,0.78,0.66,0.29,34.04,0.62,34.66,2.54,56.68,41,266,all-cluster-heads,inter_cluster_nms,cov_potential_game,cov_coalition_game,grid,10,40.0,200.0,,attentive,rho0p05,docs\doc_workspace\SGCP\artifacts\parameter_sensitivity_cv_20260723\rho0p05_trace.csv,docs\doc_workspace\SGCP\artifacts\parameter_sensitivity_cv_20260723\rho0p05.log,580.34,6.488
rho_th=0.1,rho_th,0.1,0.83,0.71,0.32,38.53,0.66,39.18,2.54,61.72,41,266,all-cluster-heads,inter_cluster_nms,cov_potential_game,cov_coalition_game,grid,10,40.0,200.0,,attentive,rho0p1,docs\doc_workspace\SGCP\artifacts\parameter_sensitivity_cv_20260723\rho0p1_trace.csv,docs\doc_workspace\SGCP\artifacts\parameter_sensitivity_cv_20260723\rho0p1.log,580.37,6.488
rho_th=0.3,rho_th,0.3,0.85,0.78,0.36,53.17,0.65,53.83,2.63,74.93,41,251,all-cluster-heads,inter_cluster_nms,cov_potential_game,cov_coalition_game,grid,10,40.0,200.0,,attentive,rho0p3,docs\doc_workspace\SGCP\artifacts\parameter_sensitivity_cv_20260723\rho0p3_trace.csv,docs\doc_workspace\SGCP\artifacts\parameter_sensitivity_cv_20260723\rho0p3.log,547.77,6.122
rho_th=0.5,rho_th,0.5,0.86,0.78,0.37,54.69,0.67,55.37,2.63,78.50,41,251,all-cluster-heads,inter_cluster_nms,cov_potential_game,cov_coalition_game,grid,10,40.0,200.0,,attentive,rho0p5,docs\doc_workspace\SGCP\artifacts\parameter_sensitivity_cv_20260723\rho0p5_trace.csv,docs\doc_workspace\SGCP\artifacts\parameter_sensitivity_cv_20260723\rho0p5.log,547.78,6.122
rho_th=1,rho_th,1,0.86,0.78,0.36,57.15,0.71,57.86,2.67,82.36,41,246,all-cluster-heads,inter_cluster_nms,cov_potential_game,cov_coalition_game,grid,10,40.0,200.0,,attentive,rho1,docs\doc_workspace\SGCP\artifacts\parameter_sensitivity_cv_20260723\rho1_trace.csv,docs\doc_workspace\SGCP\artifacts\parameter_sensitivity_cv_20260723\rho1.log,536.90,6.000
rho_th=2,rho_th,2,0.87,0.80,0.36,59.65,0.72,60.37,2.67,84.89,41,246,all-cluster-heads,inter_cluster_nms,cov_potential_game,cov_coalition_game,grid,10,40.0,200.0,,attentive,rho2,docs\doc_workspace\SGCP\artifacts\parameter_sensitivity_cv_20260723\rho2_trace.csv,docs\doc_workspace\SGCP\artifacts\parameter_sensitivity_cv_20260723\rho2.log,536.91,6.000
rho_th=3,rho_th,3,0.87,0.80,0.36,60.18,0.72,60.90,2.67,85.73,41,246,all-cluster-heads,inter_cluster_nms,cov_potential_game,cov_coalition_game,grid,10,40.0,200.0,,attentive,base,docs\doc_workspace\SGCP\artifacts\parameter_sensitivity_cv_20260723\base_trace.csv,docs\doc_workspace\SGCP\artifacts\parameter_sensitivity_cv_20260723\base.log,536.92,6.000
N_max=2,N_max,2,0.83,0.72,0.31,52.88,0.96,53.84,1.94,52.33,41,422,all-cluster-heads,inter_cluster_nms,cov_potential_game,cov_coalition_game,grid,10,40.0,200.0,,attentive,nmax2,docs\doc_workspace\SGCP\artifacts\parameter_sensitivity_cv_20260723\nmax2_trace.csv,docs\doc_workspace\SGCP\artifacts\parameter_sensitivity_cv_20260723\nmax2.log,903.23,10.098
N_max=3,N_max,3,0.88,0.79,0.33,60.34,0.80,61.14,2.31,68.72,41,312,all-cluster-heads,inter_cluster_nms,cov_potential_game,cov_coalition_game,grid,10,40.0,200.0,,attentive,nmax3,docs\doc_workspace\SGCP\artifacts\parameter_sensitivity_cv_20260723\nmax3_trace.csv,docs\doc_workspace\SGCP\artifacts\parameter_sensitivity_cv_20260723\nmax3.log,626.33,7.000
N_max=4,N_max,4,0.87,0.80,0.36,60.18,0.72,60.90,2.67,85.73,41,246,all-cluster-heads,inter_cluster_nms,cov_potential_game,cov_coalition_game,grid,10,40.0,200.0,,attentive,base,docs\doc_workspace\SGCP\artifacts\parameter_sensitivity_cv_20260723\base_trace.csv,docs\doc_workspace\SGCP\artifacts\parameter_sensitivity_cv_20260723\base.log,536.92,6.000
N_max=5,N_max,5,0.85,0.77,0.33,57.11,0.70,57.81,2.67,85.32,41,246,all-cluster-heads,inter_cluster_nms,cov_potential_game,cov_coalition_game,grid,10,40.0,200.0,,attentive,nmax5,docs\doc_workspace\SGCP\artifacts\parameter_sensitivity_cv_20260723\nmax5_trace.csv,docs\doc_workspace\SGCP\artifacts\parameter_sensitivity_cv_20260723\nmax5.log,536.89,6.000
N_max=6,N_max,6,0.85,0.77,0.33,57.11,0.70,57.81,2.67,85.32,41,246,all-cluster-heads,inter_cluster_nms,cov_potential_game,cov_coalition_game,grid,10,40.0,200.0,,attentive,nmax6,docs\doc_workspace\SGCP\artifacts\parameter_sensitivity_cv_20260723\nmax6_trace.csv,docs\doc_workspace\SGCP\artifacts\parameter_sensitivity_cv_20260723\nmax6.log,536.89,6.000
target_subchannels=5,target_subchannels,5,0.71,0.59,0.24,30.20,0.57,30.76,1.83,47.33,41,246,all-cluster-heads,inter_cluster_nms,cov_potential_game,cov_coalition_game,grid,5,40.0,200.0,,attentive,ch5,docs\doc_workspace\SGCP\artifacts\parameter_sensitivity_cv_20260723\ch5_trace.csv,docs\doc_workspace\SGCP\artifacts\parameter_sensitivity_cv_20260723\ch5.log,536.69,6.000
target_subchannels=10,target_subchannels,10,0.87,0.80,0.36,60.18,0.72,60.90,2.67,85.73,41,246,all-cluster-heads,inter_cluster_nms,cov_potential_game,cov_coalition_game,grid,10,40.0,200.0,,attentive,base,docs\doc_workspace\SGCP\artifacts\parameter_sensitivity_cv_20260723\base_trace.csv,docs\doc_workspace\SGCP\artifacts\parameter_sensitivity_cv_20260723\base.log,536.92,6.000
target_subchannels=20,target_subchannels,20,0.87,0.81,0.35,65.61,0.73,66.34,2.81,92.50,41,246,all-cluster-heads,inter_cluster_nms,cov_potential_game,cov_coalition_game,grid,20,40.0,200.0,,attentive,ch20,docs\doc_workspace\SGCP\artifacts\parameter_sensitivity_cv_20260723\ch20_trace.csv,docs\doc_workspace\SGCP\artifacts\parameter_sensitivity_cv_20260723\ch20.log,536.96,6.000
raw_mbps_budget=1,raw_mbps_budget,1,0.50,0.36,0.16,1.00,0.46,1.46,1.17,0.76,41,246,all-cluster-heads,inter_cluster_nms,cov_potential_game,cov_coalition_game,grid,10,40.0,200.0,1.0,attentive,mbps1,docs\doc_workspace\SGCP\artifacts\parameter_sensitivity_cv_20260723\mbps1_trace.csv,docs\doc_workspace\SGCP\artifacts\parameter_sensitivity_cv_20260723\mbps1.log,536.48,6.000
raw_mbps_budget=5,raw_mbps_budget,5,0.52,0.38,0.17,5.00,0.47,5.47,1.17,2.32,41,246,all-cluster-heads,inter_cluster_nms,cov_potential_game,cov_coalition_game,grid,10,40.0,200.0,5.0,attentive,mbps5,docs\doc_workspace\SGCP\artifacts\parameter_sensitivity_cv_20260723\mbps5_trace.csv,docs\doc_workspace\SGCP\artifacts\parameter_sensitivity_cv_20260723\mbps5.log,536.51,6.000
raw_mbps_budget=10,raw_mbps_budget,10,0.60,0.46,0.21,10.00,0.50,10.50,1.35,10.61,41,246,all-cluster-heads,inter_cluster_nms,cov_potential_game,cov_coalition_game,grid,10,40.0,200.0,10.0,attentive,mbps10,docs\doc_workspace\SGCP\artifacts\parameter_sensitivity_cv_20260723\mbps10_trace.csv,docs\doc_workspace\SGCP\artifacts\parameter_sensitivity_cv_20260723\mbps10.log,536.54,6.000
raw_mbps_budget=20,raw_mbps_budget,20,0.70,0.58,0.28,20.00,0.57,20.57,1.67,26.41,41,246,all-cluster-heads,inter_cluster_nms,cov_potential_game,cov_coalition_game,grid,10,40.0,200.0,20.0,attentive,mbps20,docs\doc_workspace\SGCP\artifacts\parameter_sensitivity_cv_20260723\mbps20_trace.csv,docs\doc_workspace\SGCP\artifacts\parameter_sensitivity_cv_20260723\mbps20.log,536.62,6.000
raw_mbps_budget=40,raw_mbps_budget,40,0.81,0.73,0.34,40.00,0.67,40.67,2.17,51.32,41,246,all-cluster-heads,inter_cluster_nms,cov_potential_game,cov_coalition_game,grid,10,40.0,200.0,40.0,attentive,mbps40,docs\doc_workspace\SGCP\artifacts\parameter_sensitivity_cv_20260723\mbps40_trace.csv,docs\doc_workspace\SGCP\artifacts\parameter_sensitivity_cv_20260723\mbps40.log,536.77,6.000
raw_mbps_budget=60,raw_mbps_budget,60,0.87,0.80,0.35,59.43,0.72,60.15,2.67,81.61,41,246,all-cluster-heads,inter_cluster_nms,cov_potential_game,cov_coalition_game,grid,10,40.0,200.0,60.0,attentive,mbps60,docs\doc_workspace\SGCP\artifacts\parameter_sensitivity_cv_20260723\mbps60_trace.csv,docs\doc_workspace\SGCP\artifacts\parameter_sensitivity_cv_20260723\mbps60.log,536.91,6.000
raw_mbps_budget=100,raw_mbps_budget,100,0.87,0.80,0.36,60.18,0.72,60.90,2.67,85.73,41,246,all-cluster-heads,inter_cluster_nms,cov_potential_game,cov_coalition_game,grid,10,40.0,200.0,100.0,attentive,mbps100,docs\doc_workspace\SGCP\artifacts\parameter_sensitivity_cv_20260723\mbps100_trace.csv,docs\doc_workspace\SGCP\artifacts\parameter_sensitivity_cv_20260723\mbps100.log,536.92,6.000
raw_mbps_budget=200,raw_mbps_budget,200,0.87,0.80,0.36,60.18,0.72,60.90,2.67,85.73,41,246,all-cluster-heads,inter_cluster_nms,cov_potential_game,cov_coalition_game,grid,10,40.0,200.0,200.0,attentive,mbps200,docs\doc_workspace\SGCP\artifacts\parameter_sensitivity_cv_20260723\mbps200_trace.csv,docs\doc_workspace\SGCP\artifacts\parameter_sensitivity_cv_20260723\mbps200.log,536.92,6.000
