scenario_id,timestamp,receiver_id,receiver_policy,coperception_yaml,resource_allocation,upload_mode,grid_selection_mode,grid_score_mode,coverage_fallback,coverage_fallback_replacements,routing_hint_replacements,routing_hints_csv,clustering,cluster_count,selective_frame_deadline_ms,cluster_member_ids,source_cav_ids,uploaded_source_ids,selected_grid_counts_json,point_counts_json,communication_bytes,frame_comm_time_ms,num_channels,bandwidth_mhz,communication_deadline_ms,sgcp_frame_mbps_budget,sgcp_frame_budget_bytes,sgcp_frame_budget_original_bytes,sgcp_frame_budget_admitted_bytes,max_senders_per_receiver,channel_estimator,ns3_tb_size_bytes,ns3_slot_duration_ms,ns3_subchannel_prbs,ns3_symbols_per_slot,ns3_mcs,pcs_rounds_requested,pcs_rounds_accepted,pcs_round_comm_time_ms_json,pcs_round_comm_bytes_json,channel_allocation,missing_channel_sources,pred_boxes,gt_boxes,skipped
2026_07_15_01_26_56,000060,4,all-cluster-heads,C:\Workspace\OpenCDA\docs\doc_workspace\SGCP\artifacts\early_from_late_checkpoint_20260719\enable_coperception_early_from_attentive.yaml,cov_potential_game,grid,utility,utility,none,0,0,,random_balanced,5,,2;4;11;17,4;2;11,2;11,"{""2"": 37, ""11"": 26}","{""2"": 4795, ""4"": 4886, ""11"": 2980}",124400,42.66963292547275,10,40.0,100.0,200.0,2500000,655744,655744,1,ns3,899,0.5,10,12,28,,,[],[],2>4:0;11>4:7,,36,44,
2026_07_15_01_26_56,000060,9,all-cluster-heads,C:\Workspace\OpenCDA\docs\doc_workspace\SGCP\artifacts\early_from_late_checkpoint_20260719\enable_coperception_early_from_attentive.yaml,cov_potential_game,grid,utility,utility,none,0,0,,random_balanced,5,,9;12;13;14,9;14;13,14;13,"{""13"": 37, ""14"": 37}","{""9"": 4858, ""13"": 4679, ""14"": 4980}",154544,44.31590656284761,10,40.0,100.0,200.0,2500000,655744,655744,1,ns3,899,0.5,10,12,28,,,[],[],13>9:5;14>9:1,,9,26,
2026_07_15_01_26_56,000060,10,all-cluster-heads,C:\Workspace\OpenCDA\docs\doc_workspace\SGCP\artifacts\early_from_late_checkpoint_20260719\enable_coperception_early_from_attentive.yaml,cov_potential_game,grid,utility,utility,none,0,0,,random_balanced,5,,1;3;8;10,10;3;1,3;1,"{""1"": 33, ""3"": 37}","{""1"": 4761, ""3"": 4841, ""10"": 4953}",153632,43.07897664071191,10,40.0,100.0,200.0,2500000,655744,655744,1,ns3,899,0.5,10,12,28,,,[],[],1>10:6;3>10:2,,30,44,
2026_07_15_01_26_56,000060,19,all-cluster-heads,C:\Workspace\OpenCDA\docs\doc_workspace\SGCP\artifacts\early_from_late_checkpoint_20260719\enable_coperception_early_from_attentive.yaml,cov_potential_game,grid,utility,utility,none,0,0,,random_balanced,5,,5;6;16;19,19;16;5,16;5,"{""5"": 27, ""16"": 37}","{""5"": 4429, ""16"": 4804, ""19"": 4844}",147728,42.749721913236925,10,40.0,100.0,200.0,2500000,655744,655744,1,ns3,899,0.5,10,12,28,,,[],[],5>19:8;16>19:3,,19,32,
2026_07_15_01_26_56,000060,20,all-cluster-heads,C:\Workspace\OpenCDA\docs\doc_workspace\SGCP\artifacts\early_from_late_checkpoint_20260719\enable_coperception_early_from_attentive.yaml,cov_potential_game,grid,utility,utility,none,0,0,,random_balanced,5,,7;15;18;20,20;7;18,7;18,"{""7"": 37, ""18"": 14}","{""7"": 4429, ""18"": 286, ""20"": 4909}",75440,39.41268075639599,10,40.0,100.0,200.0,2500000,655744,655744,1,ns3,899,0.5,10,12,28,,,[],[],7>20:4;18>20:9,,20,27,
2026_07_15_01_26_56,000062,2,all-cluster-heads,C:\Workspace\OpenCDA\docs\doc_workspace\SGCP\artifacts\early_from_late_checkpoint_20260719\enable_coperception_early_from_attentive.yaml,cov_potential_game,grid,utility,utility,none,0,0,,random_balanced,5,,2;12;15;16,2;12;15,12;15,"{""12"": 37, ""15"": 26}","{""2"": 4862, ""12"": 4811, ""15"": 4429}",147840,42.812013348164626,10,40.0,100.0,200.0,2500000,661712,661712,1,ns3,899,0.5,10,12,28,,,[],[],12>2:0;15>2:8,,26,37,
2026_07_15_01_26_56,000062,5,all-cluster-heads,C:\Workspace\OpenCDA\docs\doc_workspace\SGCP\artifacts\early_from_late_checkpoint_20260719\enable_coperception_early_from_attentive.yaml,cov_potential_game,grid,utility,utility,none,0,0,,random_balanced,5,,5;8;11;17,5;17;11,17;11,"{""11"": 25, ""17"": 37}","{""5"": 4912, ""11"": 3509, ""17"": 4835}",133504,43.02558398220245,10,40.0,100.0,200.0,2500000,661712,661712,1,ns3,899,0.5,10,12,28,,,[],[],11>5:7;17>5:1,,19,28,
2026_07_15_01_26_56,000062,9,all-cluster-heads,C:\Workspace\OpenCDA\docs\doc_workspace\SGCP\artifacts\early_from_late_checkpoint_20260719\enable_coperception_early_from_attentive.yaml,cov_potential_game,grid,utility,utility,none,0,0,,random_balanced,5,,1;7;9;19,9;7;19,7;19,"{""7"": 37, ""19"": 37}","{""7"": 4768, ""9"": 4859, ""19"": 4737}",152080,42.4293659621802,10,40.0,100.0,200.0,2500000,661712,661712,1,ns3,899,0.5,10,12,28,,,[],[],7>9:2;19>9:6,,17,22,
2026_07_15_01_26_56,000062,13,all-cluster-heads,C:\Workspace\OpenCDA\docs\doc_workspace\SGCP\artifacts\early_from_late_checkpoint_20260719\enable_coperception_early_from_attentive.yaml,cov_potential_game,grid,utility,utility,none,0,0,,random_balanced,5,,6;13;14;18,13;14,14,"{""14"": 37}","{""13"": 4793, ""14"": 4968}",79488,44.209121245828705,10,40.0,100.0,200.0,2500000,661712,661712,1,ns3,899,0.5,10,12,28,,,[],[],14>13:3,,0,11,
2026_07_15_01_26_56,000062,20,all-cluster-heads,C:\Workspace\OpenCDA\docs\doc_workspace\SGCP\artifacts\early_from_late_checkpoint_20260719\enable_coperception_early_from_attentive.yaml,cov_potential_game,grid,utility,utility,none,0,0,,random_balanced,5,,3;4;10;20,20;3;10,3;10,"{""3"": 37, ""10"": 31}","{""3"": 4807, ""10"": 4493, ""20"": 4908}",148800,42.77641824249166,10,40.0,100.0,200.0,2500000,661712,661712,1,ns3,899,0.5,10,12,28,,,[],[],3>20:4;10>20:5,,26,42,
2026_07_15_01_26_56,000064,1,all-cluster-heads,C:\Workspace\OpenCDA\docs\doc_workspace\SGCP\artifacts\early_from_late_checkpoint_20260719\enable_coperception_early_from_attentive.yaml,cov_potential_game,grid,utility,utility,none,0,0,,random_balanced,5,,1;5;9;15,1;9;15,9;15,"{""9"": 37, ""15"": 20}","{""1"": 4921, ""9"": 4838, ""15"": 4178}",144256,43.052280311457174,10,40.0,100.0,200.0,2500000,726624,726624,1,ns3,899,0.5,10,12,28,,,[],[],9>1:0;15>1:9,,30,39,
2026_07_15_01_26_56,000064,7,all-cluster-heads,C:\Workspace\OpenCDA\docs\doc_workspace\SGCP\artifacts\early_from_late_checkpoint_20260719\enable_coperception_early_from_attentive.yaml,cov_potential_game,grid,utility,utility,none,0,0,,random_balanced,5,,4;7;13;18,7;13;4,13;4,"{""4"": 37, ""13"": 37}","{""4"": 4721, ""7"": 4911, ""13"": 4745}",151456,42.224694104560626,10,40.0,100.0,200.0,2500000,726624,726624,1,ns3,899,0.5,10,12,28,,,[],[],4>7:5;13>7:1,,26,43,
2026_07_15_01_26_56,000064,12,all-cluster-heads,C:\Workspace\OpenCDA\docs\doc_workspace\SGCP\artifacts\early_from_late_checkpoint_20260719\enable_coperception_early_from_attentive.yaml,cov_potential_game,grid,utility,utility,none,0,0,,random_balanced,5,,6;12;16;17,12;17;16,17;16,"{""16"": 31, ""17"": 37}","{""12"": 4896, ""16"": 3558, ""17"": 4809}",133872,42.79421579532814,10,40.0,100.0,200.0,2500000,726624,726624,1,ns3,899,0.5,10,12,28,,,[],[],16>12:8;17>12:2,,21,37,
2026_07_15_01_26_56,000064,19,all-cluster-heads,C:\Workspace\OpenCDA\docs\doc_workspace\SGCP\artifacts\early_from_late_checkpoint_20260719\enable_coperception_early_from_attentive.yaml,cov_potential_game,grid,utility,utility,none,0,0,,random_balanced,5,,2;11;14;19,19;14;11,14;11,"{""11"": 31, ""14"": 37}","{""11"": 4299, ""14"": 4972, ""19"": 4819}",148336,44.24471635150167,10,40.0,100.0,200.0,2500000,726624,726624,1,ns3,899,0.5,10,12,28,,,[],[],11>19:7;14>19:3,,11,21,
2026_07_15_01_26_56,000064,20,all-cluster-heads,C:\Workspace\OpenCDA\docs\doc_workspace\SGCP\artifacts\early_from_late_checkpoint_20260719\enable_coperception_early_from_attentive.yaml,cov_potential_game,grid,utility,utility,none,0,0,,random_balanced,5,,3;8;10;20,20;3;10,3;10,"{""3"": 37, ""10"": 30}","{""3"": 4800, ""10"": 4494, ""20"": 4908}",148704,42.71412680756396,10,40.0,100.0,200.0,2500000,726624,726624,1,ns3,899,0.5,10,12,28,,,[],[],3>20:4;10>20:6,,24,40,
2026_07_15_01_26_56,000066,5,all-cluster-heads,C:\Workspace\OpenCDA\docs\doc_workspace\SGCP\artifacts\early_from_late_checkpoint_20260719\enable_coperception_early_from_attentive.yaml,cov_potential_game,grid,utility,utility,none,0,0,,random_balanced,5,,2;5;7;9,5;2;7,2;7,"{""2"": 37, ""7"": 36}","{""2"": 4817, ""5"": 4912, ""7"": 4540}",149712,42.86540600667408,10,40.0,100.0,200.0,2500000,619616,619616,1,ns3,899,0.5,10,12,28,,,[],[],2>5:0;7>5:7,,30,42,
2026_07_15_01_26_56,000066,8,all-cluster-heads,C:\Workspace\OpenCDA\docs\doc_workspace\SGCP\artifacts\early_from_late_checkpoint_20260719\enable_coperception_early_from_attentive.yaml,cov_potential_game,grid,utility,utility,none,0,0,,random_balanced,5,,4;8;15;20,8;20;4,20;4,"{""4"": 37, ""20"": 37}","{""4"": 4548, ""8"": 4838, ""20"": 4854}",150432,43.19466073414905,10,40.0,100.0,200.0,2500000,619616,619616,1,ns3,899,0.5,10,12,28,,,[],[],4>8:6;20>8:1,,38,39,
2026_07_15_01_26_56,000066,11,all-cluster-heads,C:\Workspace\OpenCDA\docs\doc_workspace\SGCP\artifacts\early_from_late_checkpoint_20260719\enable_coperception_early_from_attentive.yaml,cov_potential_game,grid,utility,utility,none,0,0,,random_balanced,5,,3;6;11;17,11;3;6,3;6,"{""3"": 37, ""6"": 14}","{""3"": 4826, ""6"": 285, ""11"": 4913}",81776,42.94549499443826,10,40.0,100.0,200.0,2500000,619616,619616,1,ns3,899,0.5,10,12,28,,,[],[],3>11:2;6>11:8,,24,30,
2026_07_15_01_26_56,000066,12,all-cluster-heads,C:\Workspace\OpenCDA\docs\doc_workspace\SGCP\artifacts\early_from_late_checkpoint_20260719\enable_coperception_early_from_attentive.yaml,cov_potential_game,grid,utility,utility,none,0,0,,random_balanced,5,,1;12;18;19,12;1;19,1;19,"{""1"": 37, ""19"": 15}","{""1"": 4889, ""12"": 4884, ""19"": 207}",81536,43.506117908787544,10,40.0,100.0,200.0,2500000,619616,619616,1,ns3,899,0.5,10,12,28,,,[],[],1>12:3;19>12:9,,22,33,
2026_07_15_01_26_56,000066,13,all-cluster-heads,C:\Workspace\OpenCDA\docs\doc_workspace\SGCP\artifacts\early_from_late_checkpoint_20260719\enable_coperception_early_from_attentive.yaml,cov_potential_game,grid,utility,utility,none,0,0,,random_balanced,5,,10;13;14;16,13;14;10,14;10,"{""10"": 37, ""14"": 37}","{""10"": 4802, ""13"": 4794, ""14"": 4958}",156160,44.12013348164627,10,40.0,100.0,200.0,2500000,619616,619616,1,ns3,899,0.5,10,12,28,,,[],[],10>13:5;14>13:4,,10,33,
2026_07_15_01_26_56,000068,5,all-cluster-heads,C:\Workspace\OpenCDA\docs\doc_workspace\SGCP\artifacts\early_from_late_checkpoint_20260719\enable_coperception_early_from_attentive.yaml,cov_potential_game,grid,utility,utility,none,0,0,,random_balanced,5,,3;5;12;15,5;3;12,3;12,"{""3"": 37, ""12"": 23}","{""3"": 4840, ""5"": 4912, ""12"": 2674}",120224,43.070077864293665,10,40.0,100.0,200.0,2500000,607072,607072,1,ns3,899,0.5,10,12,28,,,[],[],3>5:0;12>5:7,,15,32,
2026_07_15_01_26_56,000068,11,all-cluster-heads,C:\Workspace\OpenCDA\docs\doc_workspace\SGCP\artifacts\early_from_late_checkpoint_20260719\enable_coperception_early_from_attentive.yaml,cov_potential_game,grid,utility,utility,none,0,0,,random_balanced,5,,2;9;11;19,11;9;2,9;2,"{""2"": 37, ""9"": 37}","{""2"": 4790, ""9"": 4832, ""11"": 4911}",153952,42.998887652947715,10,40.0,100.0,200.0,2500000,607072,607072,1,ns3,899,0.5,10,12,28,,,[],[],2>11:5;9>11:1,,29,47,
2026_07_15_01_26_56,000068,13,all-cluster-heads,C:\Workspace\OpenCDA\docs\doc_workspace\SGCP\artifacts\early_from_late_checkpoint_20260719\enable_coperception_early_from_attentive.yaml,cov_potential_game,grid,utility,utility,none,0,0,,random_balanced,5,,6;7;13;14,13;14;7,14;7,"{""7"": 16, ""14"": 37}","{""7"": 2856, ""13"": 4795, ""14"": 4946}",124832,44.01334816462736,10,40.0,100.0,200.0,2500000,607072,607072,1,ns3,899,0.5,10,12,28,,,[],[],7>13:8;14>13:2,,4,26,
2026_07_15_01_26_56,000068,16,all-cluster-heads,C:\Workspace\OpenCDA\docs\doc_workspace\SGCP\artifacts\early_from_late_checkpoint_20260719\enable_coperception_early_from_attentive.yaml,cov_potential_game,grid,utility,utility,none,0,0,,random_balanced,5,,8;10;16;18,16;10;8,10;8,"{""8"": 27, ""10"": 37}","{""8"": 528, ""10"": 4884, ""16"": 4887}",86592,43.46162402669633,10,40.0,100.0,200.0,2500000,607072,607072,1,ns3,899,0.5,10,12,28,,,[],[],8>16:9;10>16:3,,30,44,
2026_07_15_01_26_56,000068,20,all-cluster-heads,C:\Workspace\OpenCDA\docs\doc_workspace\SGCP\artifacts\early_from_late_checkpoint_20260719\enable_coperception_early_from_attentive.yaml,cov_potential_game,grid,utility,utility,none,0,0,,random_balanced,5,,1;4;17;20,20;17;4,17;4,"{""4"": 30, ""17"": 37}","{""4"": 2798, ""17"": 4794, ""20"": 4909}",121472,42.660734149054505,10,40.0,100.0,200.0,2500000,607072,607072,1,ns3,899,0.5,10,12,28,,,[],[],4>20:6;17>20:4,,25,38,
2026_07_15_01_26_56,000070,2,all-cluster-heads,C:\Workspace\OpenCDA\docs\doc_workspace\SGCP\artifacts\early_from_late_checkpoint_20260719\enable_coperception_early_from_attentive.yaml,cov_potential_game,grid,utility,utility,none,0,0,,random_balanced,5,,2;13;15;17,2;17;13,17;13,"{""13"": 24, ""17"": 37}","{""2"": 4882, ""13"": 3336, ""17"": 4817}",130448,42.86540600667408,10,40.0,100.0,200.0,2500000,690160,690160,1,ns3,899,0.5,10,12,28,,,[],[],13>2:8;17>2:0,,23,38,
2026_07_15_01_26_56,000070,4,all-cluster-heads,C:\Workspace\OpenCDA\docs\doc_workspace\SGCP\artifacts\early_from_late_checkpoint_20260719\enable_coperception_early_from_attentive.yaml,cov_potential_game,grid,utility,utility,none,0,0,,random_balanced,5,,1;4;12;18,4;1;12,1;12,"{""1"": 37, ""12"": 37}","{""1"": 4890, ""4"": 4851, ""12"": 4806}",155136,43.51501668520579,10,40.0,100.0,200.0,2500000,690160,690160,1,ns3,899,0.5,10,12,28,,,[],[],1>4:1;12>4:5,,20,37,
2026_07_15_01_26_56,000070,5,all-cluster-heads,C:\Workspace\OpenCDA\docs\doc_workspace\SGCP\artifacts\early_from_late_checkpoint_20260719\enable_coperception_early_from_attentive.yaml,cov_potential_game,grid,utility,utility,none,0,0,,random_balanced,5,,3;5;7;10,5;3;10,3;10,"{""3"": 37, ""10"": 35}","{""3"": 4814, ""5"": 4907, ""10"": 4550}",149824,42.83870967741935,10,40.0,100.0,200.0,2500000,690160,690160,1,ns3,899,0.5,10,12,28,,,[],[],3>5:2;10>5:6,,20,36,
2026_07_15_01_26_56,000070,9,all-cluster-heads,C:\Workspace\OpenCDA\docs\doc_workspace\SGCP\artifacts\early_from_late_checkpoint_20260719\enable_coperception_early_from_attentive.yaml,cov_potential_game,grid,utility,utility,none,0,0,,random_balanced,5,,8;9;11;20,9;11;20,11;20,"{""11"": 37, ""20"": 30}","{""9"": 4857, ""11"": 4780, ""20"": 3529}",132944,42.53615127919911,10,40.0,100.0,200.0,2500000,690160,690160,1,ns3,899,0.5,10,12,28,,,[],[],11>9:3;20>9:7,,31,35,
2026_07_15_01_26_56,000070,19,all-cluster-heads,C:\Workspace\OpenCDA\docs\doc_workspace\SGCP\artifacts\early_from_late_checkpoint_20260719\enable_coperception_early_from_attentive.yaml,cov_potential_game,grid,utility,utility,none,0,0,,random_balanced,5,,6;14;16;19,19;14;16,14;16,"{""14"": 37, ""16"": 19}","{""14"": 4936, ""16"": 2677, ""19"": 4824}",121808,43.92436040044494,10,40.0,100.0,200.0,2500000,690160,690160,1,ns3,899,0.5,10,12,28,,,[],[],14>19:4;16>19:9,,4,29,
2026_07_15_01_26_56,000072,7,all-cluster-heads,C:\Workspace\OpenCDA\docs\doc_workspace\SGCP\artifacts\early_from_late_checkpoint_20260719\enable_coperception_early_from_attentive.yaml,cov_potential_game,grid,utility,utility,none,0,0,,random_balanced,5,,7;9;10;18,7;10;9,10;9,"{""9"": 26, ""10"": 37}","{""7"": 4909, ""9"": 3946, ""10"": 4885}",141296,43.47052280311457,10,40.0,100.0,200.0,2500000,679216,679216,1,ns3,899,0.5,10,12,28,,,[],[],9>7:8;10>7:0,,26,38,
2026_07_15_01_26_56,000072,11,all-cluster-heads,C:\Workspace\OpenCDA\docs\doc_workspace\SGCP\artifacts\early_from_late_checkpoint_20260719\enable_coperception_early_from_attentive.yaml,cov_potential_game,grid,utility,utility,none,0,0,,random_balanced,5,,2;4;11;19,11;4;2,4;2,"{""2"": 37, ""4"": 37}","{""2"": 4788, ""4"": 4799, ""11"": 4908}",153392,42.705228031145715,10,40.0,100.0,200.0,2500000,679216,679216,1,ns3,899,0.5,10,12,28,,,[],[],2>11:5;4>11:1,,32,47,
2026_07_15_01_26_56,000072,13,all-cluster-heads,C:\Workspace\OpenCDA\docs\doc_workspace\SGCP\artifacts\early_from_late_checkpoint_20260719\enable_coperception_early_from_attentive.yaml,cov_potential_game,grid,utility,utility,none,0,0,,random_balanced,5,,1;12;13;14,13;14;1,14;1,"{""1"": 20, ""14"": 37}","{""1"": 616, ""13"": 4800, ""14"": 4949}",89040,44.040044493882085,10,40.0,100.0,200.0,2500000,679216,679216,1,ns3,899,0.5,10,12,28,,,[],[],1>13:9;14>13:2,,6,24,
2026_07_15_01_26_56,000072,15,all-cluster-heads,C:\Workspace\OpenCDA\docs\doc_workspace\SGCP\artifacts\early_from_late_checkpoint_20260719\enable_coperception_early_from_attentive.yaml,cov_potential_game,grid,utility,utility,none,0,0,,random_balanced,5,,3;6;15;17,15;3;6,3;6,"{""3"": 37, ""6"": 37}","{""3"": 4807, ""6"": 4071, ""15"": 4748}",142048,42.77641824249166,10,40.0,100.0,200.0,2500000,679216,679216,1,ns3,899,0.5,10,12,28,,,[],[],3>15:3;6>15:7,,24,24,
2026_07_15_01_26_56,000072,20,all-cluster-heads,C:\Workspace\OpenCDA\docs\doc_workspace\SGCP\artifacts\early_from_late_checkpoint_20260719\enable_coperception_early_from_attentive.yaml,cov_potential_game,grid,utility,utility,none,0,0,,random_balanced,5,,5;8;16;20,20;8;16,8;16,"{""8"": 37, ""16"": 37}","{""8"": 4786, ""16"": 4804, ""20"": 4907}",153440,42.749721913236925,10,40.0,100.0,200.0,2500000,679216,679216,1,ns3,899,0.5,10,12,28,,,[],[],8>20:4;16>20:6,,31,36,
2026_07_15_01_26_56,000074,7,all-cluster-heads,C:\Workspace\OpenCDA\docs\doc_workspace\SGCP\artifacts\early_from_late_checkpoint_20260719\enable_coperception_early_from_attentive.yaml,cov_potential_game,grid,utility,utility,none,0,0,,random_balanced,5,,1;7;12;17,7;17;12,17;12,"{""12"": 37, ""17"": 37}","{""7"": 4926, ""12"": 4689, ""17"": 4797}",151776,42.68743047830923,10,40.0,100.0,200.0,2500000,756336,756336,1,ns3,899,0.5,10,12,28,,,[],[],12>7:5;17>7:0,,19,34,
2026_07_15_01_26_56,000074,8,all-cluster-heads,C:\Workspace\OpenCDA\docs\doc_workspace\SGCP\artifacts\early_from_late_checkpoint_20260719\enable_coperception_early_from_attentive.yaml,cov_potential_game,grid,utility,utility,none,0,0,,random_balanced,5,,4;8;13;16,8;16;4,16;4,"{""4"": 37, ""16"": 37}","{""4"": 4538, ""8"": 4842, ""16"": 4817}",149680,42.86540600667408,10,40.0,100.0,200.0,2500000,756336,756336,1,ns3,899,0.5,10,12,28,,,[],[],4>8:7;16>8:1,,36,43,
2026_07_15_01_26_56,000074,10,all-cluster-heads,C:\Workspace\OpenCDA\docs\doc_workspace\SGCP\artifacts\early_from_late_checkpoint_20260719\enable_coperception_early_from_attentive.yaml,cov_potential_game,grid,utility,utility,none,0,0,,random_balanced,5,,3;6;9;10,10;3;9,3;9,"{""3"": 37, ""9"": 37}","{""3"": 4837, ""9"": 4825, ""10"": 4948}",154592,43.04338153503893,10,40.0,100.0,200.0,2500000,756336,756336,1,ns3,899,0.5,10,12,28,,,[],[],3>10:2;9>10:6,,18,32,
2026_07_15_01_26_56,000074,19,all-cluster-heads,C:\Workspace\OpenCDA\docs\doc_workspace\SGCP\artifacts\early_from_late_checkpoint_20260719\enable_coperception_early_from_attentive.yaml,cov_potential_game,grid,utility,utility,none,0,0,,random_balanced,5,,2;11;14;19,19;14;11,14;11,"{""11"": 31, ""14"": 37}","{""11"": 4290, ""14"": 4903, ""19"": 4825}",147088,43.63070077864294,10,40.0,100.0,200.0,2500000,756336,756336,1,ns3,899,0.5,10,12,28,,,[],[],11>19:8;14>19:3,,13,22,
2026_07_15_01_26_56,000074,20,all-cluster-heads,C:\Workspace\OpenCDA\docs\doc_workspace\SGCP\artifacts\early_from_late_checkpoint_20260719\enable_coperception_early_from_attentive.yaml,cov_potential_game,grid,utility,utility,none,0,0,,random_balanced,5,,5;15;18;20,20;15;5,15;5,"{""5"": 37, ""15"": 37}","{""5"": 4867, ""15"": 4708, ""20"": 4907}",153200,43.310344827586206,10,40.0,100.0,200.0,2500000,756336,756336,1,ns3,899,0.5,10,12,28,,,[],[],5>20:9;15>20:4,,32,36,
2026_07_15_01_26_56,000076,1,all-cluster-heads,C:\Workspace\OpenCDA\docs\doc_workspace\SGCP\artifacts\early_from_late_checkpoint_20260719\enable_coperception_early_from_attentive.yaml,cov_potential_game,grid,utility,utility,none,0,0,,random_balanced,5,,1;8;13;15,1;13;8,13;8,"{""8"": 37, ""13"": 37}","{""1"": 4934, ""8"": 4725, ""13"": 4718}",151088,42.04671857619577,10,40.0,100.0,200.0,2500000,760432,760432,1,ns3,899,0.5,10,12,28,,,[],[],8>1:9;13>1:0,,21,35,
2026_07_15_01_26_56,000076,4,all-cluster-heads,C:\Workspace\OpenCDA\docs\doc_workspace\SGCP\artifacts\early_from_late_checkpoint_20260719\enable_coperception_early_from_attentive.yaml,cov_potential_game,grid,utility,utility,none,0,0,,random_balanced,5,,2;4;12;17,4;2;12,2;12,"{""2"": 37, ""12"": 37}","{""2"": 4817, ""4"": 4853, ""12"": 4797}",153824,42.86540600667408,10,40.0,100.0,200.0,2500000,760432,760432,1,ns3,899,0.5,10,12,28,,,[],[],2>4:1;12>4:5,,26,44,
2026_07_15_01_26_56,000076,5,all-cluster-heads,C:\Workspace\OpenCDA\docs\doc_workspace\SGCP\artifacts\early_from_late_checkpoint_20260719\enable_coperception_early_from_attentive.yaml,cov_potential_game,grid,utility,utility,none,0,0,,random_balanced,5,,5;6;7;20,5;6;20,6;20,"{""6"": 37, ""20"": 37}","{""5"": 4910, ""6"": 4526, ""20"": 4851}",150032,43.16796440489433,10,40.0,100.0,200.0,2500000,760432,760432,1,ns3,899,0.5,10,12,28,,,[],[],6>5:2;20>5:6,,27,42,
2026_07_15_01_26_56,000076,16,all-cluster-heads,C:\Workspace\OpenCDA\docs\doc_workspace\SGCP\artifacts\early_from_late_checkpoint_20260719\enable_coperception_early_from_attentive.yaml,cov_potential_game,grid,utility,utility,none,0,0,,random_balanced,5,,3;10;16;18,16;10;3,10;3,"{""3"": 36, ""10"": 37}","{""3"": 4458, ""10"": 4899, ""16"": 4885}",149712,43.595105672969964,10,40.0,100.0,200.0,2500000,760432,760432,1,ns3,899,0.5,10,12,28,,,[],[],3>16:8;10>16:3,,23,37,
2026_07_15_01_26_56,000076,19,all-cluster-heads,C:\Workspace\OpenCDA\docs\doc_workspace\SGCP\artifacts\early_from_late_checkpoint_20260719\enable_coperception_early_from_attentive.yaml,cov_potential_game,grid,utility,utility,none,0,0,,random_balanced,5,,9;11;14;19,19;14;9,14;9,"{""9"": 37, ""14"": 37}","{""9"": 4832, ""14"": 4904, ""19"": 4821}",155776,43.63959955506118,10,40.0,100.0,200.0,2500000,760432,760432,1,ns3,899,0.5,10,12,28,,,[],[],9>19:7;14>19:4,,8,16,
2026_07_15_01_26_56,000078,5,all-cluster-heads,C:\Workspace\OpenCDA\docs\doc_workspace\SGCP\artifacts\early_from_late_checkpoint_20260719\enable_coperception_early_from_attentive.yaml,cov_potential_game,grid,utility,utility,none,0,0,,random_balanced,5,,1;3;5;14,5;14;3,14;3,"{""3"": 25, ""14"": 37}","{""3"": 2708, ""5"": 4911, ""14"": 4884}",121472,43.46162402669633,10,40.0,100.0,200.0,2500000,653376,653376,1,ns3,899,0.5,10,12,28,,,[],[],3>5:8;14>5:0,,8,12,
2026_07_15_01_26_56,000078,8,all-cluster-heads,C:\Workspace\OpenCDA\docs\doc_workspace\SGCP\artifacts\early_from_late_checkpoint_20260719\enable_coperception_early_from_attentive.yaml,cov_potential_game,grid,utility,utility,none,0,0,,random_balanced,5,,8;13;15;18,8;13;15,13;15,"{""13"": 37, ""15"": 15}","{""8"": 4841, ""13"": 4726, ""15"": 489}",83440,42.05561735261402,10,40.0,100.0,200.0,2500000,653376,653376,1,ns3,899,0.5,10,12,28,,,[],[],13>8:1;15>8:9,,25,34,
2026_07_15_01_26_56,000078,10,all-cluster-heads,C:\Workspace\OpenCDA\docs\doc_workspace\SGCP\artifacts\early_from_late_checkpoint_20260719\enable_coperception_early_from_attentive.yaml,cov_potential_game,grid,utility,utility,none,0,0,,random_balanced,5,,9;10;12;17,10;17;9,17;9,"{""9"": 37, ""17"": 37}","{""9"": 4822, ""10"": 4935, ""17"": 4843}",154640,43.09677419354839,10,40.0,100.0,200.0,2500000,653376,653376,1,ns3,899,0.5,10,12,28,,,[],[],9>10:5;17>10:2,,20,36,
2026_07_15_01_26_56,000078,11,all-cluster-heads,C:\Workspace\OpenCDA\docs\doc_workspace\SGCP\artifacts\early_from_late_checkpoint_20260719\enable_coperception_early_from_attentive.yaml,cov_potential_game,grid,utility,utility,none,0,0,,random_balanced,5,,4;6;11;16,11;16;4,16;4,"{""4"": 27, ""16"": 37}","{""4"": 4133, ""11"": 4907, ""16"": 4817}",143200,42.86540600667408,10,40.0,100.0,200.0,2500000,653376,653376,1,ns3,899,0.5,10,12,28,,,[],[],4>11:7;16>11:3,,40,48,
2026_07_15_01_26_56,000078,20,all-cluster-heads,C:\Workspace\OpenCDA\docs\doc_workspace\SGCP\artifacts\early_from_late_checkpoint_20260719\enable_coperception_early_from_attentive.yaml,cov_potential_game,grid,utility,utility,none,0,0,,random_balanced,5,,2;7;19;20,20;2;7,2;7,"{""2"": 37, ""7"": 37}","{""2"": 4796, ""7"": 4618, ""20"": 4908}",150624,42.67853170189099,10,40.0,100.0,200.0,2500000,653376,653376,1,ns3,899,0.5,10,12,28,,,[],[],2>20:4;7>20:6,,38,48,
2026_07_15_01_26_56,000080,2,all-cluster-heads,C:\Workspace\OpenCDA\docs\doc_workspace\SGCP\artifacts\early_from_late_checkpoint_20260719\enable_coperception_early_from_attentive.yaml,cov_potential_game,grid,utility,utility,none,0,0,,random_balanced,5,,2;3;6;18,2;3;6,3;6,"{""3"": 37, ""6"": 21}","{""2"": 4849, ""3"": 4798, ""6"": 577}",86000,42.69632925472747,10,40.0,100.0,200.0,2500000,653456,653456,1,ns3,899,0.5,10,12,28,,,[],[],3>2:0;6>2:9,,24,39,
2026_07_15_01_26_56,000080,4,all-cluster-heads,C:\Workspace\OpenCDA\docs\doc_workspace\SGCP\artifacts\early_from_late_checkpoint_20260719\enable_coperception_early_from_attentive.yaml,cov_potential_game,grid,utility,utility,none,0,0,,random_balanced,5,,1;4;5;12,4;1;12,1;12,"{""1"": 37, ""12"": 37}","{""1"": 4899, ""4"": 4847, ""12"": 4790}",155024,43.595105672969964,10,40.0,100.0,200.0,2500000,653456,653456,1,ns3,899,0.5,10,12,28,,,[],[],1>4:1;12>4:5,,22,38,
2026_07_15_01_26_56,000080,9,all-cluster-heads,C:\Workspace\OpenCDA\docs\doc_workspace\SGCP\artifacts\early_from_late_checkpoint_20260719\enable_coperception_early_from_attentive.yaml,cov_potential_game,grid,utility,utility,none,0,0,,random_balanced,5,,9;14;15;16,9;14;16,14;16,"{""14"": 37, ""16"": 26}","{""9"": 4858, ""14"": 4910, ""16"": 2904}",125024,43.69299221357063,10,40.0,100.0,200.0,2500000,653456,653456,1,ns3,899,0.5,10,12,28,,,[],[],14>9:2;16>9:8,,15,28,
2026_07_15_01_26_56,000080,19,all-cluster-heads,C:\Workspace\OpenCDA\docs\doc_workspace\SGCP\artifacts\early_from_late_checkpoint_20260719\enable_coperception_early_from_attentive.yaml,cov_potential_game,grid,utility,utility,none,0,0,,random_balanced,5,,7;8;13;19,19;7;13,7;13,"{""7"": 37, ""13"": 37}","{""7"": 4818, ""13"": 3838, ""19"": 4821}",138496,42.87430478309232,10,40.0,100.0,200.0,2500000,653456,653456,1,ns3,899,0.5,10,12,28,,,[],[],7>19:3;13>19:7,,15,32,
2026_07_15_01_26_56,000080,20,all-cluster-heads,C:\Workspace\OpenCDA\docs\doc_workspace\SGCP\artifacts\early_from_late_checkpoint_20260719\enable_coperception_early_from_attentive.yaml,cov_potential_game,grid,utility,utility,none,0,0,,random_balanced,5,,10;11;17;20,20;17;10,17;10,"{""10"": 31, ""17"": 37}","{""10"": 4494, ""17"": 4813, ""20"": 4907}",148912,42.82981090100111,10,40.0,100.0,200.0,2500000,653456,653456,1,ns3,899,0.5,10,12,28,,,[],[],10>20:6;17>20:4,,27,39,
2026_07_15_01_26_56,000082,4,all-cluster-heads,C:\Workspace\OpenCDA\docs\doc_workspace\SGCP\artifacts\early_from_late_checkpoint_20260719\enable_coperception_early_from_attentive.yaml,cov_potential_game,grid,utility,utility,none,0,0,,random_balanced,5,,2;4;13;17,4;2;13,2;13,"{""2"": 37, ""13"": 16}","{""2"": 4819, ""4"": 4841, ""13"": 279}",81568,42.88320355951056,10,40.0,100.0,200.0,2500000,609840,609840,1,ns3,899,0.5,10,12,28,,,[],[],2>4:0;13>4:8,,29,44,
2026_07_15_01_26_56,000082,5,all-cluster-heads,C:\Workspace\OpenCDA\docs\doc_workspace\SGCP\artifacts\early_from_late_checkpoint_20260719\enable_coperception_early_from_attentive.yaml,cov_potential_game,grid,utility,utility,none,0,0,,random_balanced,5,,5;12;15;18,5;12;18,12;18,"{""12"": 37, ""18"": 8}","{""5"": 4913, ""12"": 4805, ""18"": 111}",78656,42.75862068965517,10,40.0,100.0,200.0,2500000,609840,609840,1,ns3,899,0.5,10,12,28,,,[],[],12>5:1;18>5:9,,11,30,
2026_07_15_01_26_56,000082,9,all-cluster-heads,C:\Workspace\OpenCDA\docs\doc_workspace\SGCP\artifacts\early_from_late_checkpoint_20260719\enable_coperception_early_from_attentive.yaml,cov_potential_game,grid,utility,utility,none,0,0,,random_balanced,5,,7;9;10;14,9;14;10,14;10,"{""10"": 37, ""14"": 37}","{""9"": 4859, ""10"": 4792, ""14"": 4885}",154832,43.47052280311457,10,40.0,100.0,200.0,2500000,609840,609840,1,ns3,899,0.5,10,12,28,,,[],[],10>9:5;14>9:2,,12,32,
2026_07_15_01_26_56,000082,11,all-cluster-heads,C:\Workspace\OpenCDA\docs\doc_workspace\SGCP\artifacts\early_from_late_checkpoint_20260719\enable_coperception_early_from_attentive.yaml,cov_potential_game,grid,utility,utility,none,0,0,,random_balanced,5,,1;6;11;20,11;20;1,20;1,"{""1"": 37, ""20"": 37}","{""1"": 4905, ""11"": 4909, ""20"": 4852}",156112,43.64849833147942,10,40.0,100.0,200.0,2500000,609840,609840,1,ns3,899,0.5,10,12,28,,,[],[],1>11:6;20>11:3,,39,41,
2026_07_15_01_26_56,000082,16,all-cluster-heads,C:\Workspace\OpenCDA\docs\doc_workspace\SGCP\artifacts\early_from_late_checkpoint_20260719\enable_coperception_early_from_attentive.yaml,cov_potential_game,grid,utility,utility,none,0,0,,random_balanced,5,,3;8;16;19,16;3;19,3;19,"{""3"": 37, ""19"": 22}","{""3"": 4770, ""16"": 4908, ""19"": 3897}",138672,42.44716351501668,10,40.0,100.0,200.0,2500000,609840,609840,1,ns3,899,0.5,10,12,28,,,[],[],3>16:4;19>16:7,,12,29,
2026_07_15_01_26_56,000084,2,all-cluster-heads,C:\Workspace\OpenCDA\docs\doc_workspace\SGCP\artifacts\early_from_late_checkpoint_20260719\enable_coperception_early_from_attentive.yaml,cov_potential_game,grid,utility,utility,none,0,0,,random_balanced,5,,2;9;15;19,2;9;15,9;15,"{""9"": 37, ""15"": 30}","{""2"": 4867, ""9"": 4837, ""15"": 4428}",148240,43.04338153503893,10,40.0,100.0,200.0,2500000,747568,747568,1,ns3,899,0.5,10,12,28,,,[],[],9>2:0;15>2:8,,27,44,
2026_07_15_01_26_56,000084,3,all-cluster-heads,C:\Workspace\OpenCDA\docs\doc_workspace\SGCP\artifacts\early_from_late_checkpoint_20260719\enable_coperception_early_from_attentive.yaml,cov_potential_game,grid,utility,utility,none,0,0,,random_balanced,5,,3;8;12;18,3;12;18,12;18,"{""12"": 37, ""18"": 34}","{""3"": 4935, ""12"": 4834, ""18"": 4634}",151488,43.016685205784206,10,40.0,100.0,200.0,2500000,747568,747568,1,ns3,899,0.5,10,12,28,,,[],[],12>3:1;18>3:9,,16,26,
2026_07_15_01_26_56,000084,5,all-cluster-heads,C:\Workspace\OpenCDA\docs\doc_workspace\SGCP\artifacts\early_from_late_checkpoint_20260719\enable_coperception_early_from_attentive.yaml,cov_potential_game,grid,utility,utility,none,0,0,,random_balanced,5,,5;6;17;20,5;17;20,17;20,"{""17"": 37, ""20"": 37}","{""5"": 4932, ""17"": 4843, ""20"": 4850}",155088,43.159065628476085,10,40.0,100.0,200.0,2500000,747568,747568,1,ns3,899,0.5,10,12,28,,,[],[],17>5:2;20>5:5,,21,28,
2026_07_15_01_26_56,000084,10,all-cluster-heads,C:\Workspace\OpenCDA\docs\doc_workspace\SGCP\artifacts\early_from_late_checkpoint_20260719\enable_coperception_early_from_attentive.yaml,cov_potential_game,grid,utility,utility,none,0,0,,random_balanced,5,,4;7;10;14,10;14;7,14;7,"{""7"": 28, ""14"": 37}","{""7"": 3669, ""10"": 4914, ""14"": 4871}",136640,43.34593993325918,10,40.0,100.0,200.0,2500000,747568,747568,1,ns3,899,0.5,10,12,28,,,[],[],7>10:7;14>10:3,,22,37,
2026_07_15_01_26_56,000084,11,all-cluster-heads,C:\Workspace\OpenCDA\docs\doc_workspace\SGCP\artifacts\early_from_late_checkpoint_20260719\enable_coperception_early_from_attentive.yaml,cov_potential_game,grid,utility,utility,none,0,0,,random_balanced,5,,1;11;13;16,11;16;1,16;1,"{""1"": 37, ""16"": 37}","{""1"": 4901, ""11"": 4909, ""16"": 4856}",156112,43.61290322580645,10,40.0,100.0,200.0,2500000,747568,747568,1,ns3,899,0.5,10,12,28,,,[],[],1>11:6;16>11:4,,35,46,
2026_07_15_01_26_56,000086,1,all-cluster-heads,C:\Workspace\OpenCDA\docs\doc_workspace\SGCP\artifacts\early_from_late_checkpoint_20260719\enable_coperception_early_from_attentive.yaml,cov_potential_game,grid,utility,utility,none,0,0,,random_balanced,5,,1;13;15;17,1;17;15,17;15,"{""15"": 23, ""17"": 37}","{""1"": 4932, ""15"": 4281, ""17"": 4833}",145824,43.007786429365964,10,40.0,100.0,200.0,2500000,655424,655424,1,ns3,899,0.5,10,12,28,,,[],[],15>1:8;17>1:0,,31,32,
2026_07_15_01_26_56,000086,2,all-cluster-heads,C:\Workspace\OpenCDA\docs\doc_workspace\SGCP\artifacts\early_from_late_checkpoint_20260719\enable_coperception_early_from_attentive.yaml,cov_potential_game,grid,utility,utility,none,0,0,,random_balanced,5,,2;5;6;7,2;6;5,6;5,"{""5"": 17, ""6"": 37}","{""2"": 4863, ""5"": 472, ""6"": 4560}",80512,40.57842046718576,10,40.0,100.0,200.0,2500000,655424,655424,1,ns3,899,0.5,10,12,28,,,[],[],5>2:9;6>2:1,,27,42,
2026_07_15_01_26_56,000086,9,all-cluster-heads,C:\Workspace\OpenCDA\docs\doc_workspace\SGCP\artifacts\early_from_late_checkpoint_20260719\enable_coperception_early_from_attentive.yaml,cov_potential_game,grid,utility,utility,none,0,0,,random_balanced,5,,3;9;11;12,9;3;11,3;11,"{""3"": 37, ""11"": 27}","{""3"": 4789, ""9"": 4858, ""11"": 2869}",122528,42.61624026696329,10,40.0,100.0,200.0,2500000,655424,655424,1,ns3,899,0.5,10,12,28,,,[],[],3>9:2;11>9:7,,21,31,
2026_07_15_01_26_56,000086,10,all-cluster-heads,C:\Workspace\OpenCDA\docs\doc_workspace\SGCP\artifacts\early_from_late_checkpoint_20260719\enable_coperception_early_from_attentive.yaml,cov_potential_game,grid,utility,utility,none,0,0,,random_balanced,5,,4;8;10;19,10;4;19,4;19,"{""4"": 37, ""19"": 37}","{""4"": 4780, ""10"": 4926, ""19"": 4697}",151632,42.53615127919911,10,40.0,100.0,200.0,2500000,655424,655424,1,ns3,899,0.5,10,12,28,,,[],[],4>10:3;19>10:6,,29,41,
2026_07_15_01_26_56,000086,16,all-cluster-heads,C:\Workspace\OpenCDA\docs\doc_workspace\SGCP\artifacts\early_from_late_checkpoint_20260719\enable_coperception_early_from_attentive.yaml,cov_potential_game,grid,utility,utility,none,0,0,,random_balanced,5,,14;16;18;20,16;14;20,14;20,"{""14"": 37, ""20"": 37}","{""14"": 4900, ""16"": 4917, ""20"": 4783}",154928,43.604004449388206,10,40.0,100.0,200.0,2500000,655424,655424,1,ns3,899,0.5,10,12,28,,,[],[],14>16:4;20>16:5,,15,26,
2026_07_15_01_26_56,000088,2,all-cluster-heads,C:\Workspace\OpenCDA\docs\doc_workspace\SGCP\artifacts\early_from_late_checkpoint_20260719\enable_coperception_early_from_attentive.yaml,cov_potential_game,grid,utility,utility,none,0,0,,random_balanced,5,,1;2;4;14,2;14;1,14;1,"{""1"": 37, ""14"": 37}","{""1"": 4901, ""2"": 4862, ""14"": 4869}",156320,43.61290322580645,10,40.0,100.0,200.0,2500000,702064,702064,1,ns3,899,0.5,10,12,28,,,[],[],1>2:7;14>2:0,,22,32,
2026_07_15_01_26_56,000088,5,all-cluster-heads,C:\Workspace\OpenCDA\docs\doc_workspace\SGCP\artifacts\early_from_late_checkpoint_20260719\enable_coperception_early_from_attentive.yaml,cov_potential_game,grid,utility,utility,none,0,0,,random_balanced,5,,5;9;11;17,5;17;9,17;9,"{""9"": 33, ""17"": 37}","{""5"": 4933, ""9"": 4324, ""17"": 4836}",146560,43.03448275862069,10,40.0,100.0,200.0,2500000,702064,702064,1,ns3,899,0.5,10,12,28,,,[],[],9>5:8;17>5:1,,18,22,
2026_07_15_01_26_56,000088,7,all-cluster-heads,C:\Workspace\OpenCDA\docs\doc_workspace\SGCP\artifacts\early_from_late_checkpoint_20260719\enable_coperception_early_from_attentive.yaml,cov_potential_game,grid,utility,utility,none,0,0,,random_balanced,5,,3;7;12;20,7;3;12,3;12,"{""3"": 37, ""12"": 37}","{""3"": 4787, ""7"": 4929, ""12"": 4684}",151536,42.598442714126804,10,40.0,100.0,200.0,2500000,702064,702064,1,ns3,899,0.5,10,12,28,,,[],[],3>7:2;12>7:6,,20,36,
2026_07_15_01_26_56,000088,10,all-cluster-heads,C:\Workspace\OpenCDA\docs\doc_workspace\SGCP\artifacts\early_from_late_checkpoint_20260719\enable_coperception_early_from_attentive.yaml,cov_potential_game,grid,utility,utility,none,0,0,,random_balanced,5,,8;10;15;18,10;15;8,15;8,"{""8"": 31, ""15"": 37}","{""8"": 1194, ""10"": 4929, ""15"": 4717}",94576,41.975528364849836,10,40.0,100.0,200.0,2500000,702064,702064,1,ns3,899,0.5,10,12,28,,,[],[],8>10:9;15>10:3,,38,43,
2026_07_15_01_26_56,000088,19,all-cluster-heads,C:\Workspace\OpenCDA\docs\doc_workspace\SGCP\artifacts\early_from_late_checkpoint_20260719\enable_coperception_early_from_attentive.yaml,cov_potential_game,grid,utility,utility,none,0,0,,random_balanced,5,,6;13;16;19,19;16;13,16;13,"{""13"": 37, ""16"": 37}","{""13"": 4707, ""16"": 4860, ""19"": 4823}",153072,43.24805339265851,10,40.0,100.0,200.0,2500000,702064,702064,1,ns3,899,0.5,10,12,28,,,[],[],13>19:5;16>19:4,,14,34,
2026_07_15_01_26_56,000090,1,all-cluster-heads,C:\Workspace\OpenCDA\docs\doc_workspace\SGCP\artifacts\early_from_late_checkpoint_20260719\enable_coperception_early_from_attentive.yaml,cov_potential_game,grid,utility,utility,none,0,0,,random_balanced,5,,1;3;4;6,1;3;4,3;4,"{""3"": 37, ""4"": 28}","{""1"": 4930, ""3"": 4795, ""4"": 4207}",144032,42.66963292547275,10,40.0,100.0,200.0,2500000,694368,694368,1,ns3,899,0.5,10,12,28,,,[],[],3>1:0;4>1:8,,28,38,
2026_07_15_01_26_56,000090,5,all-cluster-heads,C:\Workspace\OpenCDA\docs\doc_workspace\SGCP\artifacts\early_from_late_checkpoint_20260719\enable_coperception_early_from_attentive.yaml,cov_potential_game,grid,utility,utility,none,0,0,,random_balanced,5,,5;7;11;18,5;11;7,11;7,"{""7"": 37, ""11"": 37}","{""5"": 4919, ""7"": 4505, ""11"": 4800}",148880,42.71412680756396,10,40.0,100.0,200.0,2500000,694368,694368,1,ns3,899,0.5,10,12,28,,,[],[],7>5:7;11>5:1,,29,33,
2026_07_15_01_26_56,000090,8,all-cluster-heads,C:\Workspace\OpenCDA\docs\doc_workspace\SGCP\artifacts\early_from_late_checkpoint_20260719\enable_coperception_early_from_attentive.yaml,cov_potential_game,grid,utility,utility,none,0,0,,random_balanced,5,,8;15;16;17,8;17;16,17;16,"{""16"": 22, ""17"": 37}","{""8"": 4837, ""16"": 1096, ""17"": 4874}",95520,43.37263626251391,10,40.0,100.0,200.0,2500000,694368,694368,1,ns3,899,0.5,10,12,28,,,[],[],16>8:9;17>8:2,,27,35,
2026_07_15_01_26_56,000090,9,all-cluster-heads,C:\Workspace\OpenCDA\docs\doc_workspace\SGCP\artifacts\early_from_late_checkpoint_20260719\enable_coperception_early_from_attentive.yaml,cov_potential_game,grid,utility,utility,none,0,0,,random_balanced,5,,9;10;12;14,9;14;10,14;10,"{""10"": 37, ""14"": 37}","{""9"": 4855, ""10"": 4778, ""14"": 4839}",153872,43.06117908787542,10,40.0,100.0,200.0,2500000,694368,694368,1,ns3,899,0.5,10,12,28,,,[],[],10>9:6;14>9:3,,12,33,
2026_07_15_01_26_56,000090,19,all-cluster-heads,C:\Workspace\OpenCDA\docs\doc_workspace\SGCP\artifacts\early_from_late_checkpoint_20260719\enable_coperception_early_from_attentive.yaml,cov_potential_game,grid,utility,utility,none,0,0,,random_balanced,5,,2;13;19;20,19;2;13,2;13,"{""2"": 37, ""13"": 37}","{""2"": 4796, ""13"": 4708, ""19"": 4824}",152064,42.67853170189099,10,40.0,100.0,200.0,2500000,694368,694368,1,ns3,899,0.5,10,12,28,,,[],[],2>19:4;13>19:5,,20,40,
2026_07_15_01_26_56,000092,5,all-cluster-heads,C:\Workspace\OpenCDA\docs\doc_workspace\SGCP\artifacts\early_from_late_checkpoint_20260719\enable_coperception_early_from_attentive.yaml,cov_potential_game,grid,utility,utility,none,0,0,,random_balanced,5,,1;4;5;18,5;4;1,4;1,"{""1"": 18, ""4"": 37}","{""1"": 260, ""4"": 4774, ""5"": 4934}",80544,42.48275862068966,10,40.0,100.0,200.0,2500000,642560,642560,1,ns3,899,0.5,10,12,28,,,[],[],1>5:9;4>5:0,,22,40,
2026_07_15_01_26_56,000092,8,all-cluster-heads,C:\Workspace\OpenCDA\docs\doc_workspace\SGCP\artifacts\early_from_late_checkpoint_20260719\enable_coperception_early_from_attentive.yaml,cov_potential_game,grid,utility,utility,none,0,0,,random_balanced,5,,6;8;16;20,8;16;20,16;20,"{""16"": 37, ""20"": 27}","{""8"": 4838, ""16"": 4867, ""20"": 1646}",104208,43.310344827586206,10,40.0,100.0,200.0,2500000,642560,642560,1,ns3,899,0.5,10,12,28,,,[],[],16>8:1;20>8:8,,25,36,
2026_07_15_01_26_56,000092,9,all-cluster-heads,C:\Workspace\OpenCDA\docs\doc_workspace\SGCP\artifacts\early_from_late_checkpoint_20260719\enable_coperception_early_from_attentive.yaml,cov_potential_game,grid,utility,utility,none,0,0,,random_balanced,5,,9;11;12;19,9;12;19,12;19,"{""12"": 37, ""19"": 37}","{""9"": 4855, ""12"": 4861, ""19"": 4721}",153312,43.256952169076754,10,40.0,100.0,200.0,2500000,642560,642560,1,ns3,899,0.5,10,12,28,,,[],[],12>9:2;19>9:7,,15,30,
2026_07_15_01_26_56,000092,10,all-cluster-heads,C:\Workspace\OpenCDA\docs\doc_workspace\SGCP\artifacts\early_from_late_checkpoint_20260719\enable_coperception_early_from_attentive.yaml,cov_potential_game,grid,utility,utility,none,0,0,,random_balanced,5,,7;10;13;15,10;7;13,7;13,"{""7"": 37, ""13"": 37}","{""7"": 4804, ""10"": 4929, ""13"": 4601}",150480,42.749721913236925,10,40.0,100.0,200.0,2500000,642560,642560,1,ns3,899,0.5,10,12,28,,,[],[],7>10:3;13>10:6,,26,40,
2026_07_15_01_26_56,000092,17,all-cluster-heads,C:\Workspace\OpenCDA\docs\doc_workspace\SGCP\artifacts\early_from_late_checkpoint_20260719\enable_coperception_early_from_attentive.yaml,cov_potential_game,grid,utility,utility,none,0,0,,random_balanced,5,,2;3;14;17,17;14;3,14;3,"{""3"": 37, ""14"": 37}","{""3"": 4778, ""14"": 4848, ""17"": 5000}",154016,43.1412680756396,10,40.0,100.0,200.0,2500000,642560,642560,1,ns3,899,0.5,10,12,28,,,[],[],3>17:5;14>17:4,,12,15,
2026_07_15_01_26_56,000094,1,all-cluster-heads,C:\Workspace\OpenCDA\docs\doc_workspace\SGCP\artifacts\early_from_late_checkpoint_20260719\enable_coperception_early_from_attentive.yaml,cov_potential_game,grid,utility,utility,none,0,0,,random_balanced,5,,1;6;12;15,1;12;15,12;15,"{""12"": 37, ""15"": 24}","{""1"": 4929, ""12"": 4859, ""15"": 4372}",147696,43.23915461624027,10,40.0,100.0,200.0,2500000,748544,748544,1,ns3,899,0.5,10,12,28,,,[],[],12>1:0;15>1:9,,24,32,
2026_07_15_01_26_56,000094,3,all-cluster-heads,C:\Workspace\OpenCDA\docs\doc_workspace\SGCP\artifacts\early_from_late_checkpoint_20260719\enable_coperception_early_from_attentive.yaml,cov_potential_game,grid,utility,utility,none,0,0,,random_balanced,5,,3;13;14;18,3;14;18,14;18,"{""14"": 37, ""18"": 37}","{""3"": 4964, ""14"": 4839, ""18"": 4670}",152144,43.06117908787542,10,40.0,100.0,200.0,2500000,748544,748544,1,ns3,899,0.5,10,12,28,,,[],[],14>3:1;18>3:8,,7,11,
2026_07_15_01_26_56,000094,5,all-cluster-heads,C:\Workspace\OpenCDA\docs\doc_workspace\SGCP\artifacts\early_from_late_checkpoint_20260719\enable_coperception_early_from_attentive.yaml,cov_potential_game,grid,utility,utility,none,0,0,,random_balanced,5,,2;5;11;17,5;2;17,2;17,"{""2"": 37, ""17"": 29}","{""2"": 4803, ""5"": 4943, ""17"": 4027}",141280,42.74082313681868,10,40.0,100.0,200.0,2500000,748544,748544,1,ns3,899,0.5,10,12,28,,,[],[],2>5:2;17>5:6,,29,40,
2026_07_15_01_26_56,000094,7,all-cluster-heads,C:\Workspace\OpenCDA\docs\doc_workspace\SGCP\artifacts\early_from_late_checkpoint_20260719\enable_coperception_early_from_attentive.yaml,cov_potential_game,grid,utility,utility,none,0,0,,random_balanced,5,,4;7;10;20,7;10;20,10;20,"{""10"": 37, ""20"": 37}","{""7"": 4922, ""10"": 4872, ""20"": 4783}",154480,43.35483870967742,10,40.0,100.0,200.0,2500000,748544,748544,1,ns3,899,0.5,10,12,28,,,[],[],10>7:3;20>7:5,,27,42,
2026_07_15_01_26_56,000094,9,all-cluster-heads,C:\Workspace\OpenCDA\docs\doc_workspace\SGCP\artifacts\early_from_late_checkpoint_20260719\enable_coperception_early_from_attentive.yaml,cov_potential_game,grid,utility,utility,none,0,0,,random_balanced,5,,8;9;16;19,9;16;19,16;19,"{""16"": 37, ""19"": 37}","{""9"": 4854, ""16"": 4838, ""19"": 4721}",152944,43.052280311457174,10,40.0,100.0,200.0,2500000,748544,748544,1,ns3,899,0.5,10,12,28,,,[],[],16>9:4;19>9:7,,16,27,
2026_07_15_01_26_56,000096,2,all-cluster-heads,C:\Workspace\OpenCDA\docs\doc_workspace\SGCP\artifacts\early_from_late_checkpoint_20260719\enable_coperception_early_from_attentive.yaml,cov_potential_game,grid,utility,utility,none,0,0,,random_balanced,5,,2;7;15;19,2;7;15,7;15,"{""7"": 37, ""15"": 30}","{""2"": 4866, ""7"": 4822, ""15"": 4484}",148896,42.909899888765295,10,40.0,100.0,200.0,2500000,668624,668624,1,ns3,899,0.5,10,12,28,,,[],[],7>2:0;15>2:6,,30,38,
2026_07_15_01_26_56,000096,5,all-cluster-heads,C:\Workspace\OpenCDA\docs\doc_workspace\SGCP\artifacts\early_from_late_checkpoint_20260719\enable_coperception_early_from_attentive.yaml,cov_potential_game,grid,utility,utility,none,0,0,,random_balanced,5,,5;10;12;14,5;14;10,14;10,"{""10"": 33, ""14"": 37}","{""5"": 4933, ""10"": 4524, ""14"": 4819}",149488,42.88320355951056,10,40.0,100.0,200.0,2500000,668624,668624,1,ns3,899,0.5,10,12,28,,,[],[],10>5:5;14>5:1,,22,34,
2026_07_15_01_26_56,000096,8,all-cluster-heads,C:\Workspace\OpenCDA\docs\doc_workspace\SGCP\artifacts\early_from_late_checkpoint_20260719\enable_coperception_early_from_attentive.yaml,cov_potential_game,grid,utility,utility,none,0,0,,random_balanced,5,,6;8;16;20,8;16;20,16;20,"{""16"": 37, ""20"": 28}","{""8"": 4839, ""16"": 4872, ""20"": 1635}",104112,43.35483870967742,10,40.0,100.0,200.0,2500000,668624,668624,1,ns3,899,0.5,10,12,28,,,[],[],16>8:2;20>8:8,,26,37,
2026_07_15_01_26_56,000096,9,all-cluster-heads,C:\Workspace\OpenCDA\docs\doc_workspace\SGCP\artifacts\early_from_late_checkpoint_20260719\enable_coperception_early_from_attentive.yaml,cov_potential_game,grid,utility,utility,none,0,0,,random_balanced,5,,3;4;9;11,9;3;11,3;11,"{""3"": 37, ""11"": 28}","{""3"": 4811, ""9"": 4853, ""11"": 2868}",122864,42.812013348164626,10,40.0,100.0,200.0,2500000,668624,668624,1,ns3,899,0.5,10,12,28,,,[],[],3>9:3;11>9:7,,23,29,
2026_07_15_01_26_56,000096,17,all-cluster-heads,C:\Workspace\OpenCDA\docs\doc_workspace\SGCP\artifacts\early_from_late_checkpoint_20260719\enable_coperception_early_from_attentive.yaml,cov_potential_game,grid,utility,utility,none,0,0,,random_balanced,5,,1;13;17;18,17;13;18,13;18,"{""13"": 37, ""18"": 25}","{""13"": 4693, ""17"": 4995, ""18"": 4261}",143264,41.76195773081201,10,40.0,100.0,200.0,2500000,668624,668624,1,ns3,899,0.5,10,12,28,,,[],[],13>17:4;18>17:9,,11,22,
2026_07_15_01_26_56,000098,4,all-cluster-heads,C:\Workspace\OpenCDA\docs\doc_workspace\SGCP\artifacts\early_from_late_checkpoint_20260719\enable_coperception_early_from_attentive.yaml,cov_potential_game,grid,utility,utility,none,0,0,,random_balanced,5,,4;8;12;16,4;16;12,16;12,"{""12"": 37, ""16"": 37}","{""4"": 4850, ""12"": 4856, ""16"": 4873}",155664,43.363737486095665,10,40.0,100.0,200.0,2500000,690512,690512,1,ns3,899,0.5,10,12,28,,,[],[],12>4:5;16>4:0,,21,43,
2026_07_15_01_26_56,000098,9,all-cluster-heads,C:\Workspace\OpenCDA\docs\doc_workspace\SGCP\artifacts\early_from_late_checkpoint_20260719\enable_coperception_early_from_attentive.yaml,cov_potential_game,grid,utility,utility,none,0,0,,random_balanced,5,,9;10;14;17,9;14;10,14;10,"{""10"": 37, ""14"": 37}","{""9"": 4853, ""10"": 4787, ""14"": 4800}",153392,42.71412680756396,10,40.0,100.0,200.0,2500000,690512,690512,1,ns3,899,0.5,10,12,28,,,[],[],10>9:6;14>9:1,,14,32,
2026_07_15_01_26_56,000098,11,all-cluster-heads,C:\Workspace\OpenCDA\docs\doc_workspace\SGCP\artifacts\early_from_late_checkpoint_20260719\enable_coperception_early_from_attentive.yaml,cov_potential_game,grid,utility,utility,none,0,0,,random_balanced,5,,1;6;11;13,11;13;1,13;1,"{""1"": 37, ""13"": 37}","{""1"": 4898, ""11"": 4908, ""13"": 4713}",153776,43.58620689655172,10,40.0,100.0,200.0,2500000,690512,690512,1,ns3,899,0.5,10,12,28,,,[],[],1>11:7;13>11:2,,26,34,
2026_07_15_01_26_56,000098,19,all-cluster-heads,C:\Workspace\OpenCDA\docs\doc_workspace\SGCP\artifacts\early_from_late_checkpoint_20260719\enable_coperception_early_from_attentive.yaml,cov_potential_game,grid,utility,utility,none,0,0,,random_balanced,5,,2;15;18;19,19;2;15,2;15,"{""2"": 37, ""15"": 8}","{""2"": 4805, ""15"": 23, ""19"": 4824}",77248,42.75862068965517,10,40.0,100.0,200.0,2500000,690512,690512,1,ns3,899,0.5,10,12,28,,,[],[],2>19:3;15>19:9,,16,35,
2026_07_15_01_26_56,000098,20,all-cluster-heads,C:\Workspace\OpenCDA\docs\doc_workspace\SGCP\artifacts\early_from_late_checkpoint_20260719\enable_coperception_early_from_attentive.yaml,cov_potential_game,grid,utility,utility,none,0,0,,random_balanced,5,,3;5;7;20,20;3;7,3;7,"{""3"": 37, ""7"": 37}","{""3"": 4801, ""7"": 4601, ""20"": 4903}",150432,42.7230255839822,10,40.0,100.0,200.0,2500000,690512,690512,1,ns3,899,0.5,10,12,28,,,[],[],3>20:4;7>20:8,,22,27,
2026_07_15_01_26_56,000100,1,all-cluster-heads,C:\Workspace\OpenCDA\docs\doc_workspace\SGCP\artifacts\early_from_late_checkpoint_20260719\enable_coperception_early_from_attentive.yaml,cov_potential_game,grid,utility,utility,none,0,0,,random_balanced,5,,1;5;6;9,1;6;9,6;9,"{""6"": 37, ""9"": 21}","{""1"": 4928, ""6"": 4569, ""9"": 2758}",117232,40.65850945494994,10,40.0,100.0,200.0,2500000,723968,723968,1,ns3,899,0.5,10,12,28,,,[],[],6>1:0;9>1:9,,32,44,
2026_07_15_01_26_56,000100,3,all-cluster-heads,C:\Workspace\OpenCDA\docs\doc_workspace\SGCP\artifacts\early_from_late_checkpoint_20260719\enable_coperception_early_from_attentive.yaml,cov_potential_game,grid,utility,utility,none,0,0,,random_balanced,5,,3;13;17;18,3;13;17,13;17,"{""13"": 37, ""17"": 37}","{""3"": 4983, ""13"": 4690, ""17"": 4824}",152224,42.92769744160178,10,40.0,100.0,200.0,2500000,723968,723968,1,ns3,899,0.5,10,12,28,,,[],[],13>3:1;17>3:6,,12,26,
2026_07_15_01_26_56,000100,8,all-cluster-heads,C:\Workspace\OpenCDA\docs\doc_workspace\SGCP\artifacts\early_from_late_checkpoint_20260719\enable_coperception_early_from_attentive.yaml,cov_potential_game,grid,utility,utility,none,0,0,,random_balanced,5,,2;4;8;14,8;14;4,14;4,"{""4"": 37, ""14"": 37}","{""4"": 4540, ""8"": 4837, ""14"": 4793}",149328,42.65183537263626,10,40.0,100.0,200.0,2500000,723968,723968,1,ns3,899,0.5,10,12,28,,,[],[],4>8:7;14>8:2,,20,34,
2026_07_15_01_26_56,000100,10,all-cluster-heads,C:\Workspace\OpenCDA\docs\doc_workspace\SGCP\artifacts\early_from_late_checkpoint_20260719\enable_coperception_early_from_attentive.yaml,cov_potential_game,grid,utility,utility,none,0,0,,random_balanced,5,,7;10;15;19,10;7;19,7;19,"{""7"": 37, ""19"": 37}","{""7"": 4802, ""10"": 4928, ""19"": 4694}",151936,42.73192436040044,10,40.0,100.0,200.0,2500000,723968,723968,1,ns3,899,0.5,10,12,28,,,[],[],7>10:3;19>10:8,,24,35,
2026_07_15_01_26_56,000100,20,all-cluster-heads,C:\Workspace\OpenCDA\docs\doc_workspace\SGCP\artifacts\early_from_late_checkpoint_20260719\enable_coperception_early_from_attentive.yaml,cov_potential_game,grid,utility,utility,none,0,0,,random_balanced,5,,11;12;16;20,20;12;16,12;16,"{""12"": 37, ""16"": 37}","{""12"": 4871, ""16"": 4707, ""20"": 4903}",153248,43.34593993325918,10,40.0,100.0,200.0,2500000,723968,723968,1,ns3,899,0.5,10,12,28,,,[],[],12>20:4;16>20:5,,27,37,
2026_07_15_01_26_56,000102,5,all-cluster-heads,C:\Workspace\OpenCDA\docs\doc_workspace\SGCP\artifacts\early_from_late_checkpoint_20260719\enable_coperception_early_from_attentive.yaml,cov_potential_game,grid,utility,utility,none,0,0,,random_balanced,5,,4;5;13;19,5;13;19,13;19,"{""13"": 37, ""19"": 25}","{""5"": 4958, ""13"": 4721, ""19"": 4168}",142224,42.011123470522804,10,40.0,100.0,200.0,2500000,672736,672736,1,ns3,899,0.5,10,12,28,,,[],[],13>5:0;19>5:8,,13,27,
2026_07_15_01_26_56,000102,8,all-cluster-heads,C:\Workspace\OpenCDA\docs\doc_workspace\SGCP\artifacts\early_from_late_checkpoint_20260719\enable_coperception_early_from_attentive.yaml,cov_potential_game,grid,utility,utility,none,0,0,,random_balanced,5,,6;8;14;18,8;14;6,14;6,"{""6"": 7, ""14"": 37}","{""6"": 165, ""8"": 4837, ""14"": 4742}",78512,42.1979977753059,10,40.0,100.0,200.0,2500000,672736,672736,1,ns3,899,0.5,10,12,28,,,[],[],6>8:9;14>8:1,,12,38,
2026_07_15_01_26_56,000102,10,all-cluster-heads,C:\Workspace\OpenCDA\docs\doc_workspace\SGCP\artifacts\early_from_late_checkpoint_20260719\enable_coperception_early_from_attentive.yaml,cov_potential_game,grid,utility,utility,none,0,0,,random_balanced,5,,2;7;9;10,10;2;9,2;9,"{""2"": 37, ""9"": 37}","{""2"": 4793, ""9"": 4804, ""10"": 4929}",153552,42.749721913236925,10,40.0,100.0,200.0,2500000,672736,672736,1,ns3,899,0.5,10,12,28,,,[],[],2>10:2;9>10:6,,21,45,
2026_07_15_01_26_56,000102,11,all-cluster-heads,C:\Workspace\OpenCDA\docs\doc_workspace\SGCP\artifacts\early_from_late_checkpoint_20260719\enable_coperception_early_from_attentive.yaml,cov_potential_game,grid,utility,utility,none,0,0,,random_balanced,5,,3;11;12;15,11;3;15,3;15,"{""3"": 37, ""15"": 28}","{""3"": 4840, ""11"": 4907, ""15"": 4321}",146576,43.070077864293665,10,40.0,100.0,200.0,2500000,672736,672736,1,ns3,899,0.5,10,12,28,,,[],[],3>11:3;15>11:7,,25,23,
2026_07_15_01_26_56,000102,20,all-cluster-heads,C:\Workspace\OpenCDA\docs\doc_workspace\SGCP\artifacts\early_from_late_checkpoint_20260719\enable_coperception_early_from_attentive.yaml,cov_potential_game,grid,utility,utility,none,0,0,,random_balanced,5,,1;16;17;20,20;17;16,17;16,"{""16"": 37, ""17"": 37}","{""16"": 4702, ""17"": 4790, ""20"": 4902}",151872,42.62513904338154,10,40.0,100.0,200.0,2500000,672736,672736,1,ns3,899,0.5,10,12,28,,,[],[],16>20:5;17>20:4,,21,27,
2026_07_15_01_26_56,000104,1,all-cluster-heads,C:\Workspace\OpenCDA\docs\doc_workspace\SGCP\artifacts\early_from_late_checkpoint_20260719\enable_coperception_early_from_attentive.yaml,cov_potential_game,grid,utility,utility,none,0,0,,random_balanced,5,,1;3;13;15,1;3;15,3;15,"{""3"": 37, ""15"": 29}","{""1"": 4929, ""3"": 4815, ""15"": 4428}",147888,42.847608453837594,10,40.0,100.0,200.0,2500000,674112,674112,1,ns3,899,0.5,10,12,28,,,[],[],3>1:0;15>1:8,,27,32,
2026_07_15_01_26_56,000104,4,all-cluster-heads,C:\Workspace\OpenCDA\docs\doc_workspace\SGCP\artifacts\early_from_late_checkpoint_20260719\enable_coperception_early_from_attentive.yaml,cov_potential_game,grid,utility,utility,none,0,0,,random_balanced,5,,4;6;17;19,4;17;19,17;19,"{""17"": 37, ""19"": 21}","{""4"": 4850, ""17"": 4829, ""19"": 483}",84992,42.97219132369299,10,40.0,100.0,200.0,2500000,674112,674112,1,ns3,899,0.5,10,12,28,,,[],[],17>4:1;19>4:9,,22,41,
2026_07_15_01_26_56,000104,5,all-cluster-heads,C:\Workspace\OpenCDA\docs\doc_workspace\SGCP\artifacts\early_from_late_checkpoint_20260719\enable_coperception_early_from_attentive.yaml,cov_potential_game,grid,utility,utility,none,0,0,,random_balanced,5,,5;11;12;16,5;12;16,12;16,"{""12"": 37, ""16"": 37}","{""5"": 4936, ""12"": 4876, ""16"": 4675}",152816,43.39043381535039,10,40.0,100.0,200.0,2500000,674112,674112,1,ns3,899,0.5,10,12,28,,,[],[],12>5:2;16>5:5,,23,34,
2026_07_15_01_26_56,000104,9,all-cluster-heads,C:\Workspace\OpenCDA\docs\doc_workspace\SGCP\artifacts\early_from_late_checkpoint_20260719\enable_coperception_early_from_attentive.yaml,cov_potential_game,grid,utility,utility,none,0,0,,random_balanced,5,,7;8;9;14,9;14;7,14;7,"{""7"": 24, ""14"": 37}","{""7"": 3966, ""9"": 4851, ""14"": 4750}",139456,42.269187986651836,10,40.0,100.0,200.0,2500000,674112,674112,1,ns3,899,0.5,10,12,28,,,[],[],7>9:7;14>9:3,,17,20,
2026_07_15_01_26_56,000104,20,all-cluster-heads,C:\Workspace\OpenCDA\docs\doc_workspace\SGCP\artifacts\early_from_late_checkpoint_20260719\enable_coperception_early_from_attentive.yaml,cov_potential_game,grid,utility,utility,none,0,0,,random_balanced,5,,2;10;18;20,20;2;10,2;10,"{""2"": 37, ""10"": 32}","{""2"": 4795, ""10"": 4515, ""20"": 4900}",148960,42.66963292547275,10,40.0,100.0,200.0,2500000,674112,674112,1,ns3,899,0.5,10,12,28,,,[],[],2>20:4;10>20:6,,36,47,
2026_07_15_01_26_56,000106,5,all-cluster-heads,C:\Workspace\OpenCDA\docs\doc_workspace\SGCP\artifacts\early_from_late_checkpoint_20260719\enable_coperception_early_from_attentive.yaml,cov_potential_game,grid,utility,utility,none,0,0,,random_balanced,5,,4;5;14;16,5;14;16,14;16,"{""14"": 37, ""16"": 37}","{""5"": 4951, ""14"": 4737, ""16"": 4652}",150224,42.15350389321468,10,40.0,100.0,200.0,2500000,620224,620224,1,ns3,899,0.5,10,12,28,,,[],[],14>5:0;16>5:5,,15,23,
2026_07_15_01_26_56,000106,8,all-cluster-heads,C:\Workspace\OpenCDA\docs\doc_workspace\SGCP\artifacts\early_from_late_checkpoint_20260719\enable_coperception_early_from_attentive.yaml,cov_potential_game,grid,utility,utility,none,0,0,,random_balanced,5,,7;8;15;19,8;7;19,7;19,"{""7"": 37, ""19"": 26}","{""7"": 4779, ""8"": 4836, ""19"": 702}",87696,42.52725250278087,10,40.0,100.0,200.0,2500000,620224,620224,1,ns3,899,0.5,10,12,28,,,[],[],7>8:1;19>8:8,,19,36,
2026_07_15_01_26_56,000106,10,all-cluster-heads,C:\Workspace\OpenCDA\docs\doc_workspace\SGCP\artifacts\early_from_late_checkpoint_20260719\enable_coperception_early_from_attentive.yaml,cov_potential_game,grid,utility,utility,none,0,0,,random_balanced,5,,2;10;13;17,10;17;13,17;13,"{""13"": 37, ""17"": 37}","{""10"": 4930, ""13"": 4562, ""17"": 4850}",150592,43.159065628476085,10,40.0,100.0,200.0,2500000,620224,620224,1,ns3,899,0.5,10,12,28,,,[],[],13>10:6;17>10:2,,27,38,
2026_07_15_01_26_56,000106,11,all-cluster-heads,C:\Workspace\OpenCDA\docs\doc_workspace\SGCP\artifacts\early_from_late_checkpoint_20260719\enable_coperception_early_from_attentive.yaml,cov_potential_game,grid,utility,utility,none,0,0,,random_balanced,5,,6;9;11;12,11;12;9,12;9,"{""9"": 28, ""12"": 37}","{""9"": 4544, ""11"": 4908, ""12"": 4892}",150976,43.53281423804227,10,40.0,100.0,200.0,2500000,620224,620224,1,ns3,899,0.5,10,12,28,,,[],[],9>11:7;12>11:3,,27,37,
2026_07_15_01_26_56,000106,20,all-cluster-heads,C:\Workspace\OpenCDA\docs\doc_workspace\SGCP\artifacts\early_from_late_checkpoint_20260719\enable_coperception_early_from_attentive.yaml,cov_potential_game,grid,utility,utility,none,0,0,,random_balanced,5,,1;3;18;20,20;3;1,3;1,"{""1"": 18, ""3"": 37}","{""1"": 220, ""3"": 4826, ""20"": 4900}",80736,42.94549499443826,10,40.0,100.0,200.0,2500000,620224,620224,1,ns3,899,0.5,10,12,28,,,[],[],1>20:9;3>20:4,,21,33,
2026_07_15_01_26_56,000108,2,all-cluster-heads,C:\Workspace\OpenCDA\docs\doc_workspace\SGCP\artifacts\early_from_late_checkpoint_20260719\enable_coperception_early_from_attentive.yaml,cov_potential_game,grid,utility,utility,none,0,0,,random_balanced,5,,2;6;15;17,2;17;15,17;15,"{""15"": 35, ""17"": 37}","{""2"": 4859, ""15"": 4552, ""17"": 4847}",150384,43.13236929922136,10,40.0,100.0,200.0,2500000,752848,752848,1,ns3,899,0.5,10,12,28,,,[],[],15>2:8;17>2:0,,31,41,
2026_07_15_01_26_56,000108,4,all-cluster-heads,C:\Workspace\OpenCDA\docs\doc_workspace\SGCP\artifacts\early_from_late_checkpoint_20260719\enable_coperception_early_from_attentive.yaml,cov_potential_game,grid,utility,utility,none,0,0,,random_balanced,5,,1;4;10;12,4;10;12,10;12,"{""10"": 37, ""12"": 37}","{""4"": 4850, ""10"": 4880, ""12"": 4865}",155920,43.42602892102336,10,40.0,100.0,200.0,2500000,752848,752848,1,ns3,899,0.5,10,12,28,,,[],[],10>4:1;12>4:5,,30,41,
2026_07_15_01_26_56,000108,5,all-cluster-heads,C:\Workspace\OpenCDA\docs\doc_workspace\SGCP\artifacts\early_from_late_checkpoint_20260719\enable_coperception_early_from_attentive.yaml,cov_potential_game,grid,utility,utility,none,0,0,,random_balanced,5,,3;5;9;13,5;13;9,13;9,"{""9"": 31, ""13"": 37}","{""5"": 4929, ""9"": 4314, ""13"": 4695}",144144,41.7797552836485,10,40.0,100.0,200.0,2500000,752848,752848,1,ns3,899,0.5,10,12,28,,,[],[],9>5:7;13>5:2,,17,27,
2026_07_15_01_26_56,000108,11,all-cluster-heads,C:\Workspace\OpenCDA\docs\doc_workspace\SGCP\artifacts\early_from_late_checkpoint_20260719\enable_coperception_early_from_attentive.yaml,cov_potential_game,grid,utility,utility,none,0,0,,random_balanced,5,,8;11;16;19,11;16;8,16;8,"{""8"": 37, ""16"": 37}","{""8"": 4740, ""11"": 4911, ""16"": 4863}",153648,43.27474972191324,10,40.0,100.0,200.0,2500000,752848,752848,1,ns3,899,0.5,10,12,28,,,[],[],8>11:9;16>11:3,,39,45,
2026_07_15_01_26_56,000108,20,all-cluster-heads,C:\Workspace\OpenCDA\docs\doc_workspace\SGCP\artifacts\early_from_late_checkpoint_20260719\enable_coperception_early_from_attentive.yaml,cov_potential_game,grid,utility,utility,none,0,0,,random_balanced,5,,7;14;18;20,20;14;7,14;7,"{""7"": 37, ""14"": 37}","{""7"": 4587, ""14"": 4710, ""20"": 4899}",148752,41.91323692992214,10,40.0,100.0,200.0,2500000,752848,752848,1,ns3,899,0.5,10,12,28,,,[],[],7>20:6;14>20:4,,20,25,
2026_07_15_01_26_56,000110,2,all-cluster-heads,C:\Workspace\OpenCDA\docs\doc_workspace\SGCP\artifacts\early_from_late_checkpoint_20260719\enable_coperception_early_from_attentive.yaml,cov_potential_game,grid,utility,utility,none,0,0,,random_balanced,5,,2;4;15;20,2;20;15,20;15,"{""15"": 34, ""20"": 37}","{""2"": 4860, ""15"": 4595, ""20"": 4826}",150736,42.94549499443826,10,40.0,100.0,200.0,2500000,687056,687056,1,ns3,899,0.5,10,12,28,,,[],[],15>2:6;20>2:0,,35,45,
2026_07_15_01_26_56,000110,9,all-cluster-heads,C:\Workspace\OpenCDA\docs\doc_workspace\SGCP\artifacts\early_from_late_checkpoint_20260719\enable_coperception_early_from_attentive.yaml,cov_potential_game,grid,utility,utility,none,0,0,,random_balanced,5,,5;6;7;9,9;6;7,6;7,"{""6"": 37, ""7"": 24}","{""6"": 4598, ""7"": 3977, ""9"": 4854}",137200,40.91657397107898,10,40.0,100.0,200.0,2500000,687056,687056,1,ns3,899,0.5,10,12,28,,,[],[],6>9:1;7>9:7,,27,36,
2026_07_15_01_26_56,000110,10,all-cluster-heads,C:\Workspace\OpenCDA\docs\doc_workspace\SGCP\artifacts\early_from_late_checkpoint_20260719\enable_coperception_early_from_attentive.yaml,cov_potential_game,grid,utility,utility,none,0,0,,random_balanced,5,,10;11;13;16,10;16;13,16;13,"{""13"": 35, ""16"": 37}","{""10"": 4929, ""13"": 4505, ""16"": 4851}",149696,43.16796440489433,10,40.0,100.0,200.0,2500000,687056,687056,1,ns3,899,0.5,10,12,28,,,[],[],13>10:5;16>10:2,,25,40,
2026_07_15_01_26_56,000110,17,all-cluster-heads,C:\Workspace\OpenCDA\docs\doc_workspace\SGCP\artifacts\early_from_late_checkpoint_20260719\enable_coperception_early_from_attentive.yaml,cov_potential_game,grid,utility,utility,none,0,0,,random_balanced,5,,3;8;17;18,17;3;18,3;18,"{""3"": 37, ""18"": 24}","{""3"": 4689, ""17"": 5003, ""18"": 4080}",140304,41.72636262513904,10,40.0,100.0,200.0,2500000,687056,687056,1,ns3,899,0.5,10,12,28,,,[],[],3>17:3;18>17:8,,8,15,
2026_07_15_01_26_56,000110,19,all-cluster-heads,C:\Workspace\OpenCDA\docs\doc_workspace\SGCP\artifacts\early_from_late_checkpoint_20260719\enable_coperception_early_from_attentive.yaml,cov_potential_game,grid,utility,utility,none,0,0,,random_balanced,5,,1;12;14;19,19;12;1,12;1,"{""1"": 25, ""12"": 37}","{""1"": 1925, ""12"": 4895, ""19"": 4826}",109120,43.559510567296996,10,40.0,100.0,200.0,2500000,687056,687056,1,ns3,899,0.5,10,12,28,,,[],[],1>19:9;12>19:4,,16,30,
2026_07_15_01_26_56,000112,5,all-cluster-heads,C:\Workspace\OpenCDA\docs\doc_workspace\SGCP\artifacts\early_from_late_checkpoint_20260719\enable_coperception_early_from_attentive.yaml,cov_potential_game,grid,utility,utility,none,0,0,,random_balanced,5,,3;5;6;7,5;3;7,3;7,"{""3"": 37, ""7"": 37}","{""3"": 4825, ""5"": 4910, ""7"": 4612}",150992,42.93659621802002,10,40.0,100.0,200.0,2500000,627232,627232,1,ns3,899,0.5,10,12,28,,,[],[],3>5:0;7>5:7,,15,19,
2026_07_15_01_26_56,000112,11,all-cluster-heads,C:\Workspace\OpenCDA\docs\doc_workspace\SGCP\artifacts\early_from_late_checkpoint_20260719\enable_coperception_early_from_attentive.yaml,cov_potential_game,grid,utility,utility,none,0,0,,random_balanced,5,,4;9;11;15,11;4;9,4;9,"{""4"": 37, ""9"": 28}","{""4"": 4772, ""9"": 4545, ""11"": 4912}",149072,42.46496106785317,10,40.0,100.0,200.0,2500000,627232,627232,1,ns3,899,0.5,10,12,28,,,[],[],4>11:1;9>11:6,,33,45,
2026_07_15_01_26_56,000112,16,all-cluster-heads,C:\Workspace\OpenCDA\docs\doc_workspace\SGCP\artifacts\early_from_late_checkpoint_20260719\enable_coperception_early_from_attentive.yaml,cov_potential_game,grid,utility,utility,none,0,0,,random_balanced,5,,10;13;16;17,16;13;17,13;17,"{""13"": 37, ""17"": 37}","{""13"": 4641, ""16"": 4976, ""17"": 4843}",151744,43.09677419354839,10,40.0,100.0,200.0,2500000,627232,627232,1,ns3,899,0.5,10,12,28,,,[],[],13>16:2;17>16:5,,12,24,
2026_07_15_01_26_56,000112,19,all-cluster-heads,C:\Workspace\OpenCDA\docs\doc_workspace\SGCP\artifacts\early_from_late_checkpoint_20260719\enable_coperception_early_from_attentive.yaml,cov_potential_game,grid,utility,utility,none,0,0,,random_balanced,5,,1;8;18;19,19;1;8,1;8,"{""1"": 37, ""8"": 27}","{""1"": 4900, ""8"": 872, ""19"": 4827}",92352,43.604004449388206,10,40.0,100.0,200.0,2500000,627232,627232,1,ns3,899,0.5,10,12,28,,,[],[],1>19:3;8>19:8,,19,37,
2026_07_15_01_26_56,000112,20,all-cluster-heads,C:\Workspace\OpenCDA\docs\doc_workspace\SGCP\artifacts\early_from_late_checkpoint_20260719\enable_coperception_early_from_attentive.yaml,cov_potential_game,grid,utility,utility,none,0,0,,random_balanced,5,,2;12;14;20,20;12;2,12;2,"{""2"": 17, ""12"": 37}","{""2"": 302, ""12"": 4890, ""20"": 4898}",83072,43.51501668520579,10,40.0,100.0,200.0,2500000,627232,627232,1,ns3,899,0.5,10,12,28,,,[],[],2>20:9;12>20:4,,25,47,
2026_07_15_01_26_56,000114,1,all-cluster-heads,C:\Workspace\OpenCDA\docs\doc_workspace\SGCP\artifacts\early_from_late_checkpoint_20260719\enable_coperception_early_from_attentive.yaml,cov_potential_game,grid,utility,utility,none,0,0,,random_balanced,5,,1;6;19;20,1;6;19,6;19,"{""6"": 37, ""19"": 25}","{""1"": 4926, ""6"": 4575, ""19"": 728}",84848,40.7119021134594,10,40.0,100.0,200.0,2500000,607616,607616,1,ns3,899,0.5,10,12,28,,,[],[],6>1:0;19>1:8,,28,39,
2026_07_15_01_26_56,000114,5,all-cluster-heads,C:\Workspace\OpenCDA\docs\doc_workspace\SGCP\artifacts\early_from_late_checkpoint_20260719\enable_coperception_early_from_attentive.yaml,cov_potential_game,grid,utility,utility,none,0,0,,random_balanced,5,,5;12;14;15,5;12;14,12;14,"{""12"": 37, ""14"": 5}","{""5"": 4909, ""12"": 4904, ""14"": 30}",78944,43.63959955506118,10,40.0,100.0,200.0,2500000,607616,607616,1,ns3,899,0.5,10,12,28,,,[],[],12>5:1;14>5:9,,17,22,
2026_07_15_01_26_56,000114,7,all-cluster-heads,C:\Workspace\OpenCDA\docs\doc_workspace\SGCP\artifacts\early_from_late_checkpoint_20260719\enable_coperception_early_from_attentive.yaml,cov_potential_game,grid,utility,utility,none,0,0,,random_balanced,5,,7;8;10;17,7;17;10,17;10,"{""10"": 26, ""17"": 37}","{""7"": 4919, ""10"": 4076, ""17"": 4862}",143008,43.265850945494996,10,40.0,100.0,200.0,2500000,607616,607616,1,ns3,899,0.5,10,12,28,,,[],[],10>7:7;17>7:2,,21,39,
2026_07_15_01_26_56,000114,11,all-cluster-heads,C:\Workspace\OpenCDA\docs\doc_workspace\SGCP\artifacts\early_from_late_checkpoint_20260719\enable_coperception_early_from_attentive.yaml,cov_potential_game,grid,utility,utility,none,0,0,,random_balanced,5,,2;4;9;11,11;4;2,4;2,"{""2"": 37, ""4"": 37}","{""2"": 4793, ""4"": 4773, ""11"": 4911}",153056,42.65183537263626,10,40.0,100.0,200.0,2500000,607616,607616,1,ns3,899,0.5,10,12,28,,,[],[],2>11:5;4>11:3,,30,46,
2026_07_15_01_26_56,000114,16,all-cluster-heads,C:\Workspace\OpenCDA\docs\doc_workspace\SGCP\artifacts\early_from_late_checkpoint_20260719\enable_coperception_early_from_attentive.yaml,cov_potential_game,grid,utility,utility,none,0,0,,random_balanced,5,,3;13;16;18,16;13;3,13;3,"{""3"": 37, ""13"": 37}","{""3"": 4578, ""13"": 4657, ""16"": 4987}",147760,41.44160177975528,10,40.0,100.0,200.0,2500000,607616,607616,1,ns3,899,0.5,10,12,28,,,[],[],3>16:6;13>16:4,,10,27,
2026_07_15_01_26_56,000116,1,all-cluster-heads,C:\Workspace\OpenCDA\docs\doc_workspace\SGCP\artifacts\early_from_late_checkpoint_20260719\enable_coperception_early_from_attentive.yaml,cov_potential_game,grid,utility,utility,none,0,0,,random_balanced,5,,1;10;11;12,1;12;11,12;11,"{""11"": 37, ""12"": 37}","{""1"": 4926, ""11"": 4780, ""12"": 4902}",154912,43.62180200222469,10,40.0,100.0,200.0,2500000,700672,700672,1,ns3,899,0.5,10,12,28,,,[],[],11>1:7;12>1:0,,27,35,
2026_07_15_01_26_56,000116,7,all-cluster-heads,C:\Workspace\OpenCDA\docs\doc_workspace\SGCP\artifacts\early_from_late_checkpoint_20260719\enable_coperception_early_from_attentive.yaml,cov_potential_game,grid,utility,utility,none,0,0,,random_balanced,5,,4;7;8;18,7;4;8,4;8,"{""4"": 37, ""8"": 32}","{""4"": 4623, ""7"": 4918, ""8"": 4396}",144304,41.13904338153504,10,40.0,100.0,200.0,2500000,700672,700672,1,ns3,899,0.5,10,12,28,,,[],[],4>7:1;8>7:8,,24,41,
2026_07_15_01_26_56,000116,16,all-cluster-heads,C:\Workspace\OpenCDA\docs\doc_workspace\SGCP\artifacts\early_from_late_checkpoint_20260719\enable_coperception_early_from_attentive.yaml,cov_potential_game,grid,utility,utility,none,0,0,,random_balanced,5,,9;14;16;17,16;14;17,14;17,"{""14"": 37, ""17"": 37}","{""14"": 4702, ""16"": 4994, ""17"": 4861}",153008,43.256952169076754,10,40.0,100.0,200.0,2500000,700672,700672,1,ns3,899,0.5,10,12,28,,,[],[],14>16:2;17>16:5,,11,16,
2026_07_15_01_26_56,000116,19,all-cluster-heads,C:\Workspace\OpenCDA\docs\doc_workspace\SGCP\artifacts\early_from_late_checkpoint_20260719\enable_coperception_early_from_attentive.yaml,cov_potential_game,grid,utility,utility,none,0,0,,random_balanced,5,,2;5;13;19,19;2;13,2;13,"{""2"": 37, ""13"": 37}","{""2"": 4803, ""13"": 4675, ""19"": 4829}",151648,42.74082313681868,10,40.0,100.0,200.0,2500000,700672,700672,1,ns3,899,0.5,10,12,28,,,[],[],2>19:3;13>19:6,,18,40,
2026_07_15_01_26_56,000116,20,all-cluster-heads,C:\Workspace\OpenCDA\docs\doc_workspace\SGCP\artifacts\early_from_late_checkpoint_20260719\enable_coperception_early_from_attentive.yaml,cov_potential_game,grid,utility,utility,none,0,0,,random_balanced,5,,3;6;15;20,20;6;3,6;3,"{""3"": 23, ""6"": 37}","{""3"": 1446, ""6"": 4604, ""20"": 4899}",96800,40.969966629588434,10,40.0,100.0,200.0,2500000,700672,700672,1,ns3,899,0.5,10,12,28,,,[],[],3>20:9;6>20:4,,27,36,
2026_07_15_01_26_56,000118,3,all-cluster-heads,C:\Workspace\OpenCDA\docs\doc_workspace\SGCP\artifacts\early_from_late_checkpoint_20260719\enable_coperception_early_from_attentive.yaml,cov_potential_game,grid,utility,utility,none,0,0,,random_balanced,5,,2;3;13;18,3;2;18,2;18,"{""2"": 37, ""18"": 33}","{""2"": 4818, ""3"": 4987, ""18"": 4630}",151168,42.87430478309232,10,40.0,100.0,200.0,2500000,755328,755328,1,ns3,899,0.5,10,12,28,,,[],[],2>3:0;18>3:9,,21,28,
2026_07_15_01_26_56,000118,4,all-cluster-heads,C:\Workspace\OpenCDA\docs\doc_workspace\SGCP\artifacts\early_from_late_checkpoint_20260719\enable_coperception_early_from_attentive.yaml,cov_potential_game,grid,utility,utility,none,0,0,,random_balanced,5,,4;8;9;12,4;9;12,9;12,"{""9"": 37, ""12"": 37}","{""4"": 4849, ""9"": 4826, ""12"": 4887}",155408,43.48832035595106,10,40.0,100.0,200.0,2500000,755328,755328,1,ns3,899,0.5,10,12,28,,,[],[],9>4:1;12>4:5,,20,39,
2026_07_15_01_26_56,000118,5,all-cluster-heads,C:\Workspace\OpenCDA\docs\doc_workspace\SGCP\artifacts\early_from_late_checkpoint_20260719\enable_coperception_early_from_attentive.yaml,cov_potential_game,grid,utility,utility,none,0,0,,random_balanced,5,,5;7;14;15,5;14;7,14;7,"{""7"": 37, ""14"": 37}","{""5"": 4904, ""7"": 4585, ""14"": 4717}",148832,41.975528364849836,10,40.0,100.0,200.0,2500000,755328,755328,1,ns3,899,0.5,10,12,28,,,[],[],7>5:7;14>5:2,,15,20,
2026_07_15_01_26_56,000118,11,all-cluster-heads,C:\Workspace\OpenCDA\docs\doc_workspace\SGCP\artifacts\early_from_late_checkpoint_20260719\enable_coperception_early_from_attentive.yaml,cov_potential_game,grid,utility,utility,none,0,0,,random_balanced,5,,6;11;16;19,11;16;19,16;19,"{""16"": 37, ""19"": 33}","{""11"": 4914, ""16"": 4888, ""19"": 4433}",149136,43.4972191323693,10,40.0,100.0,200.0,2500000,755328,755328,1,ns3,899,0.5,10,12,28,,,[],[],16>11:3;19>11:8,,26,36,
2026_07_15_01_26_56,000118,20,all-cluster-heads,C:\Workspace\OpenCDA\docs\doc_workspace\SGCP\artifacts\early_from_late_checkpoint_20260719\enable_coperception_early_from_attentive.yaml,cov_potential_game,grid,utility,utility,none,0,0,,random_balanced,5,,1;10;17;20,20;17;10,17;10,"{""10"": 34, ""17"": 37}","{""10"": 4573, ""17"": 4851, ""20"": 4899}",150784,43.16796440489433,10,40.0,100.0,200.0,2500000,755328,755328,1,ns3,899,0.5,10,12,28,,,[],[],10>20:6;17>20:4,,24,38,
2026_07_15_01_26_56,000120,3,all-cluster-heads,C:\Workspace\OpenCDA\docs\doc_workspace\SGCP\artifacts\early_from_late_checkpoint_20260719\enable_coperception_early_from_attentive.yaml,cov_potential_game,grid,utility,utility,none,0,0,,random_balanced,5,,3;10;13;18,3;13;18,13;18,"{""13"": 37, ""18"": 32}","{""3"": 4986, ""13"": 4628, ""18"": 4618}",147936,41.18353726362625,10,40.0,100.0,200.0,2500000,744736,744736,1,ns3,899,0.5,10,12,28,,,[],[],13>3:0;18>3:9,,5,12,
2026_07_15_01_26_56,000120,7,all-cluster-heads,C:\Workspace\OpenCDA\docs\doc_workspace\SGCP\artifacts\early_from_late_checkpoint_20260719\enable_coperception_early_from_attentive.yaml,cov_potential_game,grid,utility,utility,none,0,0,,random_balanced,5,,7;9;12;15,7;12;9,12;9,"{""9"": 24, ""12"": 37}","{""7"": 4915, ""9"": 3943, ""12"": 4885}",141248,43.47052280311457,10,40.0,100.0,200.0,2500000,744736,744736,1,ns3,899,0.5,10,12,28,,,[],[],9>7:8;12>7:1,,23,31,
2026_07_15_01_26_56,000120,8,all-cluster-heads,C:\Workspace\OpenCDA\docs\doc_workspace\SGCP\artifacts\early_from_late_checkpoint_20260719\enable_coperception_early_from_attentive.yaml,cov_potential_game,grid,utility,utility,none,0,0,,random_balanced,5,,4;6;8;19,8;6;4,6;4,"{""4"": 37, ""6"": 37}","{""4"": 4546, ""6"": 4596, ""8"": 4837}",146272,40.89877641824249,10,40.0,100.0,200.0,2500000,744736,744736,1,ns3,899,0.5,10,12,28,,,[],[],4>8:6;6>8:2,,33,47,
2026_07_15_01_26_56,000120,11,all-cluster-heads,C:\Workspace\OpenCDA\docs\doc_workspace\SGCP\artifacts\early_from_late_checkpoint_20260719\enable_coperception_early_from_attentive.yaml,cov_potential_game,grid,utility,utility,none,0,0,,random_balanced,5,,1;5;11;20,11;20;1,20;1,"{""1"": 37, ""20"": 37}","{""1"": 4898, ""11"": 4913, ""20"": 4828}",155616,43.58620689655172,10,40.0,100.0,200.0,2500000,744736,744736,1,ns3,899,0.5,10,12,28,,,[],[],1>11:7;20>11:3,,32,40,
2026_07_15_01_26_56,000120,16,all-cluster-heads,C:\Workspace\OpenCDA\docs\doc_workspace\SGCP\artifacts\early_from_late_checkpoint_20260719\enable_coperception_early_from_attentive.yaml,cov_potential_game,grid,utility,utility,none,0,0,,random_balanced,5,,2;14;16;17,16;14;17,14;17,"{""14"": 37, ""17"": 37}","{""14"": 4735, ""16"": 4996, ""17"": 4869}",153664,43.32814238042269,10,40.0,100.0,200.0,2500000,744736,744736,1,ns3,899,0.5,10,12,28,,,[],[],14>16:4;17>16:5,,10,16,
2026_07_15_01_26_56,000122,1,all-cluster-heads,C:\Workspace\OpenCDA\docs\doc_workspace\SGCP\artifacts\early_from_late_checkpoint_20260719\enable_coperception_early_from_attentive.yaml,cov_potential_game,grid,utility,utility,none,0,0,,random_balanced,5,,1;7;12;15,1;12;15,12;15,"{""12"": 37, ""15"": 30}","{""1"": 4925, ""12"": 4917, ""15"": 4540}",151312,43.75528364849833,10,40.0,100.0,200.0,2500000,757200,757200,1,ns3,899,0.5,10,12,28,,,[],[],12>1:0;15>1:9,,22,30,
2026_07_15_01_26_56,000122,3,all-cluster-heads,C:\Workspace\OpenCDA\docs\doc_workspace\SGCP\artifacts\early_from_late_checkpoint_20260719\enable_coperception_early_from_attentive.yaml,cov_potential_game,grid,utility,utility,none,0,0,,random_balanced,5,,3;17;18;20,3;20;17,20;17,"{""17"": 37, ""20"": 37}","{""3"": 4990, ""17"": 4852, ""20"": 4830}",154912,43.17686318131257,10,40.0,100.0,200.0,2500000,757200,757200,1,ns3,899,0.5,10,12,28,,,[],[],17>3:6;20>3:1,,20,25,
2026_07_15_01_26_56,000122,5,all-cluster-heads,C:\Workspace\OpenCDA\docs\doc_workspace\SGCP\artifacts\early_from_late_checkpoint_20260719\enable_coperception_early_from_attentive.yaml,cov_potential_game,grid,utility,utility,none,0,0,,random_balanced,5,,5;9;11;16,5;11;16,11;16,"{""11"": 37, ""16"": 37}","{""5"": 4902, ""11"": 4835, ""16"": 4677}",152192,43.02558398220245,10,40.0,100.0,200.0,2500000,757200,757200,1,ns3,899,0.5,10,12,28,,,[],[],11>5:2;16>5:5,,28,34,
2026_07_15_01_26_56,000122,8,all-cluster-heads,C:\Workspace\OpenCDA\docs\doc_workspace\SGCP\artifacts\early_from_late_checkpoint_20260719\enable_coperception_early_from_attentive.yaml,cov_potential_game,grid,utility,utility,none,0,0,,random_balanced,5,,4;6;8;19,8;6;4,6;4,"{""4"": 37, ""6"": 37}","{""4"": 4544, ""6"": 4608, ""8"": 4838}",146432,41.0055617352614,10,40.0,100.0,200.0,2500000,757200,757200,1,ns3,899,0.5,10,12,28,,,[],[],4>8:8;6>8:3,,33,49,
2026_07_15_01_26_56,000122,13,all-cluster-heads,C:\Workspace\OpenCDA\docs\doc_workspace\SGCP\artifacts\early_from_late_checkpoint_20260719\enable_coperception_early_from_attentive.yaml,cov_potential_game,grid,utility,utility,none,0,0,,random_balanced,5,,2;10;13;14,13;2;10,2;10,"{""2"": 37, ""10"": 33}","{""2"": 4816, ""10"": 4706, ""13"": 4698}",152352,42.856507230255836,10,40.0,100.0,200.0,2500000,757200,757200,1,ns3,899,0.5,10,12,28,,,[],[],2>13:4;10>13:7,,24,44,
2026_07_15_01_26_56,000124,1,all-cluster-heads,C:\Workspace\OpenCDA\docs\doc_workspace\SGCP\artifacts\early_from_late_checkpoint_20260719\enable_coperception_early_from_attentive.yaml,cov_potential_game,grid,utility,utility,none,0,0,,random_balanced,5,,1;4;6;10,1;6;10,6;10,"{""6"": 37, ""10"": 29}","{""1"": 4925, ""6"": 4615, ""10"": 4313}",142848,41.0678531701891,10,40.0,100.0,200.0,2500000,746208,746208,1,ns3,899,0.5,10,12,28,,,[],[],6>1:0;10>1:7,,37,52,
2026_07_15_01_26_56,000124,5,all-cluster-heads,C:\Workspace\OpenCDA\docs\doc_workspace\SGCP\artifacts\early_from_late_checkpoint_20260719\enable_coperception_early_from_attentive.yaml,cov_potential_game,grid,utility,utility,none,0,0,,random_balanced,5,,5;8;13;16,5;13;16,13;16,"{""13"": 37, ""16"": 37}","{""5"": 4870, ""13"": 4631, ""16"": 4659}",148640,41.459399332591765,10,40.0,100.0,200.0,2500000,746208,746208,1,ns3,899,0.5,10,12,28,,,[],[],13>5:1;16>5:5,,16,29,
2026_07_15_01_26_56,000124,9,all-cluster-heads,C:\Workspace\OpenCDA\docs\doc_workspace\SGCP\artifacts\early_from_late_checkpoint_20260719\enable_coperception_early_from_attentive.yaml,cov_potential_game,grid,utility,utility,none,0,0,,random_balanced,5,,9;12;15;19,9;12;19,12;19,"{""12"": 37, ""19"": 37}","{""9"": 4854, ""12"": 4873, ""19"": 4731}",153664,43.363737486095665,10,40.0,100.0,200.0,2500000,746208,746208,1,ns3,899,0.5,10,12,28,,,[],[],12>9:2;19>9:9,,15,24,
2026_07_15_01_26_56,000124,17,all-cluster-heads,C:\Workspace\OpenCDA\docs\doc_workspace\SGCP\artifacts\early_from_late_checkpoint_20260719\enable_coperception_early_from_attentive.yaml,cov_potential_game,grid,utility,utility,none,0,0,,random_balanced,5,,3;11;17;18,17;11;3,11;3,"{""3"": 37, ""11"": 37}","{""3"": 4693, ""11"": 4836, ""17"": 5029}",152464,43.03448275862069,10,40.0,100.0,200.0,2500000,746208,746208,1,ns3,899,0.5,10,12,28,,,[],[],3>17:6;11>17:3,,27,29,
2026_07_15_01_26_56,000124,20,all-cluster-heads,C:\Workspace\OpenCDA\docs\doc_workspace\SGCP\artifacts\early_from_late_checkpoint_20260719\enable_coperception_early_from_attentive.yaml,cov_potential_game,grid,utility,utility,none,0,0,,random_balanced,5,,2;7;14;20,20;14;7,14;7,"{""7"": 37, ""14"": 37}","{""7"": 4583, ""14"": 4704, ""20"": 4897}",148592,41.85984427141268,10,40.0,100.0,200.0,2500000,746208,746208,1,ns3,899,0.5,10,12,28,,,[],[],7>20:8;14>20:4,,23,26,
2026_07_15_01_26_56,000126,5,all-cluster-heads,C:\Workspace\OpenCDA\docs\doc_workspace\SGCP\artifacts\early_from_late_checkpoint_20260719\enable_coperception_early_from_attentive.yaml,cov_potential_game,grid,utility,utility,none,0,0,,random_balanced,5,,2;3;5;7,5;2;7,2;7,"{""2"": 37, ""7"": 37}","{""2"": 4822, ""5"": 4875, ""7"": 4613}",150960,42.909899888765295,10,40.0,100.0,200.0,2500000,681968,681968,1,ns3,899,0.5,10,12,28,,,[],[],2>5:0;7>5:6,,27,46,
2026_07_15_01_26_56,000126,9,all-cluster-heads,C:\Workspace\OpenCDA\docs\doc_workspace\SGCP\artifacts\early_from_late_checkpoint_20260719\enable_coperception_early_from_attentive.yaml,cov_potential_game,grid,utility,utility,none,0,0,,random_balanced,5,,9;10;14;18,9;14;10,14;10,"{""10"": 37, ""14"": 37}","{""9"": 4854, ""10"": 4778, ""14"": 4685}",151408,42.518353726362626,10,40.0,100.0,200.0,2500000,681968,681968,1,ns3,899,0.5,10,12,28,,,[],[],10>9:5;14>9:1,,12,28,
2026_07_15_01_26_56,000126,11,all-cluster-heads,C:\Workspace\OpenCDA\docs\doc_workspace\SGCP\artifacts\early_from_late_checkpoint_20260719\enable_coperception_early_from_attentive.yaml,cov_potential_game,grid,utility,utility,none,0,0,,random_balanced,5,,6;8;11;16,11;16;8,16;8,"{""8"": 37, ""16"": 37}","{""8"": 4732, ""11"": 4912, ""16"": 4924}",154496,43.81757508342603,10,40.0,100.0,200.0,2500000,681968,681968,1,ns3,899,0.5,10,12,28,,,[],[],8>11:7;16>11:2,,36,42,
2026_07_15_01_26_56,000126,12,all-cluster-heads,C:\Workspace\OpenCDA\docs\doc_workspace\SGCP\artifacts\early_from_late_checkpoint_20260719\enable_coperception_early_from_attentive.yaml,cov_potential_game,grid,utility,utility,none,0,0,,random_balanced,5,,12;13;15;17,12;17;13,17;13,"{""13"": 3, ""17"": 37}","{""12"": 4992, ""13"": 51, ""17"": 4880}",78896,43.42602892102336,10,40.0,100.0,200.0,2500000,681968,681968,1,ns3,899,0.5,10,12,28,,,[],[],13>12:9;17>12:3,,13,28,
2026_07_15_01_26_56,000126,20,all-cluster-heads,C:\Workspace\OpenCDA\docs\doc_workspace\SGCP\artifacts\early_from_late_checkpoint_20260719\enable_coperception_early_from_attentive.yaml,cov_potential_game,grid,utility,utility,none,0,0,,random_balanced,5,,1;4;19;20,20;4;19,4;19,"{""4"": 37, ""19"": 27}","{""4"": 4774, ""19"": 4364, ""20"": 4899}",146208,42.48275862068966,10,40.0,100.0,200.0,2500000,681968,681968,1,ns3,899,0.5,10,12,28,,,[],[],4>20:4;19>20:8,,26,39,
2026_07_15_01_26_56,000128,7,all-cluster-heads,C:\Workspace\OpenCDA\docs\doc_workspace\SGCP\artifacts\early_from_late_checkpoint_20260719\enable_coperception_early_from_attentive.yaml,cov_potential_game,grid,utility,utility,none,0,0,,random_balanced,5,,7;12;15;17,7;12;17,12;17,"{""12"": 37, ""17"": 26}","{""7"": 4910, ""12"": 4875, ""17"": 4247}",145952,43.38153503893215,10,40.0,100.0,200.0,2500000,676608,676608,1,ns3,899,0.5,10,12,28,,,[],[],12>7:0;17>7:7,,18,25,
2026_07_15_01_26_56,000128,8,all-cluster-heads,C:\Workspace\OpenCDA\docs\doc_workspace\SGCP\artifacts\early_from_late_checkpoint_20260719\enable_coperception_early_from_attentive.yaml,cov_potential_game,grid,utility,utility,none,0,0,,random_balanced,5,,1;4;8;10,8;10;4,10;4,"{""4"": 37, ""10"": 37}","{""4"": 4546, ""8"": 4840, ""10"": 4874}",150720,43.37263626251391,10,40.0,100.0,200.0,2500000,676608,676608,1,ns3,899,0.5,10,12,28,,,[],[],4>8:5;10>8:1,,35,39,
2026_07_15_01_26_56,000128,11,all-cluster-heads,C:\Workspace\OpenCDA\docs\doc_workspace\SGCP\artifacts\early_from_late_checkpoint_20260719\enable_coperception_early_from_attentive.yaml,cov_potential_game,grid,utility,utility,none,0,0,,random_balanced,5,,6;9;11;13,11;6;9,6;9,"{""6"": 37, ""9"": 28}","{""6"": 4622, ""9"": 4538, ""11"": 4912}",146560,41.1301446051168,10,40.0,100.0,200.0,2500000,676608,676608,1,ns3,899,0.5,10,12,28,,,[],[],6>11:2;9>11:6,,32,36,
2026_07_15_01_26_56,000128,16,all-cluster-heads,C:\Workspace\OpenCDA\docs\doc_workspace\SGCP\artifacts\early_from_late_checkpoint_20260719\enable_coperception_early_from_attentive.yaml,cov_potential_game,grid,utility,utility,none,0,0,,random_balanced,5,,3;5;16;19,16;3;5,3;5,"{""3"": 37, ""5"": 37}","{""3"": 4779, ""5"": 4769, ""16"": 5018}",152768,42.52725250278087,10,40.0,100.0,200.0,2500000,676608,676608,1,ns3,899,0.5,10,12,28,,,[],[],3>16:3;5>16:8,,13,22,
2026_07_15_01_26_56,000128,20,all-cluster-heads,C:\Workspace\OpenCDA\docs\doc_workspace\SGCP\artifacts\early_from_late_checkpoint_20260719\enable_coperception_early_from_attentive.yaml,cov_potential_game,grid,utility,utility,none,0,0,,random_balanced,5,,2;14;18;20,20;14;2,14;2,"{""2"": 17, ""14"": 37}","{""2"": 316, ""14"": 4722, ""20"": 4900}",80608,42.020022246941046,10,40.0,100.0,200.0,2500000,676608,676608,1,ns3,899,0.5,10,12,28,,,[],[],2>20:9;14>20:4,,18,43,
2026_07_15_01_26_56,000130,5,all-cluster-heads,C:\Workspace\OpenCDA\docs\doc_workspace\SGCP\artifacts\early_from_late_checkpoint_20260719\enable_coperception_early_from_attentive.yaml,cov_potential_game,grid,utility,utility,none,0,0,,random_balanced,5,,5;7;8;13,5;13;7,13;7,"{""7"": 37, ""13"": 37}","{""5"": 4841, ""7"": 4617, ""13"": 4607}",147584,41.08565072302559,10,40.0,100.0,200.0,2500000,646304,646304,1,ns3,899,0.5,10,12,28,,,[],[],7>5:6;13>5:0,,13,25,
2026_07_15_01_26_56,000130,10,all-cluster-heads,C:\Workspace\OpenCDA\docs\doc_workspace\SGCP\artifacts\early_from_late_checkpoint_20260719\enable_coperception_early_from_attentive.yaml,cov_potential_game,grid,utility,utility,none,0,0,,random_balanced,5,,6;9;10;19,10;6;9,6;9,"{""6"": 37, ""9"": 37}","{""6"": 4620, ""9"": 4811, ""10"": 4923}",150896,42.812013348164626,10,40.0,100.0,200.0,2500000,646304,646304,1,ns3,899,0.5,10,12,28,,,[],[],6>10:1;9>10:5,,26,43,
2026_07_15_01_26_56,000130,11,all-cluster-heads,C:\Workspace\OpenCDA\docs\doc_workspace\SGCP\artifacts\early_from_late_checkpoint_20260719\enable_coperception_early_from_attentive.yaml,cov_potential_game,grid,utility,utility,none,0,0,,random_balanced,5,,3;11;15;16,11;16;15,16;15,"{""15"": 30, ""16"": 37}","{""11"": 4912, ""15"": 4465, ""16"": 4937}",150432,43.93325917686318,10,40.0,100.0,200.0,2500000,646304,646304,1,ns3,899,0.5,10,12,28,,,[],[],15>11:7;16>11:2,,29,37,
2026_07_15_01_26_56,000130,17,all-cluster-heads,C:\Workspace\OpenCDA\docs\doc_workspace\SGCP\artifacts\early_from_late_checkpoint_20260719\enable_coperception_early_from_attentive.yaml,cov_potential_game,grid,utility,utility,none,0,0,,random_balanced,5,,1;2;17;18,17;2;18,2;18,"{""2"": 37, ""18"": 14}","{""2"": 4808, ""17"": 5023, ""18"": 294}",81632,42.7853170189099,10,40.0,100.0,200.0,2500000,646304,646304,1,ns3,899,0.5,10,12,28,,,[],[],2>17:3;18>17:9,,25,38,
2026_07_15_01_26_56,000130,20,all-cluster-heads,C:\Workspace\OpenCDA\docs\doc_workspace\SGCP\artifacts\early_from_late_checkpoint_20260719\enable_coperception_early_from_attentive.yaml,cov_potential_game,grid,utility,utility,none,0,0,,random_balanced,5,,4;12;14;20,20;12;4,12;4,"{""4"": 27, ""12"": 37}","{""4"": 2354, ""12"": 4881, ""20"": 4900}",115760,43.4349276974416,10,40.0,100.0,200.0,2500000,646304,646304,1,ns3,899,0.5,10,12,28,,,[],[],4>20:8;12>20:4,,31,39,
2026_07_15_01_26_56,000132,5,all-cluster-heads,C:\Workspace\OpenCDA\docs\doc_workspace\SGCP\artifacts\early_from_late_checkpoint_20260719\enable_coperception_early_from_attentive.yaml,cov_potential_game,grid,utility,utility,none,0,0,,random_balanced,5,,5;10;12;16,5;12;16,12;16,"{""12"": 37, ""16"": 37}","{""5"": 4861, ""12"": 4865, ""16"": 4701}",153056,43.29254727474972,10,40.0,100.0,200.0,2500000,644928,644928,1,ns3,899,0.5,10,12,28,,,[],[],12>5:0;16>5:5,,16,31,
2026_07_15_01_26_56,000132,7,all-cluster-heads,C:\Workspace\OpenCDA\docs\doc_workspace\SGCP\artifacts\early_from_late_checkpoint_20260719\enable_coperception_early_from_attentive.yaml,cov_potential_game,grid,utility,utility,none,0,0,,random_balanced,5,,1;7;14;17,7;14;17,14;17,"{""14"": 37, ""17"": 26}","{""7"": 4911, ""14"": 4724, ""17"": 4268}",143872,42.03781979977753,10,40.0,100.0,200.0,2500000,644928,644928,1,ns3,899,0.5,10,12,28,,,[],[],14>7:1;17>7:7,,15,15,
2026_07_15_01_26_56,000132,9,all-cluster-heads,C:\Workspace\OpenCDA\docs\doc_workspace\SGCP\artifacts\early_from_late_checkpoint_20260719\enable_coperception_early_from_attentive.yaml,cov_potential_game,grid,utility,utility,none,0,0,,random_balanced,5,,2;3;9;11,9;3;11,3;11,"{""3"": 37, ""11"": 29}","{""3"": 4847, ""9"": 4852, ""11"": 2869}",123456,43.13236929922136,10,40.0,100.0,200.0,2500000,644928,644928,1,ns3,899,0.5,10,12,28,,,[],[],3>9:2;11>9:8,,18,26,
2026_07_15_01_26_56,000132,15,all-cluster-heads,C:\Workspace\OpenCDA\docs\doc_workspace\SGCP\artifacts\early_from_late_checkpoint_20260719\enable_coperception_early_from_attentive.yaml,cov_potential_game,grid,utility,utility,none,0,0,,random_balanced,5,,4;6;15;19,15;4;6,4;6,"{""4"": 37, ""6"": 37}","{""4"": 4775, ""6"": 4218, ""15"": 4844}",143888,42.4916573971079,10,40.0,100.0,200.0,2500000,644928,644928,1,ns3,899,0.5,10,12,28,,,[],[],4>15:3;6>15:6,,27,46,
2026_07_15_01_26_56,000132,20,all-cluster-heads,C:\Workspace\OpenCDA\docs\doc_workspace\SGCP\artifacts\early_from_late_checkpoint_20260719\enable_coperception_early_from_attentive.yaml,cov_potential_game,grid,utility,utility,none,0,0,,random_balanced,5,,8;13;18;20,20;13;8,13;8,"{""8"": 26, ""13"": 37}","{""8"": 425, ""13"": 4616, ""20"": 4901}",80656,41.076751946607345,10,40.0,100.0,200.0,2500000,644928,644928,1,ns3,899,0.5,10,12,28,,,[],[],8>20:9;13>20:4,,22,29,
2026_07_15_01_26_56,000134,1,all-cluster-heads,C:\Workspace\OpenCDA\docs\doc_workspace\SGCP\artifacts\early_from_late_checkpoint_20260719\enable_coperception_early_from_attentive.yaml,cov_potential_game,grid,utility,utility,none,0,0,,random_balanced,5,,1;2;6;17,1;17;2,17;2,"{""2"": 37, ""17"": 37}","{""1"": 4927, ""2"": 4784, ""17"": 4890}",154784,43.51501668520579,10,40.0,100.0,200.0,2500000,718176,718176,1,ns3,899,0.5,10,12,28,,,[],[],2>1:5;17>1:0,,32,40,
2026_07_15_01_26_56,000134,4,all-cluster-heads,C:\Workspace\OpenCDA\docs\doc_workspace\SGCP\artifacts\early_from_late_checkpoint_20260719\enable_coperception_early_from_attentive.yaml,cov_potential_game,grid,utility,utility,none,0,0,,random_balanced,5,,3;4;8;11,4;3;11,3;11,"{""3"": 37, ""11"": 26}","{""3"": 4825, ""4"": 4848, ""11"": 3883}",139328,42.93659621802002,10,40.0,100.0,200.0,2500000,718176,718176,1,ns3,899,0.5,10,12,28,,,[],[],3>4:1;11>4:7,,35,40,
2026_07_15_01_26_56,000134,5,all-cluster-heads,C:\Workspace\OpenCDA\docs\doc_workspace\SGCP\artifacts\early_from_late_checkpoint_20260719\enable_coperception_early_from_attentive.yaml,cov_potential_game,grid,utility,utility,none,0,0,,random_balanced,5,,5;9;13;18,5;13;9,13;9,"{""9"": 29, ""13"": 37}","{""5"": 4855, ""9"": 4091, ""13"": 4637}",139648,41.263626251390434,10,40.0,100.0,200.0,2500000,718176,718176,1,ns3,899,0.5,10,12,28,,,[],[],9>5:6;13>5:2,,16,21,
2026_07_15_01_26_56,000134,10,all-cluster-heads,C:\Workspace\OpenCDA\docs\doc_workspace\SGCP\artifacts\early_from_late_checkpoint_20260719\enable_coperception_early_from_attentive.yaml,cov_potential_game,grid,utility,utility,none,0,0,,random_balanced,5,,7;10;12;14,10;12;7,12;7,"{""7"": 28, ""12"": 37}","{""7"": 3648, ""10"": 4923, ""12"": 4872}",136320,43.35483870967742,10,40.0,100.0,200.0,2500000,718176,718176,1,ns3,899,0.5,10,12,28,,,[],[],7>10:8;12>10:3,,21,41,
2026_07_15_01_26_56,000134,20,all-cluster-heads,C:\Workspace\OpenCDA\docs\doc_workspace\SGCP\artifacts\early_from_late_checkpoint_20260719\enable_coperception_early_from_attentive.yaml,cov_potential_game,grid,utility,utility,none,0,0,,random_balanced,5,,15;16;19;20,20;16;19,16;19,"{""16"": 37, ""19"": 27}","{""16"": 4892, ""19"": 4364, ""20"": 4905}",148096,43.53281423804227,10,40.0,100.0,200.0,2500000,718176,718176,1,ns3,899,0.5,10,12,28,,,[],[],16>20:4;19>20:9,,17,31,
2026_07_15_01_26_56,000136,1,all-cluster-heads,C:\Workspace\OpenCDA\docs\doc_workspace\SGCP\artifacts\early_from_late_checkpoint_20260719\enable_coperception_early_from_attentive.yaml,cov_potential_game,grid,utility,utility,none,0,0,,random_balanced,5,,1;8;12;15,1;12;8,12;8,"{""8"": 37, ""12"": 37}","{""1"": 4927, ""8"": 4723, ""12"": 4881}",153664,43.4349276974416,10,40.0,100.0,200.0,2500000,706096,706096,1,ns3,899,0.5,10,12,28,,,[],[],8>1:7;12>1:0,,20,31,
2026_07_15_01_26_56,000136,3,all-cluster-heads,C:\Workspace\OpenCDA\docs\doc_workspace\SGCP\artifacts\early_from_late_checkpoint_20260719\enable_coperception_early_from_attentive.yaml,cov_potential_game,grid,utility,utility,none,0,0,,random_balanced,5,,2;3;18;19,3;2;18,2;18,"{""2"": 37, ""18"": 29}","{""2"": 4810, ""3"": 5020, ""18"": 4503}",149008,42.803114571746384,10,40.0,100.0,200.0,2500000,706096,706096,1,ns3,899,0.5,10,12,28,,,[],[],2>3:1;18>3:6,,17,29,
2026_07_15_01_26_56,000136,4,all-cluster-heads,C:\Workspace\OpenCDA\docs\doc_workspace\SGCP\artifacts\early_from_late_checkpoint_20260719\enable_coperception_early_from_attentive.yaml,cov_potential_game,grid,utility,utility,none,0,0,,random_balanced,5,,4;5;6;17,4;17;5,17;5,"{""5"": 27, ""17"": 37}","{""4"": 4848, ""5"": 3992, ""17"": 4885}",142032,43.47052280311457,10,40.0,100.0,200.0,2500000,706096,706096,1,ns3,899,0.5,10,12,28,,,[],[],5>4:9;17>4:2,,19,40,
2026_07_15_01_26_56,000136,9,all-cluster-heads,C:\Workspace\OpenCDA\docs\doc_workspace\SGCP\artifacts\early_from_late_checkpoint_20260719\enable_coperception_early_from_attentive.yaml,cov_potential_game,grid,utility,utility,none,0,0,,random_balanced,5,,9;11;14;16,9;16;11,16;11,"{""11"": 29, ""16"": 37}","{""9"": 4855, ""11"": 2868, ""16"": 4936}",124864,43.92436040044494,10,40.0,100.0,200.0,2500000,706096,706096,1,ns3,899,0.5,10,12,28,,,[],[],11>9:8;16>9:3,,22,36,
2026_07_15_01_26_56,000136,10,all-cluster-heads,C:\Workspace\OpenCDA\docs\doc_workspace\SGCP\artifacts\early_from_late_checkpoint_20260719\enable_coperception_early_from_attentive.yaml,cov_potential_game,grid,utility,utility,none,0,0,,random_balanced,5,,7;10;13;20,10;13;20,13;20,"{""13"": 37, ""20"": 33}","{""10"": 4922, ""13"": 4632, ""20"": 3901}",136528,41.219132369299224,10,40.0,100.0,200.0,2500000,706096,706096,1,ns3,899,0.5,10,12,28,,,[],[],13>10:4;20>10:5,,17,33,
2026_07_15_01_26_56,000138,2,all-cluster-heads,C:\Workspace\OpenCDA\docs\doc_workspace\SGCP\artifacts\early_from_late_checkpoint_20260719\enable_coperception_early_from_attentive.yaml,cov_potential_game,grid,utility,utility,none,0,0,,random_balanced,5,,1;2;5;13,2;13;1,13;1,"{""1"": 37, ""13"": 37}","{""1"": 4893, ""2"": 4857, ""13"": 4617}",152160,43.54171301446051,10,40.0,100.0,200.0,2500000,700816,700816,1,ns3,899,0.5,10,12,28,,,[],[],1>2:6;13>2:0,,20,35,
2026_07_15_01_26_56,000138,7,all-cluster-heads,C:\Workspace\OpenCDA\docs\doc_workspace\SGCP\artifacts\early_from_late_checkpoint_20260719\enable_coperception_early_from_attentive.yaml,cov_potential_game,grid,utility,utility,none,0,0,,random_balanced,5,,7;9;15;17,7;17;9,17;9,"{""9"": 26, ""17"": 37}","{""7"": 4910, ""9"": 3942, ""17"": 4880}",141152,43.42602892102336,10,40.0,100.0,200.0,2500000,700816,700816,1,ns3,899,0.5,10,12,28,,,[],[],9>7:8;17>7:1,,17,23,
2026_07_15_01_26_56,000138,8,all-cluster-heads,C:\Workspace\OpenCDA\docs\doc_workspace\SGCP\artifacts\early_from_late_checkpoint_20260719\enable_coperception_early_from_attentive.yaml,cov_potential_game,grid,utility,utility,none,0,0,,random_balanced,5,,6;8;10;12,8;12;10,12;10,"{""10"": 32, ""12"": 37}","{""8"": 4840, ""10"": 4067, ""12"": 4859}",142816,43.23915461624027,10,40.0,100.0,200.0,2500000,700816,700816,1,ns3,899,0.5,10,12,28,,,[],[],10>8:7;12>8:2,,22,39,
2026_07_15_01_26_56,000138,16,all-cluster-heads,C:\Workspace\OpenCDA\docs\doc_workspace\SGCP\artifacts\early_from_late_checkpoint_20260719\enable_coperception_early_from_attentive.yaml,cov_potential_game,grid,utility,utility,none,0,0,,random_balanced,5,,11;16;18;20,16;11;20,11;20,"{""11"": 37, ""20"": 32}","{""11"": 4841, ""16"": 5023, ""20"": 4716}",152912,43.07897664071191,10,40.0,100.0,200.0,2500000,700816,700816,1,ns3,899,0.5,10,12,28,,,[],[],11>16:3;20>16:5,,27,35,
2026_07_15_01_26_56,000138,19,all-cluster-heads,C:\Workspace\OpenCDA\docs\doc_workspace\SGCP\artifacts\early_from_late_checkpoint_20260719\enable_coperception_early_from_attentive.yaml,cov_potential_game,grid,utility,utility,none,0,0,,random_balanced,5,,3;4;14;19,19;14;4,14;4,"{""4"": 23, ""14"": 37}","{""4"": 2268, ""14"": 4718, ""19"": 4828}",111776,41.98442714126808,10,40.0,100.0,200.0,2500000,700816,700816,1,ns3,899,0.5,10,12,28,,,[],[],4>19:9;14>19:4,,4,33,
2026_07_15_01_26_56,000140,2,all-cluster-heads,C:\Workspace\OpenCDA\docs\doc_workspace\SGCP\artifacts\early_from_late_checkpoint_20260719\enable_coperception_early_from_attentive.yaml,cov_potential_game,grid,utility,utility,none,0,0,,random_balanced,5,,1;2;6;16,2;16;1,16;1,"{""1"": 37, ""16"": 37}","{""1"": 4895, ""2"": 4856, ""16"": 4922}",157072,43.799777530589544,10,40.0,100.0,200.0,2500000,759008,759008,1,ns3,899,0.5,10,12,28,,,[],[],1>2:7;16>2:0,,26,43,
2026_07_15_01_26_56,000140,4,all-cluster-heads,C:\Workspace\OpenCDA\docs\doc_workspace\SGCP\artifacts\early_from_late_checkpoint_20260719\enable_coperception_early_from_attentive.yaml,cov_potential_game,grid,utility,utility,none,0,0,,random_balanced,5,,4;8;12;19,4;12;8,12;8,"{""8"": 37, ""12"": 37}","{""4"": 4847, ""8"": 4645, ""12"": 4815}",151360,42.847608453837594,10,40.0,100.0,200.0,2500000,759008,759008,1,ns3,899,0.5,10,12,28,,,[],[],8>4:9;12>4:1,,16,37,
2026_07_15_01_26_56,000140,7,all-cluster-heads,C:\Workspace\OpenCDA\docs\doc_workspace\SGCP\artifacts\early_from_late_checkpoint_20260719\enable_coperception_early_from_attentive.yaml,cov_potential_game,grid,utility,utility,none,0,0,,random_balanced,5,,5;7;13;15,7;13;5,13;5,"{""5"": 37, ""13"": 37}","{""5"": 4760, ""7"": 4910, ""13"": 4603}",149808,42.35817575083426,10,40.0,100.0,200.0,2500000,759008,759008,1,ns3,899,0.5,10,12,28,,,[],[],5>7:8;13>7:2,,14,24,
2026_07_15_01_26_56,000140,17,all-cluster-heads,C:\Workspace\OpenCDA\docs\doc_workspace\SGCP\artifacts\early_from_late_checkpoint_20260719\enable_coperception_early_from_attentive.yaml,cov_potential_game,grid,utility,utility,none,0,0,,random_balanced,5,,3;9;14;17,17;14;3,14;3,"{""3"": 37, ""14"": 37}","{""3"": 4657, ""14"": 4734, ""17"": 5029}",150256,42.12680756395996,10,40.0,100.0,200.0,2500000,759008,759008,1,ns3,899,0.5,10,12,28,,,[],[],3>17:6;14>17:3,,10,14,
2026_07_15_01_26_56,000140,20,all-cluster-heads,C:\Workspace\OpenCDA\docs\doc_workspace\SGCP\artifacts\early_from_late_checkpoint_20260719\enable_coperception_early_from_attentive.yaml,cov_potential_game,grid,utility,utility,none,0,0,,random_balanced,5,,10;11;18;20,20;11;10,11;10,"{""10"": 33, ""11"": 37}","{""10"": 4565, ""11"": 4842, ""20"": 4909}",150512,43.08787541713015,10,40.0,100.0,200.0,2500000,759008,759008,1,ns3,899,0.5,10,12,28,,,[],[],10>20:5;11>20:4,,32,39,
