line_no,frame_index,trace_layer,event,request_id,source_node,target_node,tb_size,subchannel_start,subchannel_num,slot,harq_id,sinr,tbler,reason,raw_event,timestamp,area_id,upload_type,plan_index,pkt_id,matched
276,0,PHY,PSSCH_DECODE_OK,8,3,1,400,,,,0,-nan,0,,[NRSL_PHY_EVENT] event=PSSCH_DECODE_OK request_ids=8 txRnti=3 sender_l2_id=3 receiver_l2_id=1 harq_id=0 tb_size=400 tbler=0 sinr=-nan sinrMin=1e+11 reason=,000060,,leader_to_rsu,8,8,1
278,0,PHY,PSSCH_DECODE_OK,6,20,2,400,,,,0,-nan,0,,[NRSL_PHY_EVENT] event=PSSCH_DECODE_OK request_ids=6 txRnti=20 sender_l2_id=20 receiver_l2_id=2 harq_id=0 tb_size=400 tbler=0 sinr=-nan sinrMin=1e+11 reason=,000060,,member_to_leader,6,6,1
280,0,PHY,PSSCH_DECODE_OK,2,14,9,400,,,,0,-nan,0,,[NRSL_PHY_EVENT] event=PSSCH_DECODE_OK request_ids=2 txRnti=14 sender_l2_id=14 receiver_l2_id=9 harq_id=0 tb_size=400 tbler=0 sinr=-nan sinrMin=1e+11 reason=,000060,,member_to_leader,2,2,1
282,0,PHY,PSSCH_DECODE_OK,3,5,16,400,,,,0,-nan,0,,[NRSL_PHY_EVENT] event=PSSCH_DECODE_OK request_ids=3 txRnti=5 sender_l2_id=5 receiver_l2_id=16 harq_id=0 tb_size=400 tbler=0 sinr=-nan sinrMin=1e+11 reason=,000060,,member_to_leader,3,3,1
388,0,PHY,PSSCH_DECODE_OK,10,21,1,400,,,,1,-nan,0,,[NRSL_PHY_EVENT] event=PSSCH_DECODE_OK request_ids=10 txRnti=21 sender_l2_id=21 receiver_l2_id=1 harq_id=1 tb_size=400 tbler=0 sinr=-nan sinrMin=1e+11 reason=,000060,,leader_to_rsu,10,10,1
390,0,PHY,PSSCH_DECODE_OK,8,3,1,400,,,,1,-nan,0,,[NRSL_PHY_EVENT] event=PSSCH_DECODE_OK request_ids=8 txRnti=3 sender_l2_id=3 receiver_l2_id=1 harq_id=1 tb_size=400 tbler=0 sinr=-nan sinrMin=1e+11 reason=,000060,,leader_to_rsu,8,8,1
392,0,PHY,PSSCH_DECODE_OK,6,20,2,400,,,,1,-nan,0,,[NRSL_PHY_EVENT] event=PSSCH_DECODE_OK request_ids=6 txRnti=20 sender_l2_id=20 receiver_l2_id=2 harq_id=1 tb_size=400 tbler=0 sinr=-nan sinrMin=1e+11 reason=,000060,,member_to_leader,6,6,1
394,0,PHY,PSSCH_DECODE_OK,3,5,16,400,,,,1,-nan,0,,[NRSL_PHY_EVENT] event=PSSCH_DECODE_OK request_ids=3 txRnti=5 sender_l2_id=5 receiver_l2_id=16 harq_id=1 tb_size=400 tbler=0 sinr=-nan sinrMin=1e+11 reason=,000060,,member_to_leader,3,3,1
396,0,PHY,PSSCH_DECODE_OK,1,14,17,400,,,,1,-nan,0,,[NRSL_PHY_EVENT] event=PSSCH_DECODE_OK request_ids=1 txRnti=14 sender_l2_id=14 receiver_l2_id=17 harq_id=1 tb_size=400 tbler=0 sinr=-nan sinrMin=1e+11 reason=,000060,,member_to_leader,1,1,1
503,0,PHY,PSSCH_DECODE_OK,8,3,1,400,,,,2,-nan,0,,[NRSL_PHY_EVENT] event=PSSCH_DECODE_OK request_ids=8 txRnti=3 sender_l2_id=3 receiver_l2_id=1 harq_id=2 tb_size=400 tbler=0 sinr=-nan sinrMin=1e+11 reason=,000060,,leader_to_rsu,8,8,1
505,0,PHY,PSSCH_DECODE_OK,6,20,2,400,,,,2,-nan,0,,[NRSL_PHY_EVENT] event=PSSCH_DECODE_OK request_ids=6 txRnti=20 sender_l2_id=20 receiver_l2_id=2 harq_id=2 tb_size=400 tbler=0 sinr=-nan sinrMin=1e+11 reason=,000060,,member_to_leader,6,6,1
507,0,PHY,PSSCH_DECODE_OK,2,14,9,400,,,,2,-nan,0,,[NRSL_PHY_EVENT] event=PSSCH_DECODE_OK request_ids=2 txRnti=14 sender_l2_id=14 receiver_l2_id=9 harq_id=2 tb_size=400 tbler=0 sinr=-nan sinrMin=1e+11 reason=,000060,,member_to_leader,2,2,1
509,0,PHY,PSSCH_DECODE_OK,4,21,12,400,,,,2,-nan,0,,[NRSL_PHY_EVENT] event=PSSCH_DECODE_OK request_ids=4 txRnti=21 sender_l2_id=21 receiver_l2_id=12 harq_id=2 tb_size=400 tbler=0 sinr=-nan sinrMin=1e+11 reason=,000060,,member_to_leader,4,4,1
511,0,PHY,PSSCH_DECODE_OK,3,5,16,400,,,,2,-nan,0,,[NRSL_PHY_EVENT] event=PSSCH_DECODE_OK request_ids=3 txRnti=5 sender_l2_id=5 receiver_l2_id=16 harq_id=2 tb_size=400 tbler=0 sinr=-nan sinrMin=1e+11 reason=,000060,,member_to_leader,3,3,1
618,0,PHY,PSSCH_DECODE_OK,8,3,1,400,,,,3,-nan,0,,[NRSL_PHY_EVENT] event=PSSCH_DECODE_OK request_ids=8 txRnti=3 sender_l2_id=3 receiver_l2_id=1 harq_id=3 tb_size=400 tbler=0 sinr=-nan sinrMin=1e+11 reason=,000060,,leader_to_rsu,8,8,1
620,0,PHY,PSSCH_DECODE_OK,6,20,2,400,,,,3,-nan,0,,[NRSL_PHY_EVENT] event=PSSCH_DECODE_OK request_ids=6 txRnti=20 sender_l2_id=20 receiver_l2_id=2 harq_id=3 tb_size=400 tbler=0 sinr=-nan sinrMin=1e+11 reason=,000060,,member_to_leader,6,6,1
622,0,PHY,PSSCH_DECODE_OK,3,5,16,400,,,,3,-nan,0,,[NRSL_PHY_EVENT] event=PSSCH_DECODE_OK request_ids=3 txRnti=5 sender_l2_id=5 receiver_l2_id=16 harq_id=3 tb_size=400 tbler=0 sinr=-nan sinrMin=1e+11 reason=,000060,,member_to_leader,3,3,1
624,0,PHY,PSSCH_DECODE_OK,1,14,17,400,,,,3,-nan,0,,[NRSL_PHY_EVENT] event=PSSCH_DECODE_OK request_ids=1 txRnti=14 sender_l2_id=14 receiver_l2_id=17 harq_id=3 tb_size=400 tbler=0 sinr=-nan sinrMin=1e+11 reason=,000060,,member_to_leader,1,1,1
732,0,PHY,PSSCH_DECODE_OK,10,21,1,400,,,,4,-nan,0,,[NRSL_PHY_EVENT] event=PSSCH_DECODE_OK request_ids=10 txRnti=21 sender_l2_id=21 receiver_l2_id=1 harq_id=4 tb_size=400 tbler=0 sinr=-nan sinrMin=1e+11 reason=,000060,,leader_to_rsu,10,10,1
734,0,PHY,PSSCH_DECODE_OK,8,3,1,400,,,,4,-nan,0,,[NRSL_PHY_EVENT] event=PSSCH_DECODE_OK request_ids=8 txRnti=3 sender_l2_id=3 receiver_l2_id=1 harq_id=4 tb_size=400 tbler=0 sinr=-nan sinrMin=1e+11 reason=,000060,,leader_to_rsu,8,8,1
736,0,PHY,PSSCH_DECODE_OK,6,20,2,400,,,,4,-nan,0,,[NRSL_PHY_EVENT] event=PSSCH_DECODE_OK request_ids=6 txRnti=20 sender_l2_id=20 receiver_l2_id=2 harq_id=4 tb_size=400 tbler=0 sinr=-nan sinrMin=1e+11 reason=,000060,,member_to_leader,6,6,1
738,0,PHY,PSSCH_DECODE_OK,2,14,9,400,,,,4,-nan,0,,[NRSL_PHY_EVENT] event=PSSCH_DECODE_OK request_ids=2 txRnti=14 sender_l2_id=14 receiver_l2_id=9 harq_id=4 tb_size=400 tbler=0 sinr=-nan sinrMin=1e+11 reason=,000060,,member_to_leader,2,2,1
740,0,PHY,PSSCH_DECODE_OK,3,5,16,400,,,,4,-nan,0,,[NRSL_PHY_EVENT] event=PSSCH_DECODE_OK request_ids=3 txRnti=5 sender_l2_id=5 receiver_l2_id=16 harq_id=4 tb_size=400 tbler=0 sinr=-nan sinrMin=1e+11 reason=,000060,,member_to_leader,3,3,1
847,0,PHY,PSSCH_DECODE_OK,8,3,1,400,,,,5,-nan,0,,[NRSL_PHY_EVENT] event=PSSCH_DECODE_OK request_ids=8 txRnti=3 sender_l2_id=3 receiver_l2_id=1 harq_id=5 tb_size=400 tbler=0 sinr=-nan sinrMin=1e+11 reason=,000060,,leader_to_rsu,8,8,1
849,0,PHY,PSSCH_DECODE_OK,6,20,2,400,,,,5,-nan,0,,[NRSL_PHY_EVENT] event=PSSCH_DECODE_OK request_ids=6 txRnti=20 sender_l2_id=20 receiver_l2_id=2 harq_id=5 tb_size=400 tbler=0 sinr=-nan sinrMin=1e+11 reason=,000060,,member_to_leader,6,6,1
851,0,PHY,PSSCH_DECODE_OK,4,21,12,400,,,,5,-nan,0,,[NRSL_PHY_EVENT] event=PSSCH_DECODE_OK request_ids=4 txRnti=21 sender_l2_id=21 receiver_l2_id=12 harq_id=5 tb_size=400 tbler=0 sinr=-nan sinrMin=1e+11 reason=,000060,,member_to_leader,4,4,1
853,0,PHY,PSSCH_DECODE_OK,3,5,16,400,,,,5,-nan,0,,[NRSL_PHY_EVENT] event=PSSCH_DECODE_OK request_ids=3 txRnti=5 sender_l2_id=5 receiver_l2_id=16 harq_id=5 tb_size=400 tbler=0 sinr=-nan sinrMin=1e+11 reason=,000060,,member_to_leader,3,3,1
855,0,PHY,PSSCH_DECODE_OK,1,14,17,400,,,,5,-nan,0,,[NRSL_PHY_EVENT] event=PSSCH_DECODE_OK request_ids=1 txRnti=14 sender_l2_id=14 receiver_l2_id=17 harq_id=5 tb_size=400 tbler=0 sinr=-nan sinrMin=1e+11 reason=,000060,,member_to_leader,1,1,1
967,0,PHY,PSSCH_DECODE_OK,9,3,1,400,,,,6,-nan,0,,[NRSL_PHY_EVENT] event=PSSCH_DECODE_OK request_ids=9 txRnti=3 sender_l2_id=3 receiver_l2_id=1 harq_id=6 tb_size=400 tbler=0 sinr=-nan sinrMin=1e+11 reason=,000060,,leader_to_rsu,9,9,1
969,0,PHY,PSSCH_DECODE_OK,6,20,2,400,,,,6,-nan,0,,[NRSL_PHY_EVENT] event=PSSCH_DECODE_OK request_ids=6 txRnti=20 sender_l2_id=20 receiver_l2_id=2 harq_id=6 tb_size=400 tbler=0 sinr=-nan sinrMin=1e+11 reason=,000060,,member_to_leader,6,6,1
971,0,PHY,PSSCH_DECODE_OK,2,14,9,400,,,,6,-nan,0,,[NRSL_PHY_EVENT] event=PSSCH_DECODE_OK request_ids=2 txRnti=14 sender_l2_id=14 receiver_l2_id=9 harq_id=6 tb_size=400 tbler=0 sinr=-nan sinrMin=1e+11 reason=,000060,,member_to_leader,2,2,1
973,0,PHY,PSSCH_DECODE_OK,3,5,16,400,,,,6,-nan,0,,[NRSL_PHY_EVENT] event=PSSCH_DECODE_OK request_ids=3 txRnti=5 sender_l2_id=5 receiver_l2_id=16 harq_id=6 tb_size=400 tbler=0 sinr=-nan sinrMin=1e+11 reason=,000060,,member_to_leader,3,3,1
1075,0,PHY,PSSCH_DECODE_OK,10,21,1,400,,,,7,-nan,0,,[NRSL_PHY_EVENT] event=PSSCH_DECODE_OK request_ids=10 txRnti=21 sender_l2_id=21 receiver_l2_id=1 harq_id=7 tb_size=400 tbler=0 sinr=-nan sinrMin=1e+11 reason=,000060,,leader_to_rsu,10,10,1
1077,0,PHY,PSSCH_DECODE_OK,9,3,1,400,,,,7,-nan,0,,[NRSL_PHY_EVENT] event=PSSCH_DECODE_OK request_ids=9 txRnti=3 sender_l2_id=3 receiver_l2_id=1 harq_id=7 tb_size=400 tbler=0 sinr=-nan sinrMin=1e+11 reason=,000060,,leader_to_rsu,9,9,1
1079,0,PHY,PSSCH_DECODE_OK,6,20,2,275,,,,7,-nan,0,,[NRSL_PHY_EVENT] event=PSSCH_DECODE_OK request_ids=6 txRnti=20 sender_l2_id=20 receiver_l2_id=2 harq_id=7 tb_size=275 tbler=0 sinr=-nan sinrMin=1e+11 reason=,000060,,member_to_leader,6,6,1
1081,0,PHY,PSSCH_DECODE_OK,3,5,16,400,,,,7,-nan,0,,[NRSL_PHY_EVENT] event=PSSCH_DECODE_OK request_ids=3 txRnti=5 sender_l2_id=5 receiver_l2_id=16 harq_id=7 tb_size=400 tbler=0 sinr=-nan sinrMin=1e+11 reason=,000060,,member_to_leader,3,3,1
1083,0,PHY,PSSCH_DECODE_OK,1,14,17,400,,,,7,-nan,0,,[NRSL_PHY_EVENT] event=PSSCH_DECODE_OK request_ids=1 txRnti=14 sender_l2_id=14 receiver_l2_id=17 harq_id=7 tb_size=400 tbler=0 sinr=-nan sinrMin=1e+11 reason=,000060,,member_to_leader,1,1,1
1174,0,PHY,PSSCH_DECODE_OK,9,3,1,400,,,,8,-nan,0,,[NRSL_PHY_EVENT] event=PSSCH_DECODE_OK request_ids=9 txRnti=3 sender_l2_id=3 receiver_l2_id=1 harq_id=8 tb_size=400 tbler=0 sinr=-nan sinrMin=1e+11 reason=,000060,,leader_to_rsu,9,9,1
1176,0,PHY,PSSCH_DECODE_OK,2,14,9,400,,,,8,-nan,0,,[NRSL_PHY_EVENT] event=PSSCH_DECODE_OK request_ids=2 txRnti=14 sender_l2_id=14 receiver_l2_id=9 harq_id=8 tb_size=400 tbler=0 sinr=-nan sinrMin=1e+11 reason=,000060,,member_to_leader,2,2,1
1178,0,PHY,PSSCH_DECODE_OK,4,21,12,400,,,,8,-nan,0,,[NRSL_PHY_EVENT] event=PSSCH_DECODE_OK request_ids=4 txRnti=21 sender_l2_id=21 receiver_l2_id=12 harq_id=8 tb_size=400 tbler=0 sinr=-nan sinrMin=1e+11 reason=,000060,,member_to_leader,4,4,1
1180,0,PHY,PSSCH_DECODE_OK,3,5,16,400,,,,8,-nan,0,,[NRSL_PHY_EVENT] event=PSSCH_DECODE_OK request_ids=3 txRnti=5 sender_l2_id=5 receiver_l2_id=16 harq_id=8 tb_size=400 tbler=0 sinr=-nan sinrMin=1e+11 reason=,000060,,member_to_leader,3,3,1
1270,0,PHY,PSSCH_DECODE_OK,9,3,1,400,,,,9,-nan,0,,[NRSL_PHY_EVENT] event=PSSCH_DECODE_OK request_ids=9 txRnti=3 sender_l2_id=3 receiver_l2_id=1 harq_id=9 tb_size=400 tbler=0 sinr=-nan sinrMin=1e+11 reason=,000060,,leader_to_rsu,9,9,1
1272,0,PHY,PSSCH_DECODE_OK,3,5,16,400,,,,9,-nan,0,,[NRSL_PHY_EVENT] event=PSSCH_DECODE_OK request_ids=3 txRnti=5 sender_l2_id=5 receiver_l2_id=16 harq_id=9 tb_size=400 tbler=0 sinr=-nan sinrMin=1e+11 reason=,000060,,member_to_leader,3,3,1
1274,0,PHY,PSSCH_DECODE_OK,1,14,17,400,,,,9,-nan,0,,[NRSL_PHY_EVENT] event=PSSCH_DECODE_OK request_ids=1 txRnti=14 sender_l2_id=14 receiver_l2_id=17 harq_id=9 tb_size=400 tbler=0 sinr=-nan sinrMin=1e+11 reason=,000060,,member_to_leader,1,1,1
1359,0,PHY,PSSCH_DECODE_OK,10,21,1,400,,,,10,-nan,0,,[NRSL_PHY_EVENT] event=PSSCH_DECODE_OK request_ids=10 txRnti=21 sender_l2_id=21 receiver_l2_id=1 harq_id=10 tb_size=400 tbler=0 sinr=-nan sinrMin=1e+11 reason=,000060,,leader_to_rsu,10,10,1
1361,0,PHY,PSSCH_DECODE_OK,9,3,1,166,,,,10,-nan,0,,[NRSL_PHY_EVENT] event=PSSCH_DECODE_OK request_ids=9 txRnti=3 sender_l2_id=3 receiver_l2_id=1 harq_id=10 tb_size=166 tbler=0 sinr=-nan sinrMin=1e+11 reason=,000060,,leader_to_rsu,9,9,1
1363,0,PHY,PSSCH_DECODE_OK,2,14,9,400,,,,10,-nan,0,,[NRSL_PHY_EVENT] event=PSSCH_DECODE_OK request_ids=2 txRnti=14 sender_l2_id=14 receiver_l2_id=9 harq_id=10 tb_size=400 tbler=0 sinr=-nan sinrMin=1e+11 reason=,000060,,member_to_leader,2,2,1
1365,0,PHY,PSSCH_DECODE_OK,3,5,16,400,,,,10,-nan,0,,[NRSL_PHY_EVENT] event=PSSCH_DECODE_OK request_ids=3 txRnti=5 sender_l2_id=5 receiver_l2_id=16 harq_id=10 tb_size=400 tbler=0 sinr=-nan sinrMin=1e+11 reason=,000060,,member_to_leader,3,3,1
1437,0,PHY,PSSCH_DECODE_OK,4,21,12,400,,,,11,-nan,0,,[NRSL_PHY_EVENT] event=PSSCH_DECODE_OK request_ids=4 txRnti=21 sender_l2_id=21 receiver_l2_id=12 harq_id=11 tb_size=400 tbler=0 sinr=-nan sinrMin=1e+11 reason=,000060,,member_to_leader,4,4,1
1439,0,PHY,PSSCH_DECODE_OK,3,5,16,400,,,,11,-nan,0,,[NRSL_PHY_EVENT] event=PSSCH_DECODE_OK request_ids=3 txRnti=5 sender_l2_id=5 receiver_l2_id=16 harq_id=11 tb_size=400 tbler=0 sinr=-nan sinrMin=1e+11 reason=,000060,,member_to_leader,3,3,1
1441,0,PHY,PSSCH_DECODE_OK,1,14,17,400,,,,11,-nan,0,,[NRSL_PHY_EVENT] event=PSSCH_DECODE_OK request_ids=1 txRnti=14 sender_l2_id=14 receiver_l2_id=17 harq_id=11 tb_size=400 tbler=0 sinr=-nan sinrMin=1e+11 reason=,000060,,member_to_leader,1,1,1
1512,0,PHY,PSSCH_DECODE_OK,5,21,3,400,,,,12,-nan,0,,[NRSL_PHY_EVENT] event=PSSCH_DECODE_OK request_ids=5 txRnti=21 sender_l2_id=21 receiver_l2_id=3 harq_id=12 tb_size=400 tbler=0 sinr=-nan sinrMin=1e+11 reason=,000060,,member_to_leader,5,5,1
1514,0,PHY,PSSCH_DECODE_OK,2,14,9,400,,,,12,-nan,0,,[NRSL_PHY_EVENT] event=PSSCH_DECODE_OK request_ids=2 txRnti=14 sender_l2_id=14 receiver_l2_id=9 harq_id=12 tb_size=400 tbler=0 sinr=-nan sinrMin=1e+11 reason=,000060,,member_to_leader,2,2,1
1516,0,PHY,PSSCH_DECODE_OK,3,5,16,400,,,,12,-nan,0,,[NRSL_PHY_EVENT] event=PSSCH_DECODE_OK request_ids=3 txRnti=5 sender_l2_id=5 receiver_l2_id=16 harq_id=12 tb_size=400 tbler=0 sinr=-nan sinrMin=1e+11 reason=,000060,,member_to_leader,3,3,1
1587,0,PHY,PSSCH_DECODE_OK,10,21,1,400,,,,13,-nan,0,,[NRSL_PHY_EVENT] event=PSSCH_DECODE_OK request_ids=10 txRnti=21 sender_l2_id=21 receiver_l2_id=1 harq_id=13 tb_size=400 tbler=0 sinr=-nan sinrMin=1e+11 reason=,000060,,leader_to_rsu,10,10,1
1589,0,PHY,PSSCH_DECODE_OK,3,5,16,400,,,,13,-nan,0,,[NRSL_PHY_EVENT] event=PSSCH_DECODE_OK request_ids=3 txRnti=5 sender_l2_id=5 receiver_l2_id=16 harq_id=13 tb_size=400 tbler=0 sinr=-nan sinrMin=1e+11 reason=,000060,,member_to_leader,3,3,1
1591,0,PHY,PSSCH_DECODE_OK,1,14,17,400,,,,13,-nan,0,,[NRSL_PHY_EVENT] event=PSSCH_DECODE_OK request_ids=1 txRnti=14 sender_l2_id=14 receiver_l2_id=17 harq_id=13 tb_size=400 tbler=0 sinr=-nan sinrMin=1e+11 reason=,000060,,member_to_leader,1,1,1
1662,0,PHY,PSSCH_DECODE_OK,2,14,9,400,,,,14,-nan,0,,[NRSL_PHY_EVENT] event=PSSCH_DECODE_OK request_ids=2 txRnti=14 sender_l2_id=14 receiver_l2_id=9 harq_id=14 tb_size=400 tbler=0 sinr=-nan sinrMin=1e+11 reason=,000060,,member_to_leader,2,2,1
1664,0,PHY,PSSCH_DECODE_OK,4,21,12,400,,,,14,-nan,0,,[NRSL_PHY_EVENT] event=PSSCH_DECODE_OK request_ids=4 txRnti=21 sender_l2_id=21 receiver_l2_id=12 harq_id=14 tb_size=400 tbler=0 sinr=-nan sinrMin=1e+11 reason=,000060,,member_to_leader,4,4,1
1666,0,PHY,PSSCH_DECODE_OK,3,5,16,400,,,,14,-nan,0,,[NRSL_PHY_EVENT] event=PSSCH_DECODE_OK request_ids=3 txRnti=5 sender_l2_id=5 receiver_l2_id=16 harq_id=14 tb_size=400 tbler=0 sinr=-nan sinrMin=1e+11 reason=,000060,,member_to_leader,3,3,1
1734,0,PHY,PSSCH_DECODE_OK,5,21,3,400,,,,15,-nan,0,,[NRSL_PHY_EVENT] event=PSSCH_DECODE_OK request_ids=5 txRnti=21 sender_l2_id=21 receiver_l2_id=3 harq_id=15 tb_size=400 tbler=0 sinr=-nan sinrMin=1e+11 reason=,000060,,member_to_leader,5,5,1
1736,0,PHY,PSSCH_DECODE_OK,3,5,16,400,,,,15,-nan,0,,[NRSL_PHY_EVENT] event=PSSCH_DECODE_OK request_ids=3 txRnti=5 sender_l2_id=5 receiver_l2_id=16 harq_id=15 tb_size=400 tbler=0 sinr=-nan sinrMin=1e+11 reason=,000060,,member_to_leader,3,3,1
1738,0,PHY,PSSCH_DECODE_OK,1,14,17,400,,,,15,-nan,0,,[NRSL_PHY_EVENT] event=PSSCH_DECODE_OK request_ids=1 txRnti=14 sender_l2_id=14 receiver_l2_id=17 harq_id=15 tb_size=400 tbler=0 sinr=-nan sinrMin=1e+11 reason=,000060,,member_to_leader,1,1,1
1809,0,PHY,PSSCH_DECODE_OK,10,21,1,83,,,,0,-nan,0.0001,,[NRSL_PHY_EVENT] event=PSSCH_DECODE_OK request_ids=10 txRnti=21 sender_l2_id=21 receiver_l2_id=1 harq_id=0 tb_size=83 tbler=0.0001 sinr=-nan sinrMin=1e+11 reason=,000060,,leader_to_rsu,10,10,1
1811,0,PHY,PSSCH_DECODE_OK,2,14,9,400,,,,0,-nan,0,,[NRSL_PHY_EVENT] event=PSSCH_DECODE_OK request_ids=2 txRnti=14 sender_l2_id=14 receiver_l2_id=9 harq_id=0 tb_size=400 tbler=0 sinr=-nan sinrMin=1e+11 reason=,000060,,member_to_leader,2,2,1
1813,0,PHY,PSSCH_DECODE_OK,3,5,16,400,,,,0,-nan,0,,[NRSL_PHY_EVENT] event=PSSCH_DECODE_OK request_ids=3 txRnti=5 sender_l2_id=5 receiver_l2_id=16 harq_id=0 tb_size=400 tbler=0 sinr=-nan sinrMin=1e+11 reason=,000060,,member_to_leader,3,3,1
1884,0,PHY,PSSCH_DECODE_OK,4,21,12,400,,,,1,-nan,0,,[NRSL_PHY_EVENT] event=PSSCH_DECODE_OK request_ids=4 txRnti=21 sender_l2_id=21 receiver_l2_id=12 harq_id=1 tb_size=400 tbler=0 sinr=-nan sinrMin=1e+11 reason=,000060,,member_to_leader,4,4,1
1886,0,PHY,PSSCH_DECODE_OK,3,5,16,400,,,,1,-nan,0,,[NRSL_PHY_EVENT] event=PSSCH_DECODE_OK request_ids=3 txRnti=5 sender_l2_id=5 receiver_l2_id=16 harq_id=1 tb_size=400 tbler=0 sinr=-nan sinrMin=1e+11 reason=,000060,,member_to_leader,3,3,1
1888,0,PHY,PSSCH_DECODE_OK,1,14,17,400,,,,1,-nan,0,,[NRSL_PHY_EVENT] event=PSSCH_DECODE_OK request_ids=1 txRnti=14 sender_l2_id=14 receiver_l2_id=17 harq_id=1 tb_size=400 tbler=0 sinr=-nan sinrMin=1e+11 reason=,000060,,member_to_leader,1,1,1
1959,0,PHY,PSSCH_DECODE_OK,5,21,3,400,,,,2,-nan,0,,[NRSL_PHY_EVENT] event=PSSCH_DECODE_OK request_ids=5 txRnti=21 sender_l2_id=21 receiver_l2_id=3 harq_id=2 tb_size=400 tbler=0 sinr=-nan sinrMin=1e+11 reason=,000060,,member_to_leader,5,5,1
1961,0,PHY,PSSCH_DECODE_OK,2,14,9,400,,,,2,-nan,0,,[NRSL_PHY_EVENT] event=PSSCH_DECODE_OK request_ids=2 txRnti=14 sender_l2_id=14 receiver_l2_id=9 harq_id=2 tb_size=400 tbler=0 sinr=-nan sinrMin=1e+11 reason=,000060,,member_to_leader,2,2,1
1963,0,PHY,PSSCH_DECODE_OK,3,5,16,400,,,,2,-nan,0,,[NRSL_PHY_EVENT] event=PSSCH_DECODE_OK request_ids=3 txRnti=5 sender_l2_id=5 receiver_l2_id=16 harq_id=2 tb_size=400 tbler=0 sinr=-nan sinrMin=1e+11 reason=,000060,,member_to_leader,3,3,1
2031,0,PHY,PSSCH_DECODE_OK,4,21,12,400,,,,3,-nan,0,,[NRSL_PHY_EVENT] event=PSSCH_DECODE_OK request_ids=4 txRnti=21 sender_l2_id=21 receiver_l2_id=12 harq_id=3 tb_size=400 tbler=0 sinr=-nan sinrMin=1e+11 reason=,000060,,member_to_leader,4,4,1
2033,0,PHY,PSSCH_DECODE_OK,3,5,16,400,,,,3,-nan,0,,[NRSL_PHY_EVENT] event=PSSCH_DECODE_OK request_ids=3 txRnti=5 sender_l2_id=5 receiver_l2_id=16 harq_id=3 tb_size=400 tbler=0 sinr=-nan sinrMin=1e+11 reason=,000060,,member_to_leader,3,3,1
2035,0,PHY,PSSCH_DECODE_OK,1,14,17,400,,,,3,-nan,0,,[NRSL_PHY_EVENT] event=PSSCH_DECODE_OK request_ids=1 txRnti=14 sender_l2_id=14 receiver_l2_id=17 harq_id=3 tb_size=400 tbler=0 sinr=-nan sinrMin=1e+11 reason=,000060,,member_to_leader,1,1,1
2106,0,PHY,PSSCH_DECODE_OK,5,21,3,355,,,,4,-nan,0,,[NRSL_PHY_EVENT] event=PSSCH_DECODE_OK request_ids=5 txRnti=21 sender_l2_id=21 receiver_l2_id=3 harq_id=4 tb_size=355 tbler=0 sinr=-nan sinrMin=1e+11 reason=,000060,,member_to_leader,5,5,1
2108,0,PHY,PSSCH_DECODE_OK,2,14,9,400,,,,4,-nan,0,,[NRSL_PHY_EVENT] event=PSSCH_DECODE_OK request_ids=2 txRnti=14 sender_l2_id=14 receiver_l2_id=9 harq_id=4 tb_size=400 tbler=0 sinr=-nan sinrMin=1e+11 reason=,000060,,member_to_leader,2,2,1
2110,0,PHY,PSSCH_DECODE_OK,3,5,16,400,,,,4,-nan,0,,[NRSL_PHY_EVENT] event=PSSCH_DECODE_OK request_ids=3 txRnti=5 sender_l2_id=5 receiver_l2_id=16 harq_id=4 tb_size=400 tbler=0 sinr=-nan sinrMin=1e+11 reason=,000060,,member_to_leader,3,3,1
2181,0,PHY,PSSCH_DECODE_OK,4,21,12,400,,,,5,-nan,0,,[NRSL_PHY_EVENT] event=PSSCH_DECODE_OK request_ids=4 txRnti=21 sender_l2_id=21 receiver_l2_id=12 harq_id=5 tb_size=400 tbler=0 sinr=-nan sinrMin=1e+11 reason=,000060,,member_to_leader,4,4,1
2183,0,PHY,PSSCH_DECODE_OK,3,5,16,400,,,,5,-nan,0,,[NRSL_PHY_EVENT] event=PSSCH_DECODE_OK request_ids=3 txRnti=5 sender_l2_id=5 receiver_l2_id=16 harq_id=5 tb_size=400 tbler=0 sinr=-nan sinrMin=1e+11 reason=,000060,,member_to_leader,3,3,1
2185,0,PHY,PSSCH_DECODE_OK,1,14,17,400,,,,5,-nan,0,,[NRSL_PHY_EVENT] event=PSSCH_DECODE_OK request_ids=1 txRnti=14 sender_l2_id=14 receiver_l2_id=17 harq_id=5 tb_size=400 tbler=0 sinr=-nan sinrMin=1e+11 reason=,000060,,member_to_leader,1,1,1
2256,0,PHY,PSSCH_DECODE_OK,2,14,9,400,,,,6,-nan,0,,[NRSL_PHY_EVENT] event=PSSCH_DECODE_OK request_ids=2 txRnti=14 sender_l2_id=14 receiver_l2_id=9 harq_id=6 tb_size=400 tbler=0 sinr=-nan sinrMin=1e+11 reason=,000060,,member_to_leader,2,2,1
2258,0,PHY,PSSCH_DECODE_OK,4,21,12,400,,,,6,-nan,0,,[NRSL_PHY_EVENT] event=PSSCH_DECODE_OK request_ids=4 txRnti=21 sender_l2_id=21 receiver_l2_id=12 harq_id=6 tb_size=400 tbler=0 sinr=-nan sinrMin=1e+11 reason=,000060,,member_to_leader,4,4,1
2260,0,PHY,PSSCH_DECODE_OK,3,5,16,400,,,,6,-nan,0,,[NRSL_PHY_EVENT] event=PSSCH_DECODE_OK request_ids=3 txRnti=5 sender_l2_id=5 receiver_l2_id=16 harq_id=6 tb_size=400 tbler=0 sinr=-nan sinrMin=1e+11 reason=,000060,,member_to_leader,3,3,1
2331,0,PHY,PSSCH_DECODE_OK,4,21,12,400,,,,7,-nan,0,,[NRSL_PHY_EVENT] event=PSSCH_DECODE_OK request_ids=4 txRnti=21 sender_l2_id=21 receiver_l2_id=12 harq_id=7 tb_size=400 tbler=0 sinr=-nan sinrMin=1e+11 reason=,000060,,member_to_leader,4,4,1
2333,0,PHY,PSSCH_DECODE_OK,3,5,16,400,,,,7,-nan,0,,[NRSL_PHY_EVENT] event=PSSCH_DECODE_OK request_ids=3 txRnti=5 sender_l2_id=5 receiver_l2_id=16 harq_id=7 tb_size=400 tbler=0 sinr=-nan sinrMin=1e+11 reason=,000060,,member_to_leader,3,3,1
2335,0,PHY,PSSCH_DECODE_OK,1,14,17,400,,,,7,-nan,0,,[NRSL_PHY_EVENT] event=PSSCH_DECODE_OK request_ids=1 txRnti=14 sender_l2_id=14 receiver_l2_id=17 harq_id=7 tb_size=400 tbler=0 sinr=-nan sinrMin=1e+11 reason=,000060,,member_to_leader,1,1,1
2408,0,PHY,PSSCH_DECODE_OK,2,14,9,400,,,,8,-nan,0,,[NRSL_PHY_EVENT] event=PSSCH_DECODE_OK request_ids=2 txRnti=14 sender_l2_id=14 receiver_l2_id=9 harq_id=8 tb_size=400 tbler=0 sinr=-nan sinrMin=1e+11 reason=,000060,,member_to_leader,2,2,1
2410,0,PHY,PSSCH_DECODE_OK,4,21,12,400,,,,8,-nan,0,,[NRSL_PHY_EVENT] event=PSSCH_DECODE_OK request_ids=4 txRnti=21 sender_l2_id=21 receiver_l2_id=12 harq_id=8 tb_size=400 tbler=0 sinr=-nan sinrMin=1e+11 reason=,000060,,member_to_leader,4,4,1
2412,0,PHY,PSSCH_DECODE_OK,3,5,16,400,,,,8,-nan,0,,[NRSL_PHY_EVENT] event=PSSCH_DECODE_OK request_ids=3 txRnti=5 sender_l2_id=5 receiver_l2_id=16 harq_id=8 tb_size=400 tbler=0 sinr=-nan sinrMin=1e+11 reason=,000060,,member_to_leader,3,3,1
2483,0,PHY,PSSCH_DECODE_OK,4,21,12,400,,,,9,-nan,0,,[NRSL_PHY_EVENT] event=PSSCH_DECODE_OK request_ids=4 txRnti=21 sender_l2_id=21 receiver_l2_id=12 harq_id=9 tb_size=400 tbler=0 sinr=-nan sinrMin=1e+11 reason=,000060,,member_to_leader,4,4,1
2485,0,PHY,PSSCH_DECODE_OK,3,5,16,400,,,,9,-nan,0,,[NRSL_PHY_EVENT] event=PSSCH_DECODE_OK request_ids=3 txRnti=5 sender_l2_id=5 receiver_l2_id=16 harq_id=9 tb_size=400 tbler=0 sinr=-nan sinrMin=1e+11 reason=,000060,,member_to_leader,3,3,1
2487,0,PHY,PSSCH_DECODE_OK,1,14,17,400,,,,9,-nan,0,,[NRSL_PHY_EVENT] event=PSSCH_DECODE_OK request_ids=1 txRnti=14 sender_l2_id=14 receiver_l2_id=17 harq_id=9 tb_size=400 tbler=0 sinr=-nan sinrMin=1e+11 reason=,000060,,member_to_leader,1,1,1
2569,0,PHY,PSSCH_DECODE_OK,2,14,9,400,,,,10,-nan,0,,[NRSL_PHY_EVENT] event=PSSCH_DECODE_OK request_ids=2 txRnti=14 sender_l2_id=14 receiver_l2_id=9 harq_id=10 tb_size=400 tbler=0 sinr=-nan sinrMin=1e+11 reason=,000060,,member_to_leader,2,2,1
2571,0,PHY,PSSCH_DECODE_OK,4,21,12,400,,,,10,-nan,0,,[NRSL_PHY_EVENT] event=PSSCH_DECODE_OK request_ids=4 txRnti=21 sender_l2_id=21 receiver_l2_id=12 harq_id=10 tb_size=400 tbler=0 sinr=-nan sinrMin=1e+11 reason=,000060,,member_to_leader,4,4,1
2573,0,PHY,PSSCH_DECODE_OK,7,5,16,400,,,,10,-nan,0,,[NRSL_PHY_EVENT] event=PSSCH_DECODE_OK request_ids=7 txRnti=5 sender_l2_id=5 receiver_l2_id=16 harq_id=10 tb_size=400 tbler=0 sinr=-nan sinrMin=1e+11 reason=,000060,,member_to_leader,7,7,1
2658,0,PHY,PSSCH_DECODE_OK,6,20,2,16,,,,8,-nan,0,,[NRSL_PHY_EVENT] event=PSSCH_DECODE_OK request_ids=6 txRnti=20 sender_l2_id=20 receiver_l2_id=2 harq_id=8 tb_size=16 tbler=0 sinr=-nan sinrMin=1e+11 reason=,000060,,member_to_leader,6,6,1
2660,0,PHY,PSSCH_DECODE_OK,4,21,12,400,,,,11,-nan,0,,[NRSL_PHY_EVENT] event=PSSCH_DECODE_OK request_ids=4 txRnti=21 sender_l2_id=21 receiver_l2_id=12 harq_id=11 tb_size=400 tbler=0 sinr=-nan sinrMin=1e+11 reason=,000060,,member_to_leader,4,4,1
2662,0,PHY,PSSCH_DECODE_OK,7,5,16,400,,,,11,-nan,0,,[NRSL_PHY_EVENT] event=PSSCH_DECODE_OK request_ids=7 txRnti=5 sender_l2_id=5 receiver_l2_id=16 harq_id=11 tb_size=400 tbler=0 sinr=-nan sinrMin=1e+11 reason=,000060,,member_to_leader,7,7,1
2664,0,PHY,PSSCH_DECODE_OK,1,14,17,400,,,,11,-nan,0,,[NRSL_PHY_EVENT] event=PSSCH_DECODE_OK request_ids=1 txRnti=14 sender_l2_id=14 receiver_l2_id=17 harq_id=11 tb_size=400 tbler=0 sinr=-nan sinrMin=1e+11 reason=,000060,,member_to_leader,1,1,1
2741,0,PHY,PSSCH_DECODE_OK,2,14,9,400,,,,12,-nan,0,,[NRSL_PHY_EVENT] event=PSSCH_DECODE_OK request_ids=2 txRnti=14 sender_l2_id=14 receiver_l2_id=9 harq_id=12 tb_size=400 tbler=0 sinr=-nan sinrMin=1e+11 reason=,000060,,member_to_leader,2,2,1
2743,0,PHY,PSSCH_DECODE_OK,4,21,12,400,,,,12,-nan,0,,[NRSL_PHY_EVENT] event=PSSCH_DECODE_OK request_ids=4 txRnti=21 sender_l2_id=21 receiver_l2_id=12 harq_id=12 tb_size=400 tbler=0 sinr=-nan sinrMin=1e+11 reason=,000060,,member_to_leader,4,4,1
2745,0,PHY,PSSCH_DECODE_OK,7,5,16,400,,,,12,-nan,0,,[NRSL_PHY_EVENT] event=PSSCH_DECODE_OK request_ids=7 txRnti=5 sender_l2_id=5 receiver_l2_id=16 harq_id=12 tb_size=400 tbler=0 sinr=-nan sinrMin=1e+11 reason=,000060,,member_to_leader,7,7,1
2816,0,PHY,PSSCH_DECODE_OK,4,21,12,400,,,,13,-nan,0,,[NRSL_PHY_EVENT] event=PSSCH_DECODE_OK request_ids=4 txRnti=21 sender_l2_id=21 receiver_l2_id=12 harq_id=13 tb_size=400 tbler=0 sinr=-nan sinrMin=1e+11 reason=,000060,,member_to_leader,4,4,1
2818,0,PHY,PSSCH_DECODE_OK,7,5,16,400,,,,13,-nan,0,,[NRSL_PHY_EVENT] event=PSSCH_DECODE_OK request_ids=7 txRnti=5 sender_l2_id=5 receiver_l2_id=16 harq_id=13 tb_size=400 tbler=0 sinr=-nan sinrMin=1e+11 reason=,000060,,member_to_leader,7,7,1
2820,0,PHY,PSSCH_DECODE_OK,1,14,17,400,,,,13,-nan,0,,[NRSL_PHY_EVENT] event=PSSCH_DECODE_OK request_ids=1 txRnti=14 sender_l2_id=14 receiver_l2_id=17 harq_id=13 tb_size=400 tbler=0 sinr=-nan sinrMin=1e+11 reason=,000060,,member_to_leader,1,1,1
2901,0,PHY,PSSCH_DECODE_OK,9,3,1,22,,,,11,-nan,0,,[NRSL_PHY_EVENT] event=PSSCH_DECODE_OK request_ids=9 txRnti=3 sender_l2_id=3 receiver_l2_id=1 harq_id=11 tb_size=22 tbler=0 sinr=-nan sinrMin=1e+11 reason=,000060,,leader_to_rsu,9,9,1
2903,0,PHY,PSSCH_DECODE_OK,2,14,9,400,,,,14,-nan,0,,[NRSL_PHY_EVENT] event=PSSCH_DECODE_OK request_ids=2 txRnti=14 sender_l2_id=14 receiver_l2_id=9 harq_id=14 tb_size=400 tbler=0 sinr=-nan sinrMin=1e+11 reason=,000060,,member_to_leader,2,2,1
2905,0,PHY,PSSCH_DECODE_OK,4,21,12,3,,,,14,-nan,0,,[NRSL_PHY_EVENT] event=PSSCH_DECODE_OK request_ids=4 txRnti=21 sender_l2_id=21 receiver_l2_id=12 harq_id=14 tb_size=3 tbler=0 sinr=-nan sinrMin=1e+11 reason=,000060,,member_to_leader,4,4,1
2907,0,PHY,PSSCH_DECODE_OK,7,5,16,400,,,,14,-nan,0,,[NRSL_PHY_EVENT] event=PSSCH_DECODE_OK request_ids=7 txRnti=5 sender_l2_id=5 receiver_l2_id=16 harq_id=14 tb_size=400 tbler=0 sinr=-nan sinrMin=1e+11 reason=,000060,,member_to_leader,7,7,1
2964,0,PHY,PSSCH_DECODE_OK,7,5,16,400,,,,15,-nan,0,,[NRSL_PHY_EVENT] event=PSSCH_DECODE_OK request_ids=7 txRnti=5 sender_l2_id=5 receiver_l2_id=16 harq_id=15 tb_size=400 tbler=0 sinr=-nan sinrMin=1e+11 reason=,000060,,member_to_leader,7,7,1
2966,0,PHY,PSSCH_DECODE_OK,1,14,17,400,,,,15,-nan,0,,[NRSL_PHY_EVENT] event=PSSCH_DECODE_OK request_ids=1 txRnti=14 sender_l2_id=14 receiver_l2_id=17 harq_id=15 tb_size=400 tbler=0 sinr=-nan sinrMin=1e+11 reason=,000060,,member_to_leader,1,1,1
3012,0,PHY,PSSCH_DECODE_OK,2,14,9,400,,,,0,-nan,0,,[NRSL_PHY_EVENT] event=PSSCH_DECODE_OK request_ids=2 txRnti=14 sender_l2_id=14 receiver_l2_id=9 harq_id=0 tb_size=400 tbler=0 sinr=-nan sinrMin=1e+11 reason=,000060,,member_to_leader,2,2,1
3014,0,PHY,PSSCH_DECODE_OK,7,5,16,38,,,,0,-nan,0,,[NRSL_PHY_EVENT] event=PSSCH_DECODE_OK request_ids=7 txRnti=5 sender_l2_id=5 receiver_l2_id=16 harq_id=0 tb_size=38 tbler=0 sinr=-nan sinrMin=1e+11 reason=,000060,,member_to_leader,7,7,1
3042,0,PHY,PSSCH_DECODE_OK,1,14,17,400,,,,1,-nan,0,,[NRSL_PHY_EVENT] event=PSSCH_DECODE_OK request_ids=1 txRnti=14 sender_l2_id=14 receiver_l2_id=17 harq_id=1 tb_size=400 tbler=0 sinr=-nan sinrMin=1e+11 reason=,000060,,member_to_leader,1,1,1
3075,0,PHY,PSSCH_DECODE_OK,2,14,9,400,,,,2,-nan,0,,[NRSL_PHY_EVENT] event=PSSCH_DECODE_OK request_ids=2 txRnti=14 sender_l2_id=14 receiver_l2_id=9 harq_id=2 tb_size=400 tbler=0 sinr=-nan sinrMin=1e+11 reason=,000060,,member_to_leader,2,2,1
3120,0,PHY,PSSCH_DECODE_OK,10,21,1,12,,,,15,-nan,0.0005,,[NRSL_PHY_EVENT] event=PSSCH_DECODE_OK request_ids=10 txRnti=21 sender_l2_id=21 receiver_l2_id=1 harq_id=15 tb_size=12 tbler=0.0005 sinr=-nan sinrMin=1e+11 reason=,000060,,leader_to_rsu,10,10,1
3122,0,PHY,PSSCH_DECODE_OK,1,14,17,400,,,,3,-nan,0,,[NRSL_PHY_EVENT] event=PSSCH_DECODE_OK request_ids=1 txRnti=14 sender_l2_id=14 receiver_l2_id=17 harq_id=3 tb_size=400 tbler=0 sinr=-nan sinrMin=1e+11 reason=,000060,,member_to_leader,1,1,1
3155,0,PHY,PSSCH_DECODE_OK,2,14,9,400,,,,4,-nan,0,,[NRSL_PHY_EVENT] event=PSSCH_DECODE_OK request_ids=2 txRnti=14 sender_l2_id=14 receiver_l2_id=9 harq_id=4 tb_size=400 tbler=0 sinr=-nan sinrMin=1e+11 reason=,000060,,member_to_leader,2,2,1
3182,0,PHY,PSSCH_DECODE_OK,1,14,17,400,,,,5,-nan,0,,[NRSL_PHY_EVENT] event=PSSCH_DECODE_OK request_ids=1 txRnti=14 sender_l2_id=14 receiver_l2_id=17 harq_id=5 tb_size=400 tbler=0 sinr=-nan sinrMin=1e+11 reason=,000060,,member_to_leader,1,1,1
3215,0,PHY,PSSCH_DECODE_OK,2,14,9,400,,,,6,-nan,0,,[NRSL_PHY_EVENT] event=PSSCH_DECODE_OK request_ids=2 txRnti=14 sender_l2_id=14 receiver_l2_id=9 harq_id=6 tb_size=400 tbler=0 sinr=-nan sinrMin=1e+11 reason=,000060,,member_to_leader,2,2,1
3260,0,PHY,PSSCH_DECODE_OK,5,21,3,16,,,,0,-nan,0,,[NRSL_PHY_EVENT] event=PSSCH_DECODE_OK request_ids=5 txRnti=21 sender_l2_id=21 receiver_l2_id=3 harq_id=0 tb_size=16 tbler=0 sinr=-nan sinrMin=1e+11 reason=,000060,,member_to_leader,5,5,1
3262,0,PHY,PSSCH_DECODE_OK,1,14,17,400,,,,7,-nan,0,,[NRSL_PHY_EVENT] event=PSSCH_DECODE_OK request_ids=1 txRnti=14 sender_l2_id=14 receiver_l2_id=17 harq_id=7 tb_size=400 tbler=0 sinr=-nan sinrMin=1e+11 reason=,000060,,member_to_leader,1,1,1
3290,0,PHY,PSSCH_DECODE_OK,2,14,9,400,,,,8,-nan,0,,[NRSL_PHY_EVENT] event=PSSCH_DECODE_OK request_ids=2 txRnti=14 sender_l2_id=14 receiver_l2_id=9 harq_id=8 tb_size=400 tbler=0 sinr=-nan sinrMin=1e+11 reason=,000060,,member_to_leader,2,2,1
3317,0,PHY,PSSCH_DECODE_OK,1,14,17,400,,,,9,-nan,0,,[NRSL_PHY_EVENT] event=PSSCH_DECODE_OK request_ids=1 txRnti=14 sender_l2_id=14 receiver_l2_id=17 harq_id=9 tb_size=400 tbler=0 sinr=-nan sinrMin=1e+11 reason=,000060,,member_to_leader,1,1,1
3344,0,PHY,PSSCH_DECODE_OK,2,14,9,400,,,,10,-nan,0,,[NRSL_PHY_EVENT] event=PSSCH_DECODE_OK request_ids=2 txRnti=14 sender_l2_id=14 receiver_l2_id=9 harq_id=10 tb_size=400 tbler=0 sinr=-nan sinrMin=1e+11 reason=,000060,,member_to_leader,2,2,1
3371,0,PHY,PSSCH_DECODE_OK,1,14,17,400,,,,11,-nan,0,,[NRSL_PHY_EVENT] event=PSSCH_DECODE_OK request_ids=1 txRnti=14 sender_l2_id=14 receiver_l2_id=17 harq_id=11 tb_size=400 tbler=0 sinr=-nan sinrMin=1e+11 reason=,000060,,member_to_leader,1,1,1
3398,0,PHY,PSSCH_DECODE_OK,2,14,9,400,,,,12,-nan,0,,[NRSL_PHY_EVENT] event=PSSCH_DECODE_OK request_ids=2 txRnti=14 sender_l2_id=14 receiver_l2_id=9 harq_id=12 tb_size=400 tbler=0 sinr=-nan sinrMin=1e+11 reason=,000060,,member_to_leader,2,2,1
3425,0,PHY,PSSCH_DECODE_OK,1,14,17,400,,,,13,-nan,0,,[NRSL_PHY_EVENT] event=PSSCH_DECODE_OK request_ids=1 txRnti=14 sender_l2_id=14 receiver_l2_id=17 harq_id=13 tb_size=400 tbler=0 sinr=-nan sinrMin=1e+11 reason=,000060,,member_to_leader,1,1,1
3452,0,PHY,PSSCH_DECODE_OK,2,14,9,400,,,,14,-nan,0,,[NRSL_PHY_EVENT] event=PSSCH_DECODE_OK request_ids=2 txRnti=14 sender_l2_id=14 receiver_l2_id=9 harq_id=14 tb_size=400 tbler=0 sinr=-nan sinrMin=1e+11 reason=,000060,,member_to_leader,2,2,1
3479,0,PHY,PSSCH_DECODE_OK,1,14,17,400,,,,15,-nan,0,,[NRSL_PHY_EVENT] event=PSSCH_DECODE_OK request_ids=1 txRnti=14 sender_l2_id=14 receiver_l2_id=17 harq_id=15 tb_size=400 tbler=0 sinr=-nan sinrMin=1e+11 reason=,000060,,member_to_leader,1,1,1
3512,0,PHY,PSSCH_DECODE_OK,2,14,9,400,,,,0,-nan,0,,[NRSL_PHY_EVENT] event=PSSCH_DECODE_OK request_ids=2 txRnti=14 sender_l2_id=14 receiver_l2_id=9 harq_id=0 tb_size=400 tbler=0 sinr=-nan sinrMin=1e+11 reason=,000060,,member_to_leader,2,2,1
3557,0,PHY,PSSCH_DECODE_OK,4,21,12,34,,,,1,-nan,0,,[NRSL_PHY_EVENT] event=PSSCH_DECODE_OK request_ids=4 txRnti=21 sender_l2_id=21 receiver_l2_id=12 harq_id=1 tb_size=34 tbler=0 sinr=-nan sinrMin=1e+11 reason=,000060,,member_to_leader,4,4,1
3559,0,PHY,PSSCH_DECODE_OK,1,14,17,400,,,,1,-nan,0,,[NRSL_PHY_EVENT] event=PSSCH_DECODE_OK request_ids=1 txRnti=14 sender_l2_id=14 receiver_l2_id=17 harq_id=1 tb_size=400 tbler=0 sinr=-nan sinrMin=1e+11 reason=,000060,,member_to_leader,1,1,1
3592,0,PHY,PSSCH_DECODE_OK,2,14,9,400,,,,2,-nan,0,,[NRSL_PHY_EVENT] event=PSSCH_DECODE_OK request_ids=2 txRnti=14 sender_l2_id=14 receiver_l2_id=9 harq_id=2 tb_size=400 tbler=0 sinr=-nan sinrMin=1e+11 reason=,000060,,member_to_leader,2,2,1
3623,0,PHY,PSSCH_DECODE_OK,1,14,17,400,,,,3,-nan,0,,[NRSL_PHY_EVENT] event=PSSCH_DECODE_OK request_ids=1 txRnti=14 sender_l2_id=14 receiver_l2_id=17 harq_id=3 tb_size=400 tbler=0 sinr=-nan sinrMin=1e+11 reason=,000060,,member_to_leader,1,1,1
3668,0,PHY,PSSCH_DECODE_OK,2,14,9,400,,,,4,-nan,0,,[NRSL_PHY_EVENT] event=PSSCH_DECODE_OK request_ids=2 txRnti=14 sender_l2_id=14 receiver_l2_id=9 harq_id=4 tb_size=400 tbler=0 sinr=-nan sinrMin=1e+11 reason=,000060,,member_to_leader,2,2,1
3670,0,PHY,PSSCH_DECODE_OK,7,5,16,66,,,,1,-nan,0.0001,,[NRSL_PHY_EVENT] event=PSSCH_DECODE_OK request_ids=7 txRnti=5 sender_l2_id=5 receiver_l2_id=16 harq_id=1 tb_size=66 tbler=0.0001 sinr=-nan sinrMin=1e+11 reason=,000060,,member_to_leader,7,7,1
3703,0,PHY,PSSCH_DECODE_OK,1,14,17,400,,,,5,-nan,0,,[NRSL_PHY_EVENT] event=PSSCH_DECODE_OK request_ids=1 txRnti=14 sender_l2_id=14 receiver_l2_id=17 harq_id=5 tb_size=400 tbler=0 sinr=-nan sinrMin=1e+11 reason=,000060,,member_to_leader,1,1,1
3730,0,PHY,PSSCH_DECODE_OK,2,14,9,400,,,,6,-nan,0,,[NRSL_PHY_EVENT] event=PSSCH_DECODE_OK request_ids=2 txRnti=14 sender_l2_id=14 receiver_l2_id=9 harq_id=6 tb_size=400 tbler=0 sinr=-nan sinrMin=1e+11 reason=,000060,,member_to_leader,2,2,1
3757,0,PHY,PSSCH_DECODE_OK,1,14,17,400,,,,7,-nan,0,,[NRSL_PHY_EVENT] event=PSSCH_DECODE_OK request_ids=1 txRnti=14 sender_l2_id=14 receiver_l2_id=17 harq_id=7 tb_size=400 tbler=0 sinr=-nan sinrMin=1e+11 reason=,000060,,member_to_leader,1,1,1
3784,0,PHY,PSSCH_DECODE_OK,2,14,9,400,,,,8,-nan,0,,[NRSL_PHY_EVENT] event=PSSCH_DECODE_OK request_ids=2 txRnti=14 sender_l2_id=14 receiver_l2_id=9 harq_id=8 tb_size=400 tbler=0 sinr=-nan sinrMin=1e+11 reason=,000060,,member_to_leader,2,2,1
3811,0,PHY,PSSCH_DECODE_OK,1,14,17,400,,,,9,-nan,0,,[NRSL_PHY_EVENT] event=PSSCH_DECODE_OK request_ids=1 txRnti=14 sender_l2_id=14 receiver_l2_id=17 harq_id=9 tb_size=400 tbler=0 sinr=-nan sinrMin=1e+11 reason=,000060,,member_to_leader,1,1,1
3838,0,PHY,PSSCH_DECODE_OK,2,14,9,400,,,,10,-nan,0,,[NRSL_PHY_EVENT] event=PSSCH_DECODE_OK request_ids=2 txRnti=14 sender_l2_id=14 receiver_l2_id=9 harq_id=10 tb_size=400 tbler=0 sinr=-nan sinrMin=1e+11 reason=,000060,,member_to_leader,2,2,1
3862,0,PHY,PSSCH_DECODE_OK,1,14,17,400,,,,11,-nan,0,,[NRSL_PHY_EVENT] event=PSSCH_DECODE_OK request_ids=1 txRnti=14 sender_l2_id=14 receiver_l2_id=17 harq_id=11 tb_size=400 tbler=0 sinr=-nan sinrMin=1e+11 reason=,000060,,member_to_leader,1,1,1
3889,0,PHY,PSSCH_DECODE_OK,2,14,9,275,,,,12,-nan,0,,[NRSL_PHY_EVENT] event=PSSCH_DECODE_OK request_ids=2 txRnti=14 sender_l2_id=14 receiver_l2_id=9 harq_id=12 tb_size=275 tbler=0 sinr=-nan sinrMin=1e+11 reason=,000060,,member_to_leader,2,2,1
3916,0,PHY,PSSCH_DECODE_OK,1,14,17,400,,,,13,-nan,0,,[NRSL_PHY_EVENT] event=PSSCH_DECODE_OK request_ids=1 txRnti=14 sender_l2_id=14 receiver_l2_id=17 harq_id=13 tb_size=400 tbler=0 sinr=-nan sinrMin=1e+11 reason=,000060,,member_to_leader,1,1,1
3943,0,PHY,PSSCH_DECODE_OK,1,14,17,400,,,,14,-nan,0,,[NRSL_PHY_EVENT] event=PSSCH_DECODE_OK request_ids=1 txRnti=14 sender_l2_id=14 receiver_l2_id=17 harq_id=14 tb_size=400 tbler=0 sinr=-nan sinrMin=1e+11 reason=,000060,,member_to_leader,1,1,1
3966,0,PHY,PSSCH_DECODE_OK,1,14,17,400,,,,15,-nan,0,,[NRSL_PHY_EVENT] event=PSSCH_DECODE_OK request_ids=1 txRnti=14 sender_l2_id=14 receiver_l2_id=17 harq_id=15 tb_size=400 tbler=0 sinr=-nan sinrMin=1e+11 reason=,000060,,member_to_leader,1,1,1
3989,0,PHY,PSSCH_DECODE_OK,1,14,17,67,,,,0,-nan,0.0001,,[NRSL_PHY_EVENT] event=PSSCH_DECODE_OK request_ids=1 txRnti=14 sender_l2_id=14 receiver_l2_id=17 harq_id=0 tb_size=67 tbler=0.0001 sinr=-nan sinrMin=1e+11 reason=,000060,,member_to_leader,1,1,1
4018,0,PHY,PSSCH_DECODE_OK,2,14,9,62,,,,1,-nan,0.0001,,[NRSL_PHY_EVENT] event=PSSCH_DECODE_OK request_ids=2 txRnti=14 sender_l2_id=14 receiver_l2_id=9 harq_id=1 tb_size=62 tbler=0.0001 sinr=-nan sinrMin=1e+11 reason=,000060,,member_to_leader,2,2,1
4052,0,PHY,PSSCH_DECODE_OK,1,14,17,68,,,,2,-nan,0.0001,,[NRSL_PHY_EVENT] event=PSSCH_DECODE_OK request_ids=1 txRnti=14 sender_l2_id=14 receiver_l2_id=17 harq_id=2 tb_size=68 tbler=0.0001 sinr=-nan sinrMin=1e+11 reason=,000060,,member_to_leader,1,1,1
4256,1,PHY,PSSCH_DECODE_OK,18,3,1,400,,,,12,-nan,0,,[NRSL_PHY_EVENT] event=PSSCH_DECODE_OK request_ids=18 txRnti=3 sender_l2_id=3 receiver_l2_id=1 harq_id=12 tb_size=400 tbler=0 sinr=-nan sinrMin=1e+11 reason=,000062,,leader_to_rsu,18,18,1
4258,1,PHY,PSSCH_DECODE_OK,20,21,1,400,,,,2,-nan,0,,[NRSL_PHY_EVENT] event=PSSCH_DECODE_OK request_ids=20 txRnti=21 sender_l2_id=21 receiver_l2_id=1 harq_id=2 tb_size=400 tbler=0 sinr=-nan sinrMin=1e+11 reason=,000062,,leader_to_rsu,20,20,1
4260,1,PHY,PSSCH_DECODE_OK,14,20,2,400,,,,9,-nan,0,,[NRSL_PHY_EVENT] event=PSSCH_DECODE_OK request_ids=14 txRnti=20 sender_l2_id=20 receiver_l2_id=2 harq_id=9 tb_size=400 tbler=0 sinr=-nan sinrMin=1e+11 reason=,000062,,member_to_leader,14,14,1
4262,1,PHY,PSSCH_DECODE_OK,15,16,5,400,,,,0,-nan,0,,[NRSL_PHY_EVENT] event=PSSCH_DECODE_OK request_ids=15 txRnti=16 sender_l2_id=16 receiver_l2_id=5 harq_id=0 tb_size=400 tbler=0 sinr=-nan sinrMin=1e+11 reason=,000062,,member_to_leader,15,15,1
4264,1,PHY,PSSCH_DECODE_OK,12,14,9,400,,,,3,-nan,0,,[NRSL_PHY_EVENT] event=PSSCH_DECODE_OK request_ids=12 txRnti=14 sender_l2_id=14 receiver_l2_id=9 harq_id=3 tb_size=400 tbler=0 sinr=-nan sinrMin=1e+11 reason=,000062,,member_to_leader,12,12,1
4371,1,PHY,PSSCH_DECODE_OK,18,3,1,400,,,,13,-nan,0,,[NRSL_PHY_EVENT] event=PSSCH_DECODE_OK request_ids=18 txRnti=3 sender_l2_id=3 receiver_l2_id=1 harq_id=13 tb_size=400 tbler=0 sinr=-nan sinrMin=1e+11 reason=,000062,,leader_to_rsu,18,18,1
4373,1,PHY,PSSCH_DECODE_OK,14,20,2,400,,,,10,-nan,0,,[NRSL_PHY_EVENT] event=PSSCH_DECODE_OK request_ids=14 txRnti=20 sender_l2_id=20 receiver_l2_id=2 harq_id=10 tb_size=400 tbler=0 sinr=-nan sinrMin=1e+11 reason=,000062,,member_to_leader,14,14,1
4375,1,PHY,PSSCH_DECODE_OK,15,16,5,400,,,,1,-nan,0,,[NRSL_PHY_EVENT] event=PSSCH_DECODE_OK request_ids=15 txRnti=16 sender_l2_id=16 receiver_l2_id=5 harq_id=1 tb_size=400 tbler=0 sinr=-nan sinrMin=1e+11 reason=,000062,,member_to_leader,15,15,1
4377,1,PHY,PSSCH_DECODE_OK,11,14,17,400,,,,4,-nan,0,,[NRSL_PHY_EVENT] event=PSSCH_DECODE_OK request_ids=11 txRnti=14 sender_l2_id=14 receiver_l2_id=17 harq_id=4 tb_size=400 tbler=0 sinr=-nan sinrMin=1e+11 reason=,000062,,member_to_leader,11,11,1
4483,1,PHY,PSSCH_DECODE_OK,18,3,1,400,,,,14,-nan,0,,[NRSL_PHY_EVENT] event=PSSCH_DECODE_OK request_ids=18 txRnti=3 sender_l2_id=3 receiver_l2_id=1 harq_id=14 tb_size=400 tbler=0 sinr=-nan sinrMin=1e+11 reason=,000062,,leader_to_rsu,18,18,1
4485,1,PHY,PSSCH_DECODE_OK,14,20,2,400,,,,11,-nan,0,,[NRSL_PHY_EVENT] event=PSSCH_DECODE_OK request_ids=14 txRnti=20 sender_l2_id=20 receiver_l2_id=2 harq_id=11 tb_size=400 tbler=0 sinr=-nan sinrMin=1e+11 reason=,000062,,member_to_leader,14,14,1
4487,1,PHY,PSSCH_DECODE_OK,15,16,5,400,,,,2,-nan,0,,[NRSL_PHY_EVENT] event=PSSCH_DECODE_OK request_ids=15 txRnti=16 sender_l2_id=16 receiver_l2_id=5 harq_id=2 tb_size=400 tbler=0 sinr=-nan sinrMin=1e+11 reason=,000062,,member_to_leader,15,15,1
4489,1,PHY,PSSCH_DECODE_OK,12,14,9,400,,,,5,-nan,0,,[NRSL_PHY_EVENT] event=PSSCH_DECODE_OK request_ids=12 txRnti=14 sender_l2_id=14 receiver_l2_id=9 harq_id=5 tb_size=400 tbler=0 sinr=-nan sinrMin=1e+11 reason=,000062,,member_to_leader,12,12,1
4491,1,PHY,PSSCH_DECODE_OK,13,21,12,400,,,,4,-nan,0,,[NRSL_PHY_EVENT] event=PSSCH_DECODE_OK request_ids=13 txRnti=21 sender_l2_id=21 receiver_l2_id=12 harq_id=4 tb_size=400 tbler=0 sinr=-nan sinrMin=1e+11 reason=,000062,,member_to_leader,13,13,1
4598,1,PHY,PSSCH_DECODE_OK,18,3,1,400,,,,15,-nan,0,,[NRSL_PHY_EVENT] event=PSSCH_DECODE_OK request_ids=18 txRnti=3 sender_l2_id=3 receiver_l2_id=1 harq_id=15 tb_size=400 tbler=0 sinr=-nan sinrMin=1e+11 reason=,000062,,leader_to_rsu,18,18,1
4600,1,PHY,PSSCH_DECODE_OK,20,21,1,400,,,,5,-nan,0,,[NRSL_PHY_EVENT] event=PSSCH_DECODE_OK request_ids=20 txRnti=21 sender_l2_id=21 receiver_l2_id=1 harq_id=5 tb_size=400 tbler=0 sinr=-nan sinrMin=1e+11 reason=,000062,,leader_to_rsu,20,20,1
4602,1,PHY,PSSCH_DECODE_OK,14,20,2,400,,,,12,-nan,0,,[NRSL_PHY_EVENT] event=PSSCH_DECODE_OK request_ids=14 txRnti=20 sender_l2_id=20 receiver_l2_id=2 harq_id=12 tb_size=400 tbler=0 sinr=-nan sinrMin=1e+11 reason=,000062,,member_to_leader,14,14,1
4604,1,PHY,PSSCH_DECODE_OK,15,16,5,400,,,,3,-nan,0,,[NRSL_PHY_EVENT] event=PSSCH_DECODE_OK request_ids=15 txRnti=16 sender_l2_id=16 receiver_l2_id=5 harq_id=3 tb_size=400 tbler=0 sinr=-nan sinrMin=1e+11 reason=,000062,,member_to_leader,15,15,1
4606,1,PHY,PSSCH_DECODE_OK,11,14,17,400,,,,6,-nan,0,,[NRSL_PHY_EVENT] event=PSSCH_DECODE_OK request_ids=11 txRnti=14 sender_l2_id=14 receiver_l2_id=17 harq_id=6 tb_size=400 tbler=0 sinr=-nan sinrMin=1e+11 reason=,000062,,member_to_leader,11,11,1
4713,1,PHY,PSSCH_DECODE_OK,18,3,1,400,,,,0,-nan,0,,[NRSL_PHY_EVENT] event=PSSCH_DECODE_OK request_ids=18 txRnti=3 sender_l2_id=3 receiver_l2_id=1 harq_id=0 tb_size=400 tbler=0 sinr=-nan sinrMin=1e+11 reason=,000062,,leader_to_rsu,18,18,1
4715,1,PHY,PSSCH_DECODE_OK,14,20,2,400,,,,13,-nan,0,,[NRSL_PHY_EVENT] event=PSSCH_DECODE_OK request_ids=14 txRnti=20 sender_l2_id=20 receiver_l2_id=2 harq_id=13 tb_size=400 tbler=0 sinr=-nan sinrMin=1e+11 reason=,000062,,member_to_leader,14,14,1
4717,1,PHY,PSSCH_DECODE_OK,15,16,5,400,,,,4,-nan,0,,[NRSL_PHY_EVENT] event=PSSCH_DECODE_OK request_ids=15 txRnti=16 sender_l2_id=16 receiver_l2_id=5 harq_id=4 tb_size=400 tbler=0 sinr=-nan sinrMin=1e+11 reason=,000062,,member_to_leader,15,15,1
4719,1,PHY,PSSCH_DECODE_OK,12,14,9,400,,,,7,-nan,0,,[NRSL_PHY_EVENT] event=PSSCH_DECODE_OK request_ids=12 txRnti=14 sender_l2_id=14 receiver_l2_id=9 harq_id=7 tb_size=400 tbler=0 sinr=-nan sinrMin=1e+11 reason=,000062,,member_to_leader,12,12,1
4827,1,PHY,PSSCH_DECODE_OK,18,3,1,400,,,,1,-nan,0,,[NRSL_PHY_EVENT] event=PSSCH_DECODE_OK request_ids=18 txRnti=3 sender_l2_id=3 receiver_l2_id=1 harq_id=1 tb_size=400 tbler=0 sinr=-nan sinrMin=1e+11 reason=,000062,,leader_to_rsu,18,18,1
4829,1,PHY,PSSCH_DECODE_OK,14,20,2,400,,,,14,-nan,0,,[NRSL_PHY_EVENT] event=PSSCH_DECODE_OK request_ids=14 txRnti=20 sender_l2_id=20 receiver_l2_id=2 harq_id=14 tb_size=400 tbler=0 sinr=-nan sinrMin=1e+11 reason=,000062,,member_to_leader,14,14,1
4831,1,PHY,PSSCH_DECODE_OK,15,16,5,400,,,,5,-nan,0,,[NRSL_PHY_EVENT] event=PSSCH_DECODE_OK request_ids=15 txRnti=16 sender_l2_id=16 receiver_l2_id=5 harq_id=5 tb_size=400 tbler=0 sinr=-nan sinrMin=1e+11 reason=,000062,,member_to_leader,15,15,1
4833,1,PHY,PSSCH_DECODE_OK,13,21,12,400,,,,7,-nan,0,,[NRSL_PHY_EVENT] event=PSSCH_DECODE_OK request_ids=13 txRnti=21 sender_l2_id=21 receiver_l2_id=12 harq_id=7 tb_size=400 tbler=0 sinr=-nan sinrMin=1e+11 reason=,000062,,member_to_leader,13,13,1
4835,1,PHY,PSSCH_DECODE_OK,11,14,17,400,,,,8,-nan,0,,[NRSL_PHY_EVENT] event=PSSCH_DECODE_OK request_ids=11 txRnti=14 sender_l2_id=14 receiver_l2_id=17 harq_id=8 tb_size=400 tbler=0 sinr=-nan sinrMin=1e+11 reason=,000062,,member_to_leader,11,11,1
4947,1,PHY,PSSCH_DECODE_OK,19,3,1,400,,,,2,-nan,0,,[NRSL_PHY_EVENT] event=PSSCH_DECODE_OK request_ids=19 txRnti=3 sender_l2_id=3 receiver_l2_id=1 harq_id=2 tb_size=400 tbler=0 sinr=-nan sinrMin=1e+11 reason=,000062,,leader_to_rsu,19,19,1
4949,1,PHY,PSSCH_DECODE_OK,20,21,1,400,,,,8,-nan,0,,[NRSL_PHY_EVENT] event=PSSCH_DECODE_OK request_ids=20 txRnti=21 sender_l2_id=21 receiver_l2_id=1 harq_id=8 tb_size=400 tbler=0 sinr=-nan sinrMin=1e+11 reason=,000062,,leader_to_rsu,20,20,1
4951,1,PHY,PSSCH_DECODE_OK,14,20,2,400,,,,15,-nan,0,,[NRSL_PHY_EVENT] event=PSSCH_DECODE_OK request_ids=14 txRnti=20 sender_l2_id=20 receiver_l2_id=2 harq_id=15 tb_size=400 tbler=0 sinr=-nan sinrMin=1e+11 reason=,000062,,member_to_leader,14,14,1
4953,1,PHY,PSSCH_DECODE_OK,15,16,5,400,,,,6,-nan,0,,[NRSL_PHY_EVENT] event=PSSCH_DECODE_OK request_ids=15 txRnti=16 sender_l2_id=16 receiver_l2_id=5 harq_id=6 tb_size=400 tbler=0 sinr=-nan sinrMin=1e+11 reason=,000062,,member_to_leader,15,15,1
4955,1,PHY,PSSCH_DECODE_OK,12,14,9,400,,,,9,-nan,0,,[NRSL_PHY_EVENT] event=PSSCH_DECODE_OK request_ids=12 txRnti=14 sender_l2_id=14 receiver_l2_id=9 harq_id=9 tb_size=400 tbler=0 sinr=-nan sinrMin=1e+11 reason=,000062,,member_to_leader,12,12,1
5062,1,PHY,PSSCH_DECODE_OK,19,3,1,400,,,,3,-nan,0,,[NRSL_PHY_EVENT] event=PSSCH_DECODE_OK request_ids=19 txRnti=3 sender_l2_id=3 receiver_l2_id=1 harq_id=3 tb_size=400 tbler=0 sinr=-nan sinrMin=1e+11 reason=,000062,,leader_to_rsu,19,19,1
5064,1,PHY,PSSCH_DECODE_OK,14,20,2,400,,,,0,-nan,0,,[NRSL_PHY_EVENT] event=PSSCH_DECODE_OK request_ids=14 txRnti=20 sender_l2_id=20 receiver_l2_id=2 harq_id=0 tb_size=400 tbler=0 sinr=-nan sinrMin=1e+11 reason=,000062,,member_to_leader,14,14,1
5066,1,PHY,PSSCH_DECODE_OK,15,16,5,400,,,,7,-nan,0,,[NRSL_PHY_EVENT] event=PSSCH_DECODE_OK request_ids=15 txRnti=16 sender_l2_id=16 receiver_l2_id=5 harq_id=7 tb_size=400 tbler=0 sinr=-nan sinrMin=1e+11 reason=,000062,,member_to_leader,15,15,1
5068,1,PHY,PSSCH_DECODE_OK,11,14,17,400,,,,10,-nan,0,,[NRSL_PHY_EVENT] event=PSSCH_DECODE_OK request_ids=11 txRnti=14 sender_l2_id=14 receiver_l2_id=17 harq_id=10 tb_size=400 tbler=0 sinr=-nan sinrMin=1e+11 reason=,000062,,member_to_leader,11,11,1
5170,1,PHY,PSSCH_DECODE_OK,19,3,1,400,,,,4,-nan,0,,[NRSL_PHY_EVENT] event=PSSCH_DECODE_OK request_ids=19 txRnti=3 sender_l2_id=3 receiver_l2_id=1 harq_id=4 tb_size=400 tbler=0 sinr=-nan sinrMin=1e+11 reason=,000062,,leader_to_rsu,19,19,1
5172,1,PHY,PSSCH_DECODE_OK,14,20,2,400,,,,1,-nan,0,,[NRSL_PHY_EVENT] event=PSSCH_DECODE_OK request_ids=14 txRnti=20 sender_l2_id=20 receiver_l2_id=2 harq_id=1 tb_size=400 tbler=0 sinr=-nan sinrMin=1e+11 reason=,000062,,member_to_leader,14,14,1
5174,1,PHY,PSSCH_DECODE_OK,15,16,5,3,,,,8,-nan,0,,[NRSL_PHY_EVENT] event=PSSCH_DECODE_OK request_ids=15 txRnti=16 sender_l2_id=16 receiver_l2_id=5 harq_id=8 tb_size=3 tbler=0 sinr=-nan sinrMin=1e+11 reason=,000062,,member_to_leader,15,15,1
5176,1,PHY,PSSCH_DECODE_OK,12,14,9,400,,,,11,-nan,0,,[NRSL_PHY_EVENT] event=PSSCH_DECODE_OK request_ids=12 txRnti=14 sender_l2_id=14 receiver_l2_id=9 harq_id=11 tb_size=400 tbler=0 sinr=-nan sinrMin=1e+11 reason=,000062,,member_to_leader,12,12,1
5178,1,PHY,PSSCH_DECODE_OK,13,21,12,400,,,,10,-nan,0,,[NRSL_PHY_EVENT] event=PSSCH_DECODE_OK request_ids=13 txRnti=21 sender_l2_id=21 receiver_l2_id=12 harq_id=10 tb_size=400 tbler=0 sinr=-nan sinrMin=1e+11 reason=,000062,,member_to_leader,13,13,1
5271,1,PHY,PSSCH_DECODE_OK,19,3,1,400,,,,5,-nan,0,,[NRSL_PHY_EVENT] event=PSSCH_DECODE_OK request_ids=19 txRnti=3 sender_l2_id=3 receiver_l2_id=1 harq_id=5 tb_size=400 tbler=0 sinr=-nan sinrMin=1e+11 reason=,000062,,leader_to_rsu,19,19,1
5273,1,PHY,PSSCH_DECODE_OK,20,21,1,400,,,,11,-nan,0,,[NRSL_PHY_EVENT] event=PSSCH_DECODE_OK request_ids=20 txRnti=21 sender_l2_id=21 receiver_l2_id=1 harq_id=11 tb_size=400 tbler=0 sinr=-nan sinrMin=1e+11 reason=,000062,,leader_to_rsu,20,20,1
5275,1,PHY,PSSCH_DECODE_OK,14,20,2,400,,,,2,-nan,0,,[NRSL_PHY_EVENT] event=PSSCH_DECODE_OK request_ids=14 txRnti=20 sender_l2_id=20 receiver_l2_id=2 harq_id=2 tb_size=400 tbler=0 sinr=-nan sinrMin=1e+11 reason=,000062,,member_to_leader,14,14,1
5277,1,PHY,PSSCH_DECODE_OK,11,14,17,400,,,,12,-nan,0,,[NRSL_PHY_EVENT] event=PSSCH_DECODE_OK request_ids=11 txRnti=14 sender_l2_id=14 receiver_l2_id=17 harq_id=12 tb_size=400 tbler=0 sinr=-nan sinrMin=1e+11 reason=,000062,,member_to_leader,11,11,1
5363,1,PHY,PSSCH_DECODE_OK,19,3,1,166,,,,6,-nan,0,,[NRSL_PHY_EVENT] event=PSSCH_DECODE_OK request_ids=19 txRnti=3 sender_l2_id=3 receiver_l2_id=1 harq_id=6 tb_size=166 tbler=0 sinr=-nan sinrMin=1e+11 reason=,000062,,leader_to_rsu,19,19,1
5365,1,PHY,PSSCH_DECODE_OK,14,20,2,400,,,,3,-nan,0,,[NRSL_PHY_EVENT] event=PSSCH_DECODE_OK request_ids=14 txRnti=20 sender_l2_id=20 receiver_l2_id=2 harq_id=3 tb_size=400 tbler=0 sinr=-nan sinrMin=1e+11 reason=,000062,,member_to_leader,14,14,1
5367,1,PHY,PSSCH_DECODE_OK,12,14,9,400,,,,13,-nan,0,,[NRSL_PHY_EVENT] event=PSSCH_DECODE_OK request_ids=12 txRnti=14 sender_l2_id=14 receiver_l2_id=9 harq_id=13 tb_size=400 tbler=0 sinr=-nan sinrMin=1e+11 reason=,000062,,member_to_leader,12,12,1
5443,1,PHY,PSSCH_DECODE_OK,17,20,2,400,,,,4,-nan,0,,[NRSL_PHY_EVENT] event=PSSCH_DECODE_OK request_ids=17 txRnti=20 sender_l2_id=20 receiver_l2_id=2 harq_id=4 tb_size=400 tbler=0 sinr=-nan sinrMin=1e+11 reason=,000062,,member_to_leader,17,17,1
5445,1,PHY,PSSCH_DECODE_OK,13,21,12,400,,,,13,-nan,0,,[NRSL_PHY_EVENT] event=PSSCH_DECODE_OK request_ids=13 txRnti=21 sender_l2_id=21 receiver_l2_id=12 harq_id=13 tb_size=400 tbler=0 sinr=-nan sinrMin=1e+11 reason=,000062,,member_to_leader,13,13,1
5447,1,PHY,PSSCH_DECODE_OK,11,14,17,400,,,,14,-nan,0,,[NRSL_PHY_EVENT] event=PSSCH_DECODE_OK request_ids=11 txRnti=14 sender_l2_id=14 receiver_l2_id=17 harq_id=14 tb_size=400 tbler=0 sinr=-nan sinrMin=1e+11 reason=,000062,,member_to_leader,11,11,1
5518,1,PHY,PSSCH_DECODE_OK,20,21,1,400,,,,14,-nan,0,,[NRSL_PHY_EVENT] event=PSSCH_DECODE_OK request_ids=20 txRnti=21 sender_l2_id=21 receiver_l2_id=1 harq_id=14 tb_size=400 tbler=0 sinr=-nan sinrMin=1e+11 reason=,000062,,leader_to_rsu,20,20,1
5520,1,PHY,PSSCH_DECODE_OK,17,20,2,400,,,,5,-nan,0,,[NRSL_PHY_EVENT] event=PSSCH_DECODE_OK request_ids=17 txRnti=20 sender_l2_id=20 receiver_l2_id=2 harq_id=5 tb_size=400 tbler=0 sinr=-nan sinrMin=1e+11 reason=,000062,,member_to_leader,17,17,1
5522,1,PHY,PSSCH_DECODE_OK,12,14,9,400,,,,15,-nan,0,,[NRSL_PHY_EVENT] event=PSSCH_DECODE_OK request_ids=12 txRnti=14 sender_l2_id=14 receiver_l2_id=9 harq_id=15 tb_size=400 tbler=0 sinr=-nan sinrMin=1e+11 reason=,000062,,member_to_leader,12,12,1
5593,1,PHY,PSSCH_DECODE_OK,17,20,2,400,,,,6,-nan,0,,[NRSL_PHY_EVENT] event=PSSCH_DECODE_OK request_ids=17 txRnti=20 sender_l2_id=20 receiver_l2_id=2 harq_id=6 tb_size=400 tbler=0 sinr=-nan sinrMin=1e+11 reason=,000062,,member_to_leader,17,17,1
5595,1,PHY,PSSCH_DECODE_OK,16,21,3,400,,,,15,-nan,0,,[NRSL_PHY_EVENT] event=PSSCH_DECODE_OK request_ids=16 txRnti=21 sender_l2_id=21 receiver_l2_id=3 harq_id=15 tb_size=400 tbler=0 sinr=-nan sinrMin=1e+11 reason=,000062,,member_to_leader,16,16,1
5597,1,PHY,PSSCH_DECODE_OK,11,14,17,400,,,,0,-nan,0,,[NRSL_PHY_EVENT] event=PSSCH_DECODE_OK request_ids=11 txRnti=14 sender_l2_id=14 receiver_l2_id=17 harq_id=0 tb_size=400 tbler=0 sinr=-nan sinrMin=1e+11 reason=,000062,,member_to_leader,11,11,1
5665,1,PHY,PSSCH_DECODE_OK,17,20,2,400,,,,7,-nan,0,,[NRSL_PHY_EVENT] event=PSSCH_DECODE_OK request_ids=17 txRnti=20 sender_l2_id=20 receiver_l2_id=2 harq_id=7 tb_size=400 tbler=0 sinr=-nan sinrMin=1e+11 reason=,000062,,member_to_leader,17,17,1
5667,1,PHY,PSSCH_DECODE_OK,12,14,9,400,,,,1,-nan,0,,[NRSL_PHY_EVENT] event=PSSCH_DECODE_OK request_ids=12 txRnti=14 sender_l2_id=14 receiver_l2_id=9 harq_id=1 tb_size=400 tbler=0 sinr=-nan sinrMin=1e+11 reason=,000062,,member_to_leader,12,12,1
5669,1,PHY,PSSCH_DECODE_OK,13,21,12,400,,,,0,-nan,0,,[NRSL_PHY_EVENT] event=PSSCH_DECODE_OK request_ids=13 txRnti=21 sender_l2_id=21 receiver_l2_id=12 harq_id=0 tb_size=400 tbler=0 sinr=-nan sinrMin=1e+11 reason=,000062,,member_to_leader,13,13,1
5740,1,PHY,PSSCH_DECODE_OK,20,21,1,83,,,,1,-nan,0.0001,,[NRSL_PHY_EVENT] event=PSSCH_DECODE_OK request_ids=20 txRnti=21 sender_l2_id=21 receiver_l2_id=1 harq_id=1 tb_size=83 tbler=0.0001 sinr=-nan sinrMin=1e+11 reason=,000062,,leader_to_rsu,20,20,1
5742,1,PHY,PSSCH_DECODE_OK,17,20,2,400,,,,8,-nan,0,,[NRSL_PHY_EVENT] event=PSSCH_DECODE_OK request_ids=17 txRnti=20 sender_l2_id=20 receiver_l2_id=2 harq_id=8 tb_size=400 tbler=0 sinr=-nan sinrMin=1e+11 reason=,000062,,member_to_leader,17,17,1
5744,1,PHY,PSSCH_DECODE_OK,11,14,17,400,,,,2,-nan,0,,[NRSL_PHY_EVENT] event=PSSCH_DECODE_OK request_ids=11 txRnti=14 sender_l2_id=14 receiver_l2_id=17 harq_id=2 tb_size=400 tbler=0 sinr=-nan sinrMin=1e+11 reason=,000062,,member_to_leader,11,11,1
5815,1,PHY,PSSCH_DECODE_OK,17,20,2,400,,,,9,-nan,0,,[NRSL_PHY_EVENT] event=PSSCH_DECODE_OK request_ids=17 txRnti=20 sender_l2_id=20 receiver_l2_id=2 harq_id=9 tb_size=400 tbler=0 sinr=-nan sinrMin=1e+11 reason=,000062,,member_to_leader,17,17,1
5817,1,PHY,PSSCH_DECODE_OK,16,21,3,400,,,,2,-nan,0,,[NRSL_PHY_EVENT] event=PSSCH_DECODE_OK request_ids=16 txRnti=21 sender_l2_id=21 receiver_l2_id=3 harq_id=2 tb_size=400 tbler=0 sinr=-nan sinrMin=1e+11 reason=,000062,,member_to_leader,16,16,1
5819,1,PHY,PSSCH_DECODE_OK,12,14,9,400,,,,3,-nan,0,,[NRSL_PHY_EVENT] event=PSSCH_DECODE_OK request_ids=12 txRnti=14 sender_l2_id=14 receiver_l2_id=9 harq_id=3 tb_size=400 tbler=0 sinr=-nan sinrMin=1e+11 reason=,000062,,member_to_leader,12,12,1
5890,1,PHY,PSSCH_DECODE_OK,17,20,2,400,,,,10,-nan,0,,[NRSL_PHY_EVENT] event=PSSCH_DECODE_OK request_ids=17 txRnti=20 sender_l2_id=20 receiver_l2_id=2 harq_id=10 tb_size=400 tbler=0 sinr=-nan sinrMin=1e+11 reason=,000062,,member_to_leader,17,17,1
5892,1,PHY,PSSCH_DECODE_OK,13,21,12,400,,,,3,-nan,0,,[NRSL_PHY_EVENT] event=PSSCH_DECODE_OK request_ids=13 txRnti=21 sender_l2_id=21 receiver_l2_id=12 harq_id=3 tb_size=400 tbler=0 sinr=-nan sinrMin=1e+11 reason=,000062,,member_to_leader,13,13,1
5894,1,PHY,PSSCH_DECODE_OK,11,14,17,400,,,,4,-nan,0,,[NRSL_PHY_EVENT] event=PSSCH_DECODE_OK request_ids=11 txRnti=14 sender_l2_id=14 receiver_l2_id=17 harq_id=4 tb_size=400 tbler=0 sinr=-nan sinrMin=1e+11 reason=,000062,,member_to_leader,11,11,1
5961,1,PHY,PSSCH_DECODE_OK,17,20,2,70,,,,11,-nan,0.0001,,[NRSL_PHY_EVENT] event=PSSCH_DECODE_OK request_ids=17 txRnti=20 sender_l2_id=20 receiver_l2_id=2 harq_id=11 tb_size=70 tbler=0.0001 sinr=-nan sinrMin=1e+11 reason=,000062,,member_to_leader,17,17,1
5963,1,PHY,PSSCH_DECODE_OK,16,21,3,400,,,,4,-nan,0,,[NRSL_PHY_EVENT] event=PSSCH_DECODE_OK request_ids=16 txRnti=21 sender_l2_id=21 receiver_l2_id=3 harq_id=4 tb_size=400 tbler=0 sinr=-nan sinrMin=1e+11 reason=,000062,,member_to_leader,16,16,1
5965,1,PHY,PSSCH_DECODE_OK,12,14,9,400,,,,5,-nan,0,,[NRSL_PHY_EVENT] event=PSSCH_DECODE_OK request_ids=12 txRnti=14 sender_l2_id=14 receiver_l2_id=9 harq_id=5 tb_size=400 tbler=0 sinr=-nan sinrMin=1e+11 reason=,000062,,member_to_leader,12,12,1
6013,1,PHY,PSSCH_DECODE_OK,13,21,12,400,,,,5,-nan,0,,[NRSL_PHY_EVENT] event=PSSCH_DECODE_OK request_ids=13 txRnti=21 sender_l2_id=21 receiver_l2_id=12 harq_id=5 tb_size=400 tbler=0 sinr=-nan sinrMin=1e+11 reason=,000062,,member_to_leader,13,13,1
6015,1,PHY,PSSCH_DECODE_OK,11,14,17,400,,,,6,-nan,0,,[NRSL_PHY_EVENT] event=PSSCH_DECODE_OK request_ids=11 txRnti=14 sender_l2_id=14 receiver_l2_id=17 harq_id=6 tb_size=400 tbler=0 sinr=-nan sinrMin=1e+11 reason=,000062,,member_to_leader,11,11,1
6065,1,PHY,PSSCH_DECODE_OK,16,21,3,355,,,,6,-nan,0,,[NRSL_PHY_EVENT] event=PSSCH_DECODE_OK request_ids=16 txRnti=21 sender_l2_id=21 receiver_l2_id=3 harq_id=6 tb_size=355 tbler=0 sinr=-nan sinrMin=1e+11 reason=,000062,,member_to_leader,16,16,1
6067,1,PHY,PSSCH_DECODE_OK,12,14,9,400,,,,7,-nan,0,,[NRSL_PHY_EVENT] event=PSSCH_DECODE_OK request_ids=12 txRnti=14 sender_l2_id=14 receiver_l2_id=9 harq_id=7 tb_size=400 tbler=0 sinr=-nan sinrMin=1e+11 reason=,000062,,member_to_leader,12,12,1
6117,1,PHY,PSSCH_DECODE_OK,13,21,12,400,,,,7,-nan,0,,[NRSL_PHY_EVENT] event=PSSCH_DECODE_OK request_ids=13 txRnti=21 sender_l2_id=21 receiver_l2_id=12 harq_id=7 tb_size=400 tbler=0 sinr=-nan sinrMin=1e+11 reason=,000062,,member_to_leader,13,13,1
6119,1,PHY,PSSCH_DECODE_OK,11,14,17,400,,,,8,-nan,0,,[NRSL_PHY_EVENT] event=PSSCH_DECODE_OK request_ids=11 txRnti=14 sender_l2_id=14 receiver_l2_id=17 harq_id=8 tb_size=400 tbler=0 sinr=-nan sinrMin=1e+11 reason=,000062,,member_to_leader,11,11,1
6169,1,PHY,PSSCH_DECODE_OK,12,14,9,400,,,,9,-nan,0,,[NRSL_PHY_EVENT] event=PSSCH_DECODE_OK request_ids=12 txRnti=14 sender_l2_id=14 receiver_l2_id=9 harq_id=9 tb_size=400 tbler=0 sinr=-nan sinrMin=1e+11 reason=,000062,,member_to_leader,12,12,1
6171,1,PHY,PSSCH_DECODE_OK,13,21,12,400,,,,8,-nan,0,,[NRSL_PHY_EVENT] event=PSSCH_DECODE_OK request_ids=13 txRnti=21 sender_l2_id=21 receiver_l2_id=12 harq_id=8 tb_size=400 tbler=0 sinr=-nan sinrMin=1e+11 reason=,000062,,member_to_leader,13,13,1
6221,1,PHY,PSSCH_DECODE_OK,13,21,12,400,,,,9,-nan,0,,[NRSL_PHY_EVENT] event=PSSCH_DECODE_OK request_ids=13 txRnti=21 sender_l2_id=21 receiver_l2_id=12 harq_id=9 tb_size=400 tbler=0 sinr=-nan sinrMin=1e+11 reason=,000062,,member_to_leader,13,13,1
6223,1,PHY,PSSCH_DECODE_OK,11,14,17,400,,,,10,-nan,0,,[NRSL_PHY_EVENT] event=PSSCH_DECODE_OK request_ids=11 txRnti=14 sender_l2_id=14 receiver_l2_id=17 harq_id=10 tb_size=400 tbler=0 sinr=-nan sinrMin=1e+11 reason=,000062,,member_to_leader,11,11,1
6273,1,PHY,PSSCH_DECODE_OK,12,14,9,400,,,,11,-nan,0,,[NRSL_PHY_EVENT] event=PSSCH_DECODE_OK request_ids=12 txRnti=14 sender_l2_id=14 receiver_l2_id=9 harq_id=11 tb_size=400 tbler=0 sinr=-nan sinrMin=1e+11 reason=,000062,,member_to_leader,12,12,1
6275,1,PHY,PSSCH_DECODE_OK,13,21,12,400,,,,10,-nan,0,,[NRSL_PHY_EVENT] event=PSSCH_DECODE_OK request_ids=13 txRnti=21 sender_l2_id=21 receiver_l2_id=12 harq_id=10 tb_size=400 tbler=0 sinr=-nan sinrMin=1e+11 reason=,000062,,member_to_leader,13,13,1
6325,1,PHY,PSSCH_DECODE_OK,13,21,12,400,,,,11,-nan,0,,[NRSL_PHY_EVENT] event=PSSCH_DECODE_OK request_ids=13 txRnti=21 sender_l2_id=21 receiver_l2_id=12 harq_id=11 tb_size=400 tbler=0 sinr=-nan sinrMin=1e+11 reason=,000062,,member_to_leader,13,13,1
6327,1,PHY,PSSCH_DECODE_OK,11,14,17,400,,,,12,-nan,0,,[NRSL_PHY_EVENT] event=PSSCH_DECODE_OK request_ids=11 txRnti=14 sender_l2_id=14 receiver_l2_id=17 harq_id=12 tb_size=400 tbler=0 sinr=-nan sinrMin=1e+11 reason=,000062,,member_to_leader,11,11,1
6377,1,PHY,PSSCH_DECODE_OK,12,14,9,400,,,,13,-nan,0,,[NRSL_PHY_EVENT] event=PSSCH_DECODE_OK request_ids=12 txRnti=14 sender_l2_id=14 receiver_l2_id=9 harq_id=13 tb_size=400 tbler=0 sinr=-nan sinrMin=1e+11 reason=,000062,,member_to_leader,12,12,1
6379,1,PHY,PSSCH_DECODE_OK,13,21,12,400,,,,12,-nan,0,,[NRSL_PHY_EVENT] event=PSSCH_DECODE_OK request_ids=13 txRnti=21 sender_l2_id=21 receiver_l2_id=12 harq_id=12 tb_size=400 tbler=0 sinr=-nan sinrMin=1e+11 reason=,000062,,member_to_leader,13,13,1
6435,1,PHY,PSSCH_DECODE_OK,13,21,12,400,,,,13,-nan,0,,[NRSL_PHY_EVENT] event=PSSCH_DECODE_OK request_ids=13 txRnti=21 sender_l2_id=21 receiver_l2_id=12 harq_id=13 tb_size=400 tbler=0 sinr=-nan sinrMin=1e+11 reason=,000062,,member_to_leader,13,13,1
6437,1,PHY,PSSCH_DECODE_OK,11,14,17,400,,,,14,-nan,0,,[NRSL_PHY_EVENT] event=PSSCH_DECODE_OK request_ids=11 txRnti=14 sender_l2_id=14 receiver_l2_id=17 harq_id=14 tb_size=400 tbler=0 sinr=-nan sinrMin=1e+11 reason=,000062,,member_to_leader,11,11,1
6503,1,PHY,PSSCH_DECODE_OK,15,16,5,18,,,,9,-nan,0,,[NRSL_PHY_EVENT] event=PSSCH_DECODE_OK request_ids=15 txRnti=16 sender_l2_id=16 receiver_l2_id=5 harq_id=9 tb_size=18 tbler=0 sinr=-nan sinrMin=1e+11 reason=,000062,,member_to_leader,15,15,1
6505,1,PHY,PSSCH_DECODE_OK,12,14,9,400,,,,15,-nan,0,,[NRSL_PHY_EVENT] event=PSSCH_DECODE_OK request_ids=12 txRnti=14 sender_l2_id=14 receiver_l2_id=9 harq_id=15 tb_size=400 tbler=0 sinr=-nan sinrMin=1e+11 reason=,000062,,member_to_leader,12,12,1
6507,1,PHY,PSSCH_DECODE_OK,13,21,12,400,,,,14,-nan,0,,[NRSL_PHY_EVENT] event=PSSCH_DECODE_OK request_ids=13 txRnti=21 sender_l2_id=21 receiver_l2_id=12 harq_id=14 tb_size=400 tbler=0 sinr=-nan sinrMin=1e+11 reason=,000062,,member_to_leader,13,13,1
6563,1,PHY,PSSCH_DECODE_OK,13,21,12,400,,,,15,-nan,0,,[NRSL_PHY_EVENT] event=PSSCH_DECODE_OK request_ids=13 txRnti=21 sender_l2_id=21 receiver_l2_id=12 harq_id=15 tb_size=400 tbler=0 sinr=-nan sinrMin=1e+11 reason=,000062,,member_to_leader,13,13,1
6565,1,PHY,PSSCH_DECODE_OK,11,14,17,400,,,,0,-nan,0,,[NRSL_PHY_EVENT] event=PSSCH_DECODE_OK request_ids=11 txRnti=14 sender_l2_id=14 receiver_l2_id=17 harq_id=0 tb_size=400 tbler=0 sinr=-nan sinrMin=1e+11 reason=,000062,,member_to_leader,11,11,1
6627,1,PHY,PSSCH_DECODE_OK,19,3,1,22,,,,7,-nan,0,,[NRSL_PHY_EVENT] event=PSSCH_DECODE_OK request_ids=19 txRnti=3 sender_l2_id=3 receiver_l2_id=1 harq_id=7 tb_size=22 tbler=0 sinr=-nan sinrMin=1e+11 reason=,000062,,leader_to_rsu,19,19,1
6629,1,PHY,PSSCH_DECODE_OK,12,14,9,400,,,,1,-nan,0,,[NRSL_PHY_EVENT] event=PSSCH_DECODE_OK request_ids=12 txRnti=14 sender_l2_id=14 receiver_l2_id=9 harq_id=1 tb_size=400 tbler=0 sinr=-nan sinrMin=1e+11 reason=,000062,,member_to_leader,12,12,1
6631,1,PHY,PSSCH_DECODE_OK,13,21,12,3,,,,0,-nan,0,,[NRSL_PHY_EVENT] event=PSSCH_DECODE_OK request_ids=13 txRnti=21 sender_l2_id=21 receiver_l2_id=12 harq_id=0 tb_size=3 tbler=0 sinr=-nan sinrMin=1e+11 reason=,000062,,member_to_leader,13,13,1
6665,1,PHY,PSSCH_DECODE_OK,11,14,17,400,,,,2,-nan,0,,[NRSL_PHY_EVENT] event=PSSCH_DECODE_OK request_ids=11 txRnti=14 sender_l2_id=14 receiver_l2_id=17 harq_id=2 tb_size=400 tbler=0 sinr=-nan sinrMin=1e+11 reason=,000062,,member_to_leader,11,11,1
6692,1,PHY,PSSCH_DECODE_OK,12,14,9,400,,,,3,-nan,0,,[NRSL_PHY_EVENT] event=PSSCH_DECODE_OK request_ids=12 txRnti=14 sender_l2_id=14 receiver_l2_id=9 harq_id=3 tb_size=400 tbler=0 sinr=-nan sinrMin=1e+11 reason=,000062,,member_to_leader,12,12,1
6725,1,PHY,PSSCH_DECODE_OK,11,14,17,400,,,,4,-nan,0,,[NRSL_PHY_EVENT] event=PSSCH_DECODE_OK request_ids=11 txRnti=14 sender_l2_id=14 receiver_l2_id=17 harq_id=4 tb_size=400 tbler=0 sinr=-nan sinrMin=1e+11 reason=,000062,,member_to_leader,11,11,1
6770,1,PHY,PSSCH_DECODE_OK,20,21,1,12,,,,1,-nan,0.0005,,[NRSL_PHY_EVENT] event=PSSCH_DECODE_OK request_ids=20 txRnti=21 sender_l2_id=21 receiver_l2_id=1 harq_id=1 tb_size=12 tbler=0.0005 sinr=-nan sinrMin=1e+11 reason=,000062,,leader_to_rsu,20,20,1
6772,1,PHY,PSSCH_DECODE_OK,12,14,9,400,,,,5,-nan,0,,[NRSL_PHY_EVENT] event=PSSCH_DECODE_OK request_ids=12 txRnti=14 sender_l2_id=14 receiver_l2_id=9 harq_id=5 tb_size=400 tbler=0 sinr=-nan sinrMin=1e+11 reason=,000062,,member_to_leader,12,12,1
6805,1,PHY,PSSCH_DECODE_OK,11,14,17,400,,,,6,-nan,0,,[NRSL_PHY_EVENT] event=PSSCH_DECODE_OK request_ids=11 txRnti=14 sender_l2_id=14 receiver_l2_id=17 harq_id=6 tb_size=400 tbler=0 sinr=-nan sinrMin=1e+11 reason=,000062,,member_to_leader,11,11,1
6832,1,PHY,PSSCH_DECODE_OK,12,14,9,400,,,,7,-nan,0,,[NRSL_PHY_EVENT] event=PSSCH_DECODE_OK request_ids=12 txRnti=14 sender_l2_id=14 receiver_l2_id=9 harq_id=7 tb_size=400 tbler=0 sinr=-nan sinrMin=1e+11 reason=,000062,,member_to_leader,12,12,1
6863,1,PHY,PSSCH_DECODE_OK,11,14,17,400,,,,8,-nan,0,,[NRSL_PHY_EVENT] event=PSSCH_DECODE_OK request_ids=11 txRnti=14 sender_l2_id=14 receiver_l2_id=17 harq_id=8 tb_size=400 tbler=0 sinr=-nan sinrMin=1e+11 reason=,000062,,member_to_leader,11,11,1
6914,1,PHY,PSSCH_DECODE_OK,17,20,2,38,,,,12,-nan,0,,[NRSL_PHY_EVENT] event=PSSCH_DECODE_OK request_ids=17 txRnti=20 sender_l2_id=20 receiver_l2_id=2 harq_id=12 tb_size=38 tbler=0 sinr=-nan sinrMin=1e+11 reason=,000062,,member_to_leader,17,17,1
6916,1,PHY,PSSCH_DECODE_OK,12,14,9,400,,,,9,-nan,0,,[NRSL_PHY_EVENT] event=PSSCH_DECODE_OK request_ids=12 txRnti=14 sender_l2_id=14 receiver_l2_id=9 harq_id=9 tb_size=400 tbler=0 sinr=-nan sinrMin=1e+11 reason=,000062,,member_to_leader,12,12,1
6967,1,PHY,PSSCH_DECODE_OK,16,21,3,16,,,,2,-nan,0,,[NRSL_PHY_EVENT] event=PSSCH_DECODE_OK request_ids=16 txRnti=21 sender_l2_id=21 receiver_l2_id=3 harq_id=2 tb_size=16 tbler=0 sinr=-nan sinrMin=1e+11 reason=,000062,,member_to_leader,16,16,1
6969,1,PHY,PSSCH_DECODE_OK,11,14,17,400,,,,10,-nan,0,,[NRSL_PHY_EVENT] event=PSSCH_DECODE_OK request_ids=11 txRnti=14 sender_l2_id=14 receiver_l2_id=17 harq_id=10 tb_size=400 tbler=0 sinr=-nan sinrMin=1e+11 reason=,000062,,member_to_leader,11,11,1
6997,1,PHY,PSSCH_DECODE_OK,12,14,9,400,,,,11,-nan,0,,[NRSL_PHY_EVENT] event=PSSCH_DECODE_OK request_ids=12 txRnti=14 sender_l2_id=14 receiver_l2_id=9 harq_id=11 tb_size=400 tbler=0 sinr=-nan sinrMin=1e+11 reason=,000062,,member_to_leader,12,12,1
7024,1,PHY,PSSCH_DECODE_OK,11,14,17,400,,,,12,-nan,0,,[NRSL_PHY_EVENT] event=PSSCH_DECODE_OK request_ids=11 txRnti=14 sender_l2_id=14 receiver_l2_id=17 harq_id=12 tb_size=400 tbler=0 sinr=-nan sinrMin=1e+11 reason=,000062,,member_to_leader,11,11,1
7051,1,PHY,PSSCH_DECODE_OK,12,14,9,400,,,,13,-nan,0,,[NRSL_PHY_EVENT] event=PSSCH_DECODE_OK request_ids=12 txRnti=14 sender_l2_id=14 receiver_l2_id=9 harq_id=13 tb_size=400 tbler=0 sinr=-nan sinrMin=1e+11 reason=,000062,,member_to_leader,12,12,1
7078,1,PHY,PSSCH_DECODE_OK,11,14,17,400,,,,14,-nan,0,,[NRSL_PHY_EVENT] event=PSSCH_DECODE_OK request_ids=11 txRnti=14 sender_l2_id=14 receiver_l2_id=17 harq_id=14 tb_size=400 tbler=0 sinr=-nan sinrMin=1e+11 reason=,000062,,member_to_leader,11,11,1
7105,1,PHY,PSSCH_DECODE_OK,12,14,9,400,,,,15,-nan,0,,[NRSL_PHY_EVENT] event=PSSCH_DECODE_OK request_ids=12 txRnti=14 sender_l2_id=14 receiver_l2_id=9 harq_id=15 tb_size=400 tbler=0 sinr=-nan sinrMin=1e+11 reason=,000062,,member_to_leader,12,12,1
7132,1,PHY,PSSCH_DECODE_OK,11,14,17,400,,,,0,-nan,0,,[NRSL_PHY_EVENT] event=PSSCH_DECODE_OK request_ids=11 txRnti=14 sender_l2_id=14 receiver_l2_id=17 harq_id=0 tb_size=400 tbler=0 sinr=-nan sinrMin=1e+11 reason=,000062,,member_to_leader,11,11,1
7159,1,PHY,PSSCH_DECODE_OK,12,14,9,400,,,,1,-nan,0,,[NRSL_PHY_EVENT] event=PSSCH_DECODE_OK request_ids=12 txRnti=14 sender_l2_id=14 receiver_l2_id=9 harq_id=1 tb_size=400 tbler=0 sinr=-nan sinrMin=1e+11 reason=,000062,,member_to_leader,12,12,1
7186,1,PHY,PSSCH_DECODE_OK,11,14,17,400,,,,2,-nan,0,,[NRSL_PHY_EVENT] event=PSSCH_DECODE_OK request_ids=11 txRnti=14 sender_l2_id=14 receiver_l2_id=17 harq_id=2 tb_size=400 tbler=0 sinr=-nan sinrMin=1e+11 reason=,000062,,member_to_leader,11,11,1
7219,1,PHY,PSSCH_DECODE_OK,12,14,9,400,,,,3,-nan,0,,[NRSL_PHY_EVENT] event=PSSCH_DECODE_OK request_ids=12 txRnti=14 sender_l2_id=14 receiver_l2_id=9 harq_id=3 tb_size=400 tbler=0 sinr=-nan sinrMin=1e+11 reason=,000062,,member_to_leader,12,12,1
7264,1,PHY,PSSCH_DECODE_OK,13,21,12,34,,,,3,-nan,0,,[NRSL_PHY_EVENT] event=PSSCH_DECODE_OK request_ids=13 txRnti=21 sender_l2_id=21 receiver_l2_id=12 harq_id=3 tb_size=34 tbler=0 sinr=-nan sinrMin=1e+11 reason=,000062,,member_to_leader,13,13,1
7266,1,PHY,PSSCH_DECODE_OK,11,14,17,400,,,,4,-nan,0,,[NRSL_PHY_EVENT] event=PSSCH_DECODE_OK request_ids=11 txRnti=14 sender_l2_id=14 receiver_l2_id=17 harq_id=4 tb_size=400 tbler=0 sinr=-nan sinrMin=1e+11 reason=,000062,,member_to_leader,11,11,1
7299,1,PHY,PSSCH_DECODE_OK,12,14,9,400,,,,5,-nan,0,,[NRSL_PHY_EVENT] event=PSSCH_DECODE_OK request_ids=12 txRnti=14 sender_l2_id=14 receiver_l2_id=9 harq_id=5 tb_size=400 tbler=0 sinr=-nan sinrMin=1e+11 reason=,000062,,member_to_leader,12,12,1
7326,1,PHY,PSSCH_DECODE_OK,11,14,17,400,,,,6,-nan,0,,[NRSL_PHY_EVENT] event=PSSCH_DECODE_OK request_ids=11 txRnti=14 sender_l2_id=14 receiver_l2_id=17 harq_id=6 tb_size=400 tbler=0 sinr=-nan sinrMin=1e+11 reason=,000062,,member_to_leader,11,11,1
7353,1,PHY,PSSCH_DECODE_OK,12,14,9,400,,,,7,-nan,0,,[NRSL_PHY_EVENT] event=PSSCH_DECODE_OK request_ids=12 txRnti=14 sender_l2_id=14 receiver_l2_id=9 harq_id=7 tb_size=400 tbler=0 sinr=-nan sinrMin=1e+11 reason=,000062,,member_to_leader,12,12,1
7380,1,PHY,PSSCH_DECODE_OK,11,14,17,400,,,,8,-nan,0,,[NRSL_PHY_EVENT] event=PSSCH_DECODE_OK request_ids=11 txRnti=14 sender_l2_id=14 receiver_l2_id=17 harq_id=8 tb_size=400 tbler=0 sinr=-nan sinrMin=1e+11 reason=,000062,,member_to_leader,11,11,1
7407,1,PHY,PSSCH_DECODE_OK,12,14,9,400,,,,9,-nan,0,,[NRSL_PHY_EVENT] event=PSSCH_DECODE_OK request_ids=12 txRnti=14 sender_l2_id=14 receiver_l2_id=9 harq_id=9 tb_size=400 tbler=0 sinr=-nan sinrMin=1e+11 reason=,000062,,member_to_leader,12,12,1
7434,1,PHY,PSSCH_DECODE_OK,11,14,17,400,,,,10,-nan,0,,[NRSL_PHY_EVENT] event=PSSCH_DECODE_OK request_ids=11 txRnti=14 sender_l2_id=14 receiver_l2_id=17 harq_id=10 tb_size=400 tbler=0 sinr=-nan sinrMin=1e+11 reason=,000062,,member_to_leader,11,11,1
7461,1,PHY,PSSCH_DECODE_OK,12,14,9,400,,,,11,-nan,0,,[NRSL_PHY_EVENT] event=PSSCH_DECODE_OK request_ids=12 txRnti=14 sender_l2_id=14 receiver_l2_id=9 harq_id=11 tb_size=400 tbler=0 sinr=-nan sinrMin=1e+11 reason=,000062,,member_to_leader,12,12,1
7488,1,PHY,PSSCH_DECODE_OK,11,14,17,400,,,,12,-nan,0,,[NRSL_PHY_EVENT] event=PSSCH_DECODE_OK request_ids=11 txRnti=14 sender_l2_id=14 receiver_l2_id=17 harq_id=12 tb_size=400 tbler=0 sinr=-nan sinrMin=1e+11 reason=,000062,,member_to_leader,11,11,1
7515,1,PHY,PSSCH_DECODE_OK,12,14,9,400,,,,13,-nan,0,,[NRSL_PHY_EVENT] event=PSSCH_DECODE_OK request_ids=12 txRnti=14 sender_l2_id=14 receiver_l2_id=9 harq_id=13 tb_size=400 tbler=0 sinr=-nan sinrMin=1e+11 reason=,000062,,member_to_leader,12,12,1
7539,1,PHY,PSSCH_DECODE_OK,11,14,17,400,,,,14,-nan,0,,[NRSL_PHY_EVENT] event=PSSCH_DECODE_OK request_ids=11 txRnti=14 sender_l2_id=14 receiver_l2_id=17 harq_id=14 tb_size=400 tbler=0 sinr=-nan sinrMin=1e+11 reason=,000062,,member_to_leader,11,11,1
7566,1,PHY,PSSCH_DECODE_OK,12,14,9,195,,,,15,-nan,0,,[NRSL_PHY_EVENT] event=PSSCH_DECODE_OK request_ids=12 txRnti=14 sender_l2_id=14 receiver_l2_id=9 harq_id=15 tb_size=195 tbler=0 sinr=-nan sinrMin=1e+11 reason=,000062,,member_to_leader,12,12,1
7593,1,PHY,PSSCH_DECODE_OK,11,14,17,400,,,,0,-nan,0,,[NRSL_PHY_EVENT] event=PSSCH_DECODE_OK request_ids=11 txRnti=14 sender_l2_id=14 receiver_l2_id=17 harq_id=0 tb_size=400 tbler=0 sinr=-nan sinrMin=1e+11 reason=,000062,,member_to_leader,11,11,1
7620,1,PHY,PSSCH_DECODE_OK,11,14,17,400,,,,1,-nan,0,,[NRSL_PHY_EVENT] event=PSSCH_DECODE_OK request_ids=11 txRnti=14 sender_l2_id=14 receiver_l2_id=17 harq_id=1 tb_size=400 tbler=0 sinr=-nan sinrMin=1e+11 reason=,000062,,member_to_leader,11,11,1
7643,1,PHY,PSSCH_DECODE_OK,11,14,17,400,,,,2,-nan,0,,[NRSL_PHY_EVENT] event=PSSCH_DECODE_OK request_ids=11 txRnti=14 sender_l2_id=14 receiver_l2_id=17 harq_id=2 tb_size=400 tbler=0 sinr=-nan sinrMin=1e+11 reason=,000062,,member_to_leader,11,11,1
7666,1,PHY,PSSCH_DECODE_OK,11,14,17,67,,,,3,-nan,0.0001,,[NRSL_PHY_EVENT] event=PSSCH_DECODE_OK request_ids=11 txRnti=14 sender_l2_id=14 receiver_l2_id=17 harq_id=3 tb_size=67 tbler=0.0001 sinr=-nan sinrMin=1e+11 reason=,000062,,member_to_leader,11,11,1
7695,1,PHY,PSSCH_DECODE_OK,12,14,9,62,,,,4,-nan,0.0001,,[NRSL_PHY_EVENT] event=PSSCH_DECODE_OK request_ids=12 txRnti=14 sender_l2_id=14 receiver_l2_id=9 harq_id=4 tb_size=62 tbler=0.0001 sinr=-nan sinrMin=1e+11 reason=,000062,,member_to_leader,12,12,1
7729,1,PHY,PSSCH_DECODE_OK,11,14,17,68,,,,5,-nan,0.0001,,[NRSL_PHY_EVENT] event=PSSCH_DECODE_OK request_ids=11 txRnti=14 sender_l2_id=14 receiver_l2_id=17 harq_id=5 tb_size=68 tbler=0.0001 sinr=-nan sinrMin=1e+11 reason=,000062,,member_to_leader,11,11,1
7951,2,PHY,PSSCH_DECODE_OK,28,3,1,400,,,,8,-nan,0,,[NRSL_PHY_EVENT] event=PSSCH_DECODE_OK request_ids=28 txRnti=3 sender_l2_id=3 receiver_l2_id=1 harq_id=8 tb_size=400 tbler=0 sinr=-nan sinrMin=1e+11 reason=,000064,,leader_to_rsu,28,28,1
7953,2,PHY,PSSCH_DECODE_OK,24,20,2,400,,,,13,-nan,0,,[NRSL_PHY_EVENT] event=PSSCH_DECODE_OK request_ids=24 txRnti=20 sender_l2_id=20 receiver_l2_id=2 harq_id=13 tb_size=400 tbler=0 sinr=-nan sinrMin=1e+11 reason=,000064,,member_to_leader,24,24,1
7955,2,PHY,PSSCH_DECODE_OK,22,21,12,400,,,,4,-nan,0,,[NRSL_PHY_EVENT] event=PSSCH_DECODE_OK request_ids=22 txRnti=21 sender_l2_id=21 receiver_l2_id=12 harq_id=4 tb_size=400 tbler=0 sinr=-nan sinrMin=1e+11 reason=,000064,,member_to_leader,22,22,1
7957,2,PHY,PSSCH_DECODE_OK,21,14,17,400,,,,6,-nan,0,,[NRSL_PHY_EVENT] event=PSSCH_DECODE_OK request_ids=21 txRnti=14 sender_l2_id=14 receiver_l2_id=17 harq_id=6 tb_size=400 tbler=0 sinr=-nan sinrMin=1e+11 reason=,000064,,member_to_leader,21,21,1
8077,2,PHY,PSSCH_DECODE_OK,24,20,2,400,,,,14,-nan,0,,[NRSL_PHY_EVENT] event=PSSCH_DECODE_OK request_ids=24 txRnti=20 sender_l2_id=20 receiver_l2_id=2 harq_id=14 tb_size=400 tbler=0 sinr=-nan sinrMin=1e+11 reason=,000064,,member_to_leader,24,24,1
8079,2,PHY,PSSCH_DECODE_OK,21,14,17,400,,,,7,-nan,0,,[NRSL_PHY_EVENT] event=PSSCH_DECODE_OK request_ids=21 txRnti=14 sender_l2_id=14 receiver_l2_id=17 harq_id=7 tb_size=400 tbler=0 sinr=-nan sinrMin=1e+11 reason=,000064,,member_to_leader,21,21,1
8197,2,PHY,PSSCH_DECODE_OK,28,3,1,400,,,,10,-nan,0,,[NRSL_PHY_EVENT] event=PSSCH_DECODE_OK request_ids=28 txRnti=3 sender_l2_id=3 receiver_l2_id=1 harq_id=10 tb_size=400 tbler=0 sinr=-nan sinrMin=1e+11 reason=,000064,,leader_to_rsu,28,28,1
8199,2,PHY,PSSCH_DECODE_OK,30,21,1,400,,,,6,-nan,0,,[NRSL_PHY_EVENT] event=PSSCH_DECODE_OK request_ids=30 txRnti=21 sender_l2_id=21 receiver_l2_id=1 harq_id=6 tb_size=400 tbler=0 sinr=-nan sinrMin=1e+11 reason=,000064,,leader_to_rsu,30,30,1
8201,2,PHY,PSSCH_DECODE_OK,24,20,2,400,,,,15,-nan,0,,[NRSL_PHY_EVENT] event=PSSCH_DECODE_OK request_ids=24 txRnti=20 sender_l2_id=20 receiver_l2_id=2 harq_id=15 tb_size=400 tbler=0 sinr=-nan sinrMin=1e+11 reason=,000064,,member_to_leader,24,24,1
8203,2,PHY,PSSCH_DECODE_OK,21,14,17,400,,,,8,-nan,0,,[NRSL_PHY_EVENT] event=PSSCH_DECODE_OK request_ids=21 txRnti=14 sender_l2_id=14 receiver_l2_id=17 harq_id=8 tb_size=400 tbler=0 sinr=-nan sinrMin=1e+11 reason=,000064,,member_to_leader,21,21,1
8323,2,PHY,PSSCH_DECODE_OK,24,20,2,400,,,,0,-nan,0,,[NRSL_PHY_EVENT] event=PSSCH_DECODE_OK request_ids=24 txRnti=20 sender_l2_id=20 receiver_l2_id=2 harq_id=0 tb_size=400 tbler=0 sinr=-nan sinrMin=1e+11 reason=,000064,,member_to_leader,24,24,1
8325,2,PHY,PSSCH_DECODE_OK,22,21,12,400,,,,7,-nan,0,,[NRSL_PHY_EVENT] event=PSSCH_DECODE_OK request_ids=22 txRnti=21 sender_l2_id=21 receiver_l2_id=12 harq_id=7 tb_size=400 tbler=0 sinr=-nan sinrMin=1e+11 reason=,000064,,member_to_leader,22,22,1
8327,2,PHY,PSSCH_DECODE_OK,21,14,17,400,,,,9,-nan,0,,[NRSL_PHY_EVENT] event=PSSCH_DECODE_OK request_ids=21 txRnti=14 sender_l2_id=14 receiver_l2_id=17 harq_id=9 tb_size=400 tbler=0 sinr=-nan sinrMin=1e+11 reason=,000064,,member_to_leader,21,21,1
8446,2,PHY,PSSCH_DECODE_OK,28,3,1,400,,,,12,-nan,0,,[NRSL_PHY_EVENT] event=PSSCH_DECODE_OK request_ids=28 txRnti=3 sender_l2_id=3 receiver_l2_id=1 harq_id=12 tb_size=400 tbler=0 sinr=-nan sinrMin=1e+11 reason=,000064,,leader_to_rsu,28,28,1
8448,2,PHY,PSSCH_DECODE_OK,24,20,2,400,,,,1,-nan,0,,[NRSL_PHY_EVENT] event=PSSCH_DECODE_OK request_ids=24 txRnti=20 sender_l2_id=20 receiver_l2_id=2 harq_id=1 tb_size=400 tbler=0 sinr=-nan sinrMin=1e+11 reason=,000064,,member_to_leader,24,24,1
8450,2,PHY,PSSCH_DECODE_OK,21,14,17,400,,,,10,-nan,0,,[NRSL_PHY_EVENT] event=PSSCH_DECODE_OK request_ids=21 txRnti=14 sender_l2_id=14 receiver_l2_id=17 harq_id=10 tb_size=400 tbler=0 sinr=-nan sinrMin=1e+11 reason=,000064,,member_to_leader,21,21,1
8569,2,PHY,PSSCH_DECODE_OK,30,21,1,400,,,,9,-nan,0,,[NRSL_PHY_EVENT] event=PSSCH_DECODE_OK request_ids=30 txRnti=21 sender_l2_id=21 receiver_l2_id=1 harq_id=9 tb_size=400 tbler=0 sinr=-nan sinrMin=1e+11 reason=,000064,,leader_to_rsu,30,30,1
8571,2,PHY,PSSCH_DECODE_OK,24,20,2,400,,,,2,-nan,0,,[NRSL_PHY_EVENT] event=PSSCH_DECODE_OK request_ids=24 txRnti=20 sender_l2_id=20 receiver_l2_id=2 harq_id=2 tb_size=400 tbler=0 sinr=-nan sinrMin=1e+11 reason=,000064,,member_to_leader,24,24,1
8573,2,PHY,PSSCH_DECODE_OK,21,14,17,400,,,,11,-nan,0,,[NRSL_PHY_EVENT] event=PSSCH_DECODE_OK request_ids=21 txRnti=14 sender_l2_id=14 receiver_l2_id=17 harq_id=11 tb_size=400 tbler=0 sinr=-nan sinrMin=1e+11 reason=,000064,,member_to_leader,21,21,1
8692,2,PHY,PSSCH_DECODE_OK,28,3,1,400,,,,14,-nan,0,,[NRSL_PHY_EVENT] event=PSSCH_DECODE_OK request_ids=28 txRnti=3 sender_l2_id=3 receiver_l2_id=1 harq_id=14 tb_size=400 tbler=0 sinr=-nan sinrMin=1e+11 reason=,000064,,leader_to_rsu,28,28,1
8694,2,PHY,PSSCH_DECODE_OK,24,20,2,400,,,,3,-nan,0,,[NRSL_PHY_EVENT] event=PSSCH_DECODE_OK request_ids=24 txRnti=20 sender_l2_id=20 receiver_l2_id=2 harq_id=3 tb_size=400 tbler=0 sinr=-nan sinrMin=1e+11 reason=,000064,,member_to_leader,24,24,1
8696,2,PHY,PSSCH_DECODE_OK,22,21,12,400,,,,10,-nan,0,,[NRSL_PHY_EVENT] event=PSSCH_DECODE_OK request_ids=22 txRnti=21 sender_l2_id=21 receiver_l2_id=12 harq_id=10 tb_size=400 tbler=0 sinr=-nan sinrMin=1e+11 reason=,000064,,member_to_leader,22,22,1
8698,2,PHY,PSSCH_DECODE_OK,21,14,17,400,,,,12,-nan,0,,[NRSL_PHY_EVENT] event=PSSCH_DECODE_OK request_ids=21 txRnti=14 sender_l2_id=14 receiver_l2_id=17 harq_id=12 tb_size=400 tbler=0 sinr=-nan sinrMin=1e+11 reason=,000064,,member_to_leader,21,21,1
8806,2,PHY,PSSCH_DECODE_OK,24,20,2,275,,,,4,-nan,0,,[NRSL_PHY_EVENT] event=PSSCH_DECODE_OK request_ids=24 txRnti=20 sender_l2_id=20 receiver_l2_id=2 harq_id=4 tb_size=275 tbler=0 sinr=-nan sinrMin=1e+11 reason=,000064,,member_to_leader,24,24,1
8808,2,PHY,PSSCH_DECODE_OK,21,14,17,400,,,,13,-nan,0,,[NRSL_PHY_EVENT] event=PSSCH_DECODE_OK request_ids=21 txRnti=14 sender_l2_id=14 receiver_l2_id=17 harq_id=13 tb_size=400 tbler=0 sinr=-nan sinrMin=1e+11 reason=,000064,,member_to_leader,21,21,1
8878,2,PHY,PSSCH_DECODE_OK,28,3,1,400,,,,0,-nan,0,,[NRSL_PHY_EVENT] event=PSSCH_DECODE_OK request_ids=28 txRnti=3 sender_l2_id=3 receiver_l2_id=1 harq_id=0 tb_size=400 tbler=0 sinr=-nan sinrMin=1e+11 reason=,000064,,leader_to_rsu,28,28,1
8880,2,PHY,PSSCH_DECODE_OK,30,21,1,400,,,,12,-nan,0,,[NRSL_PHY_EVENT] event=PSSCH_DECODE_OK request_ids=30 txRnti=21 sender_l2_id=21 receiver_l2_id=1 harq_id=12 tb_size=400 tbler=0 sinr=-nan sinrMin=1e+11 reason=,000064,,leader_to_rsu,30,30,1
8882,2,PHY,PSSCH_DECODE_OK,21,14,17,400,,,,14,-nan,0,,[NRSL_PHY_EVENT] event=PSSCH_DECODE_OK request_ids=21 txRnti=14 sender_l2_id=14 receiver_l2_id=17 harq_id=14 tb_size=400 tbler=0 sinr=-nan sinrMin=1e+11 reason=,000064,,member_to_leader,21,21,1
8953,2,PHY,PSSCH_DECODE_OK,22,21,12,400,,,,13,-nan,0,,[NRSL_PHY_EVENT] event=PSSCH_DECODE_OK request_ids=22 txRnti=21 sender_l2_id=21 receiver_l2_id=12 harq_id=13 tb_size=400 tbler=0 sinr=-nan sinrMin=1e+11 reason=,000064,,member_to_leader,22,22,1
8955,2,PHY,PSSCH_DECODE_OK,21,14,17,400,,,,15,-nan,0,,[NRSL_PHY_EVENT] event=PSSCH_DECODE_OK request_ids=21 txRnti=14 sender_l2_id=14 receiver_l2_id=17 harq_id=15 tb_size=400 tbler=0 sinr=-nan sinrMin=1e+11 reason=,000064,,member_to_leader,21,21,1
9025,2,PHY,PSSCH_DECODE_OK,28,3,1,400,,,,2,-nan,0,,[NRSL_PHY_EVENT] event=PSSCH_DECODE_OK request_ids=28 txRnti=3 sender_l2_id=3 receiver_l2_id=1 harq_id=2 tb_size=400 tbler=0 sinr=-nan sinrMin=1e+11 reason=,000064,,leader_to_rsu,28,28,1
9027,2,PHY,PSSCH_DECODE_OK,21,14,17,400,,,,0,-nan,0,,[NRSL_PHY_EVENT] event=PSSCH_DECODE_OK request_ids=21 txRnti=14 sender_l2_id=14 receiver_l2_id=17 harq_id=0 tb_size=400 tbler=0 sinr=-nan sinrMin=1e+11 reason=,000064,,member_to_leader,21,21,1
9104,2,PHY,PSSCH_DECODE_OK,30,21,1,400,,,,15,-nan,0,,[NRSL_PHY_EVENT] event=PSSCH_DECODE_OK request_ids=30 txRnti=21 sender_l2_id=21 receiver_l2_id=1 harq_id=15 tb_size=400 tbler=0 sinr=-nan sinrMin=1e+11 reason=,000064,,leader_to_rsu,30,30,1
9106,2,PHY,PSSCH_DECODE_OK,21,14,17,400,,,,1,-nan,0,,[NRSL_PHY_EVENT] event=PSSCH_DECODE_OK request_ids=21 txRnti=14 sender_l2_id=14 receiver_l2_id=17 harq_id=1 tb_size=400 tbler=0 sinr=-nan sinrMin=1e+11 reason=,000064,,member_to_leader,21,21,1
9173,2,PHY,PSSCH_DECODE_OK,29,3,1,400,,,,4,-nan,0,,[NRSL_PHY_EVENT] event=PSSCH_DECODE_OK request_ids=29 txRnti=3 sender_l2_id=3 receiver_l2_id=1 harq_id=4 tb_size=400 tbler=0 sinr=-nan sinrMin=1e+11 reason=,000064,,leader_to_rsu,29,29,1
9175,2,PHY,PSSCH_DECODE_OK,22,21,12,400,,,,0,-nan,0,,[NRSL_PHY_EVENT] event=PSSCH_DECODE_OK request_ids=22 txRnti=21 sender_l2_id=21 receiver_l2_id=12 harq_id=0 tb_size=400 tbler=0 sinr=-nan sinrMin=1e+11 reason=,000064,,member_to_leader,22,22,1
9177,2,PHY,PSSCH_DECODE_OK,21,14,17,400,,,,2,-nan,0,,[NRSL_PHY_EVENT] event=PSSCH_DECODE_OK request_ids=21 txRnti=14 sender_l2_id=14 receiver_l2_id=17 harq_id=2 tb_size=400 tbler=0 sinr=-nan sinrMin=1e+11 reason=,000064,,member_to_leader,21,21,1
9248,2,PHY,PSSCH_DECODE_OK,21,14,17,400,,,,3,-nan,0,,[NRSL_PHY_EVENT] event=PSSCH_DECODE_OK request_ids=21 txRnti=14 sender_l2_id=14 receiver_l2_id=17 harq_id=3 tb_size=400 tbler=0 sinr=-nan sinrMin=1e+11 reason=,000064,,member_to_leader,21,21,1
9317,2,PHY,PSSCH_DECODE_OK,29,3,1,400,,,,6,-nan,0,,[NRSL_PHY_EVENT] event=PSSCH_DECODE_OK request_ids=29 txRnti=3 sender_l2_id=3 receiver_l2_id=1 harq_id=6 tb_size=400 tbler=0 sinr=-nan sinrMin=1e+11 reason=,000064,,leader_to_rsu,29,29,1
9319,2,PHY,PSSCH_DECODE_OK,30,21,1,400,,,,2,-nan,0,,[NRSL_PHY_EVENT] event=PSSCH_DECODE_OK request_ids=30 txRnti=21 sender_l2_id=21 receiver_l2_id=1 harq_id=2 tb_size=400 tbler=0 sinr=-nan sinrMin=1e+11 reason=,000064,,leader_to_rsu,30,30,1
9321,2,PHY,PSSCH_DECODE_OK,21,14,17,400,,,,4,-nan,0,,[NRSL_PHY_EVENT] event=PSSCH_DECODE_OK request_ids=21 txRnti=14 sender_l2_id=14 receiver_l2_id=17 harq_id=4 tb_size=400 tbler=0 sinr=-nan sinrMin=1e+11 reason=,000064,,member_to_leader,21,21,1
9392,2,PHY,PSSCH_DECODE_OK,29,3,1,400,,,,7,-nan,0,,[NRSL_PHY_EVENT] event=PSSCH_DECODE_OK request_ids=29 txRnti=3 sender_l2_id=3 receiver_l2_id=1 harq_id=7 tb_size=400 tbler=0 sinr=-nan sinrMin=1e+11 reason=,000064,,leader_to_rsu,29,29,1
9394,2,PHY,PSSCH_DECODE_OK,22,21,12,400,,,,3,-nan,0,,[NRSL_PHY_EVENT] event=PSSCH_DECODE_OK request_ids=22 txRnti=21 sender_l2_id=21 receiver_l2_id=12 harq_id=3 tb_size=400 tbler=0 sinr=-nan sinrMin=1e+11 reason=,000064,,member_to_leader,22,22,1
9396,2,PHY,PSSCH_DECODE_OK,21,14,17,400,,,,5,-nan,0,,[NRSL_PHY_EVENT] event=PSSCH_DECODE_OK request_ids=21 txRnti=14 sender_l2_id=14 receiver_l2_id=17 harq_id=5 tb_size=400 tbler=0 sinr=-nan sinrMin=1e+11 reason=,000064,,member_to_leader,21,21,1
9460,2,PHY,PSSCH_DECODE_OK,29,3,1,400,,,,8,-nan,0,,[NRSL_PHY_EVENT] event=PSSCH_DECODE_OK request_ids=29 txRnti=3 sender_l2_id=3 receiver_l2_id=1 harq_id=8 tb_size=400 tbler=0 sinr=-nan sinrMin=1e+11 reason=,000064,,leader_to_rsu,29,29,1
9462,2,PHY,PSSCH_DECODE_OK,21,14,17,400,,,,6,-nan,0,,[NRSL_PHY_EVENT] event=PSSCH_DECODE_OK request_ids=21 txRnti=14 sender_l2_id=14 receiver_l2_id=17 harq_id=6 tb_size=400 tbler=0 sinr=-nan sinrMin=1e+11 reason=,000064,,member_to_leader,21,21,1
9528,2,PHY,PSSCH_DECODE_OK,29,3,1,166,,,,9,-nan,0,,[NRSL_PHY_EVENT] event=PSSCH_DECODE_OK request_ids=29 txRnti=3 sender_l2_id=3 receiver_l2_id=1 harq_id=9 tb_size=166 tbler=0 sinr=-nan sinrMin=1e+11 reason=,000064,,leader_to_rsu,29,29,1
9530,2,PHY,PSSCH_DECODE_OK,30,21,1,83,,,,5,-nan,0.0001,,[NRSL_PHY_EVENT] event=PSSCH_DECODE_OK request_ids=30 txRnti=21 sender_l2_id=21 receiver_l2_id=1 harq_id=5 tb_size=83 tbler=0.0001 sinr=-nan sinrMin=1e+11 reason=,000064,,leader_to_rsu,30,30,1
9532,2,PHY,PSSCH_DECODE_OK,21,14,17,400,,,,7,-nan,0,,[NRSL_PHY_EVENT] event=PSSCH_DECODE_OK request_ids=21 txRnti=14 sender_l2_id=14 receiver_l2_id=17 harq_id=7 tb_size=400 tbler=0 sinr=-nan sinrMin=1e+11 reason=,000064,,member_to_leader,21,21,1
9583,2,PHY,PSSCH_DECODE_OK,22,21,12,400,,,,6,-nan,0,,[NRSL_PHY_EVENT] event=PSSCH_DECODE_OK request_ids=22 txRnti=21 sender_l2_id=21 receiver_l2_id=12 harq_id=6 tb_size=400 tbler=0 sinr=-nan sinrMin=1e+11 reason=,000064,,member_to_leader,22,22,1
9585,2,PHY,PSSCH_DECODE_OK,21,14,17,400,,,,8,-nan,0,,[NRSL_PHY_EVENT] event=PSSCH_DECODE_OK request_ids=21 txRnti=14 sender_l2_id=14 receiver_l2_id=17 harq_id=8 tb_size=400 tbler=0 sinr=-nan sinrMin=1e+11 reason=,000064,,member_to_leader,21,21,1
9635,2,PHY,PSSCH_DECODE_OK,23,21,3,400,,,,7,-nan,0,,[NRSL_PHY_EVENT] event=PSSCH_DECODE_OK request_ids=23 txRnti=21 sender_l2_id=21 receiver_l2_id=3 harq_id=7 tb_size=400 tbler=0 sinr=-nan sinrMin=1e+11 reason=,000064,,member_to_leader,23,23,1
9637,2,PHY,PSSCH_DECODE_OK,21,14,17,400,,,,9,-nan,0,,[NRSL_PHY_EVENT] event=PSSCH_DECODE_OK request_ids=21 txRnti=14 sender_l2_id=14 receiver_l2_id=17 harq_id=9 tb_size=400 tbler=0 sinr=-nan sinrMin=1e+11 reason=,000064,,member_to_leader,21,21,1
9684,2,PHY,PSSCH_DECODE_OK,22,21,12,400,,,,8,-nan,0,,[NRSL_PHY_EVENT] event=PSSCH_DECODE_OK request_ids=22 txRnti=21 sender_l2_id=21 receiver_l2_id=12 harq_id=8 tb_size=400 tbler=0 sinr=-nan sinrMin=1e+11 reason=,000064,,member_to_leader,22,22,1
9686,2,PHY,PSSCH_DECODE_OK,21,14,17,400,,,,10,-nan,0,,[NRSL_PHY_EVENT] event=PSSCH_DECODE_OK request_ids=21 txRnti=14 sender_l2_id=14 receiver_l2_id=17 harq_id=10 tb_size=400 tbler=0 sinr=-nan sinrMin=1e+11 reason=,000064,,member_to_leader,21,21,1
9736,2,PHY,PSSCH_DECODE_OK,23,21,3,355,,,,9,-nan,0,,[NRSL_PHY_EVENT] event=PSSCH_DECODE_OK request_ids=23 txRnti=21 sender_l2_id=21 receiver_l2_id=3 harq_id=9 tb_size=355 tbler=0 sinr=-nan sinrMin=1e+11 reason=,000064,,member_to_leader,23,23,1
9738,2,PHY,PSSCH_DECODE_OK,21,14,17,400,,,,11,-nan,0,,[NRSL_PHY_EVENT] event=PSSCH_DECODE_OK request_ids=21 txRnti=14 sender_l2_id=14 receiver_l2_id=17 harq_id=11 tb_size=400 tbler=0 sinr=-nan sinrMin=1e+11 reason=,000064,,member_to_leader,21,21,1
9788,2,PHY,PSSCH_DECODE_OK,22,21,12,400,,,,10,-nan,0,,[NRSL_PHY_EVENT] event=PSSCH_DECODE_OK request_ids=22 txRnti=21 sender_l2_id=21 receiver_l2_id=12 harq_id=10 tb_size=400 tbler=0 sinr=-nan sinrMin=1e+11 reason=,000064,,member_to_leader,22,22,1
9790,2,PHY,PSSCH_DECODE_OK,21,14,17,400,,,,12,-nan,0,,[NRSL_PHY_EVENT] event=PSSCH_DECODE_OK request_ids=21 txRnti=14 sender_l2_id=14 receiver_l2_id=17 harq_id=12 tb_size=400 tbler=0 sinr=-nan sinrMin=1e+11 reason=,000064,,member_to_leader,21,21,1
9840,2,PHY,PSSCH_DECODE_OK,22,21,12,400,,,,11,-nan,0,,[NRSL_PHY_EVENT] event=PSSCH_DECODE_OK request_ids=22 txRnti=21 sender_l2_id=21 receiver_l2_id=12 harq_id=11 tb_size=400 tbler=0 sinr=-nan sinrMin=1e+11 reason=,000064,,member_to_leader,22,22,1
9842,2,PHY,PSSCH_DECODE_OK,21,14,17,400,,,,13,-nan,0,,[NRSL_PHY_EVENT] event=PSSCH_DECODE_OK request_ids=21 txRnti=14 sender_l2_id=14 receiver_l2_id=17 harq_id=13 tb_size=400 tbler=0 sinr=-nan sinrMin=1e+11 reason=,000064,,member_to_leader,21,21,1
9892,2,PHY,PSSCH_DECODE_OK,22,21,12,400,,,,12,-nan,0,,[NRSL_PHY_EVENT] event=PSSCH_DECODE_OK request_ids=22 txRnti=21 sender_l2_id=21 receiver_l2_id=12 harq_id=12 tb_size=400 tbler=0 sinr=-nan sinrMin=1e+11 reason=,000064,,member_to_leader,22,22,1
9894,2,PHY,PSSCH_DECODE_OK,21,14,17,400,,,,14,-nan,0,,[NRSL_PHY_EVENT] event=PSSCH_DECODE_OK request_ids=21 txRnti=14 sender_l2_id=14 receiver_l2_id=17 harq_id=14 tb_size=400 tbler=0 sinr=-nan sinrMin=1e+11 reason=,000064,,member_to_leader,21,21,1
9944,2,PHY,PSSCH_DECODE_OK,22,21,12,400,,,,13,-nan,0,,[NRSL_PHY_EVENT] event=PSSCH_DECODE_OK request_ids=22 txRnti=21 sender_l2_id=21 receiver_l2_id=12 harq_id=13 tb_size=400 tbler=0 sinr=-nan sinrMin=1e+11 reason=,000064,,member_to_leader,22,22,1
9946,2,PHY,PSSCH_DECODE_OK,21,14,17,400,,,,15,-nan,0,,[NRSL_PHY_EVENT] event=PSSCH_DECODE_OK request_ids=21 txRnti=14 sender_l2_id=14 receiver_l2_id=17 harq_id=15 tb_size=400 tbler=0 sinr=-nan sinrMin=1e+11 reason=,000064,,member_to_leader,21,21,1
10010,2,PHY,PSSCH_DECODE_OK,22,21,12,400,,,,14,-nan,0,,[NRSL_PHY_EVENT] event=PSSCH_DECODE_OK request_ids=22 txRnti=21 sender_l2_id=21 receiver_l2_id=12 harq_id=14 tb_size=400 tbler=0 sinr=-nan sinrMin=1e+11 reason=,000064,,member_to_leader,22,22,1
10012,2,PHY,PSSCH_DECODE_OK,21,14,17,400,,,,0,-nan,0,,[NRSL_PHY_EVENT] event=PSSCH_DECODE_OK request_ids=21 txRnti=14 sender_l2_id=14 receiver_l2_id=17 harq_id=0 tb_size=400 tbler=0 sinr=-nan sinrMin=1e+11 reason=,000064,,member_to_leader,21,21,1
10104,2,PHY,PSSCH_DECODE_OK,24,20,2,16,,,,5,-nan,0,,[NRSL_PHY_EVENT] event=PSSCH_DECODE_OK request_ids=24 txRnti=20 sender_l2_id=20 receiver_l2_id=2 harq_id=5 tb_size=16 tbler=0 sinr=-nan sinrMin=1e+11 reason=,000064,,member_to_leader,24,24,1
10106,2,PHY,PSSCH_DECODE_OK,22,21,12,400,,,,15,-nan,0,,[NRSL_PHY_EVENT] event=PSSCH_DECODE_OK request_ids=22 txRnti=21 sender_l2_id=21 receiver_l2_id=12 harq_id=15 tb_size=400 tbler=0 sinr=-nan sinrMin=1e+11 reason=,000064,,member_to_leader,22,22,1
10108,2,PHY,PSSCH_DECODE_OK,21,14,17,400,,,,1,-nan,0,,[NRSL_PHY_EVENT] event=PSSCH_DECODE_OK request_ids=21 txRnti=14 sender_l2_id=14 receiver_l2_id=17 harq_id=1 tb_size=400 tbler=0 sinr=-nan sinrMin=1e+11 reason=,000064,,member_to_leader,21,21,1
10164,2,PHY,PSSCH_DECODE_OK,22,21,12,400,,,,0,-nan,0,,[NRSL_PHY_EVENT] event=PSSCH_DECODE_OK request_ids=22 txRnti=21 sender_l2_id=21 receiver_l2_id=12 harq_id=0 tb_size=400 tbler=0 sinr=-nan sinrMin=1e+11 reason=,000064,,member_to_leader,22,22,1
10166,2,PHY,PSSCH_DECODE_OK,21,14,17,400,,,,2,-nan,0,,[NRSL_PHY_EVENT] event=PSSCH_DECODE_OK request_ids=21 txRnti=14 sender_l2_id=14 receiver_l2_id=17 harq_id=2 tb_size=400 tbler=0 sinr=-nan sinrMin=1e+11 reason=,000064,,member_to_leader,21,21,1
10212,2,PHY,PSSCH_DECODE_OK,22,21,12,400,,,,1,-nan,0,,[NRSL_PHY_EVENT] event=PSSCH_DECODE_OK request_ids=22 txRnti=21 sender_l2_id=21 receiver_l2_id=12 harq_id=1 tb_size=400 tbler=0 sinr=-nan sinrMin=1e+11 reason=,000064,,member_to_leader,22,22,1
10214,2,PHY,PSSCH_DECODE_OK,21,14,17,400,,,,3,-nan,0,,[NRSL_PHY_EVENT] event=PSSCH_DECODE_OK request_ids=21 txRnti=14 sender_l2_id=14 receiver_l2_id=17 harq_id=3 tb_size=400 tbler=0 sinr=-nan sinrMin=1e+11 reason=,000064,,member_to_leader,21,21,1
10260,2,PHY,PSSCH_DECODE_OK,22,21,12,3,,,,2,-nan,0,,[NRSL_PHY_EVENT] event=PSSCH_DECODE_OK request_ids=22 txRnti=21 sender_l2_id=21 receiver_l2_id=12 harq_id=2 tb_size=3 tbler=0 sinr=-nan sinrMin=1e+11 reason=,000064,,member_to_leader,22,22,1
10262,2,PHY,PSSCH_DECODE_OK,21,14,17,400,,,,4,-nan,0,,[NRSL_PHY_EVENT] event=PSSCH_DECODE_OK request_ids=21 txRnti=14 sender_l2_id=14 receiver_l2_id=17 harq_id=4 tb_size=400 tbler=0 sinr=-nan sinrMin=1e+11 reason=,000064,,member_to_leader,21,21,1
10296,2,PHY,PSSCH_DECODE_OK,21,14,17,400,,,,5,-nan,0,,[NRSL_PHY_EVENT] event=PSSCH_DECODE_OK request_ids=21 txRnti=14 sender_l2_id=14 receiver_l2_id=17 harq_id=5 tb_size=400 tbler=0 sinr=-nan sinrMin=1e+11 reason=,000064,,member_to_leader,21,21,1
10341,2,PHY,PSSCH_DECODE_OK,21,14,17,400,,,,6,-nan,0,,[NRSL_PHY_EVENT] event=PSSCH_DECODE_OK request_ids=21 txRnti=14 sender_l2_id=14 receiver_l2_id=17 harq_id=6 tb_size=400 tbler=0 sinr=-nan sinrMin=1e+11 reason=,000064,,member_to_leader,21,21,1
10343,2,PHY,PSSCH_DECODE_OK,27,3,21,14,,,,10,-nan,0,,[NRSL_PHY_EVENT] event=PSSCH_DECODE_OK request_ids=27 txRnti=3 sender_l2_id=3 receiver_l2_id=21 harq_id=10 tb_size=14 tbler=0 sinr=-nan sinrMin=1e+11 reason=,000064,,member_to_leader,27,27,1
10367,2,PHY,PSSCH_DECODE_OK,21,14,17,67,,,,7,-nan,0.0001,,[NRSL_PHY_EVENT] event=PSSCH_DECODE_OK request_ids=21 txRnti=14 sender_l2_id=14 receiver_l2_id=17 harq_id=7 tb_size=67 tbler=0.0001 sinr=-nan sinrMin=1e+11 reason=,000064,,member_to_leader,21,21,1
10418,2,PHY,PSSCH_DECODE_OK,30,21,1,12,,,,3,-nan,0.0005,,[NRSL_PHY_EVENT] event=PSSCH_DECODE_OK request_ids=30 txRnti=21 sender_l2_id=21 receiver_l2_id=1 harq_id=3 tb_size=12 tbler=0.0005 sinr=-nan sinrMin=1e+11 reason=,000064,,leader_to_rsu,30,30,1
10420,2,PHY,PSSCH_DECODE_OK,29,3,1,22,,,,11,-nan,0,,[NRSL_PHY_EVENT] event=PSSCH_DECODE_OK request_ids=29 txRnti=3 sender_l2_id=3 receiver_l2_id=1 harq_id=11 tb_size=22 tbler=0 sinr=-nan sinrMin=1e+11 reason=,000064,,leader_to_rsu,29,29,1
10460,2,PHY,PSSCH_DECODE_OK,23,21,3,16,,,,4,-nan,0,,[NRSL_PHY_EVENT] event=PSSCH_DECODE_OK request_ids=23 txRnti=21 sender_l2_id=21 receiver_l2_id=3 harq_id=4 tb_size=16 tbler=0 sinr=-nan sinrMin=1e+11 reason=,000064,,member_to_leader,23,23,1
10489,2,PHY,PSSCH_DECODE_OK,22,21,12,34,,,,5,-nan,0,,[NRSL_PHY_EVENT] event=PSSCH_DECODE_OK request_ids=22 txRnti=21 sender_l2_id=21 receiver_l2_id=12 harq_id=5 tb_size=34 tbler=0 sinr=-nan sinrMin=1e+11 reason=,000064,,member_to_leader,22,22,1
10523,2,PHY,PSSCH_DECODE_OK,21,14,17,68,,,,8,-nan,0.0001,,[NRSL_PHY_EVENT] event=PSSCH_DECODE_OK request_ids=21 txRnti=14 sender_l2_id=14 receiver_l2_id=17 harq_id=8 tb_size=68 tbler=0.0001 sinr=-nan sinrMin=1e+11 reason=,000064,,member_to_leader,21,21,1
