line_no,frame_index,event,rnti,lcid,source_node,target_node,request_id,sn,fi,size,harq_id,bwp_id,layer,vr_ur,vr_uh,timestamp,area_id,upload_type,plan_index,pkt_id,matched
141,0,TX,3,5,3,1,8,0,1,400,0,0,0,,,000060,,leader_to_rsu,8,8,1
145,0,TX,5,5,5,16,3,0,1,400,0,0,0,,,000060,,member_to_leader,3,3,1
152,0,TX,14,5,14,9,2,0,1,400,0,0,0,,,000060,,member_to_leader,2,2,1
153,0,TX,14,5,14,17,1,0,1,400,1,0,0,,,000060,,member_to_leader,1,1,1
157,0,TX,20,5,20,2,6,0,1,400,0,0,0,,,000060,,member_to_leader,6,6,1
167,0,TX,21,5,21,1,10,0,1,400,1,0,0,,,000060,,leader_to_rsu,10,10,1
168,0,TX,21,5,21,3,5,0,1,400,0,0,0,,,000060,,member_to_leader,5,5,1
172,0,TX,3,5,3,1,8,1,3,400,1,0,0,,,000060,,leader_to_rsu,8,8,1
176,0,TX,5,5,5,16,3,1,3,400,1,0,0,,,000060,,member_to_leader,3,3,1
183,0,TX,14,5,14,9,2,1,3,400,2,0,0,,,000060,,member_to_leader,2,2,1
187,0,TX,20,5,20,2,6,1,3,400,1,0,0,,,000060,,member_to_leader,6,6,1
194,0,TX,21,5,21,12,4,0,1,400,2,0,0,,,000060,,member_to_leader,4,4,1
286,0,TX,3,5,3,1,8,2,3,400,2,0,0,,,000060,,leader_to_rsu,8,8,1
290,0,TX,5,5,5,16,3,2,3,400,2,0,0,,,000060,,member_to_leader,3,3,1
294,0,TX,14,5,14,17,1,1,3,400,3,0,0,,,000060,,member_to_leader,1,1,1
298,0,TX,20,5,20,2,6,2,3,400,2,0,0,,,000060,,member_to_leader,6,6,1
302,0,TX,21,5,21,3,5,1,3,400,3,0,0,,,000060,,member_to_leader,5,5,1
383,0,RX,1,5,3,1,8,0,1,400,,,,,,000060,,leader_to_rsu,8,8,1
384,0,RX,2,5,20,2,6,0,1,400,,,,,,000060,,member_to_leader,6,6,1
385,0,RX,9,5,14,9,2,0,1,400,,,,,,000060,,member_to_leader,2,2,1
386,0,RX,16,5,5,16,3,0,1,400,,,,,,000060,,member_to_leader,3,3,1
400,0,TX,3,5,3,1,8,3,3,400,3,0,0,,,000060,,leader_to_rsu,8,8,1
404,0,TX,5,5,5,16,3,3,3,400,3,0,0,,,000060,,member_to_leader,3,3,1
408,0,TX,14,5,14,9,2,2,3,400,4,0,0,,,000060,,member_to_leader,2,2,1
412,0,TX,20,5,20,2,6,3,3,400,3,0,0,,,000060,,member_to_leader,6,6,1
416,0,TX,21,5,21,1,10,1,3,400,4,0,0,,,000060,,leader_to_rsu,10,10,1
497,0,RX,1,5,21,1,10,0,1,400,,,,,,000060,,leader_to_rsu,10,10,1
498,0,RX,1,5,3,1,8,1,3,400,,,,,,000060,,leader_to_rsu,8,8,1
499,0,RX,2,5,20,2,6,1,3,400,,,,,,000060,,member_to_leader,6,6,1
500,0,RX,16,5,5,16,3,1,3,400,,,,,,000060,,member_to_leader,3,3,1
501,0,RX,17,5,14,17,1,0,1,400,,,,,,000060,,member_to_leader,1,1,1
515,0,TX,3,5,3,1,8,4,3,400,4,0,0,,,000060,,leader_to_rsu,8,8,1
519,0,TX,5,5,5,16,3,4,3,400,4,0,0,,,000060,,member_to_leader,3,3,1
523,0,TX,14,5,14,17,1,2,3,400,5,0,0,,,000060,,member_to_leader,1,1,1
527,0,TX,20,5,20,2,6,4,3,400,4,0,0,,,000060,,member_to_leader,6,6,1
531,0,TX,21,5,21,12,4,1,3,400,5,0,0,,,000060,,member_to_leader,4,4,1
612,0,RX,1,5,3,1,8,2,3,400,,,,,,000060,,leader_to_rsu,8,8,1
613,0,RX,2,5,20,2,6,2,3,400,,,,,,000060,,member_to_leader,6,6,1
614,0,RX,9,5,14,9,2,1,3,400,,,,,,000060,,member_to_leader,2,2,1
615,0,RX,12,5,21,12,4,0,1,400,,,,,,000060,,member_to_leader,4,4,1
616,0,RX,16,5,5,16,3,2,3,400,,,,,,000060,,member_to_leader,3,3,1
630,0,TX,3,5,3,1,8,5,3,400,5,0,0,,,000060,,leader_to_rsu,8,8,1
634,0,TX,5,5,5,16,3,5,3,400,5,0,0,,,000060,,member_to_leader,3,3,1
638,0,TX,14,5,14,9,2,3,3,400,6,0,0,,,000060,,member_to_leader,2,2,1
642,0,TX,20,5,20,2,6,5,3,400,5,0,0,,,000060,,member_to_leader,6,6,1
646,0,TX,21,5,21,3,5,2,3,400,6,0,0,,,000060,,member_to_leader,5,5,1
727,0,RX,1,5,3,1,8,3,3,400,,,,,,000060,,leader_to_rsu,8,8,1
728,0,RX,2,5,20,2,6,3,3,400,,,,,,000060,,member_to_leader,6,6,1
729,0,RX,16,5,5,16,3,3,3,400,,,,,,000060,,member_to_leader,3,3,1
730,0,RX,17,5,14,17,1,1,3,400,,,,,,000060,,member_to_leader,1,1,1
744,0,TX,3,5,3,1,9,6,3,400,6,0,0,,,000060,,leader_to_rsu,9,9,1
748,0,TX,5,5,5,16,3,6,3,400,6,0,0,,,000060,,member_to_leader,3,3,1
752,0,TX,14,5,14,17,1,3,3,400,7,0,0,,,000060,,member_to_leader,1,1,1
756,0,TX,20,5,20,2,6,6,3,400,6,0,0,,,000060,,member_to_leader,6,6,1
760,0,TX,21,5,21,1,10,2,3,400,7,0,0,,,000060,,leader_to_rsu,10,10,1
841,0,RX,1,5,21,1,10,1,3,400,,,,,,000060,,leader_to_rsu,10,10,1
842,0,RX,1,5,3,1,8,4,3,400,,,,,,000060,,leader_to_rsu,8,8,1
843,0,RX,2,5,20,2,6,4,3,400,,,,,,000060,,member_to_leader,6,6,1
844,0,RX,9,5,14,9,2,2,3,400,,,,,,000060,,member_to_leader,2,2,1
845,0,RX,16,5,5,16,3,4,3,400,,,,,,000060,,member_to_leader,3,3,1
859,0,TX,3,5,3,1,9,7,3,400,7,0,0,,,000060,,leader_to_rsu,9,9,1
863,0,TX,5,5,5,16,3,7,3,400,7,0,0,,,000060,,member_to_leader,3,3,1
867,0,TX,14,5,14,9,2,4,3,400,8,0,0,,,000060,,member_to_leader,2,2,1
871,0,TX,20,5,20,2,6,7,3,275,7,0,0,,,000060,,member_to_leader,6,6,1
875,0,TX,21,5,21,12,4,2,3,400,8,0,0,,,000060,,member_to_leader,4,4,1
956,0,RX,1,5,3,1,8,5,3,400,,,,,,000060,,leader_to_rsu,8,8,1
961,0,RX,2,5,20,2,6,5,3,400,,,,,,000060,,member_to_leader,6,6,1
962,0,RX,12,5,21,12,4,1,3,400,,,,,,000060,,member_to_leader,4,4,1
963,0,RX,16,5,5,16,3,5,3,400,,,,,,000060,,member_to_leader,3,3,1
964,0,RX,17,5,14,17,1,2,3,400,,,,,,000060,,member_to_leader,1,1,1
977,0,TX,3,5,3,1,9,8,3,400,8,0,0,,,000060,,leader_to_rsu,9,9,1
981,0,TX,5,5,5,16,3,8,3,400,8,0,0,,,000060,,member_to_leader,3,3,1
985,0,TX,14,5,14,17,1,4,3,400,9,0,0,,,000060,,member_to_leader,1,1,1
989,0,TX,21,5,21,3,5,3,3,400,9,0,0,,,000060,,member_to_leader,5,5,1
1070,0,RX,1,5,3,1,9,6,3,400,,,,,,000060,,leader_to_rsu,9,9,1
1071,0,RX,2,5,20,2,6,6,3,400,,,,,,000060,,member_to_leader,6,6,1
1072,0,RX,9,5,14,9,2,3,3,400,,,,,,000060,,member_to_leader,2,2,1
1073,0,RX,16,5,5,16,3,6,3,400,,,,,,000060,,member_to_leader,3,3,1
1087,0,TX,3,5,3,1,9,9,3,400,9,0,0,,,000060,,leader_to_rsu,9,9,1
1091,0,TX,5,5,5,16,3,9,3,400,9,0,0,,,000060,,member_to_leader,3,3,1
1095,0,TX,14,5,14,9,2,5,3,400,10,0,0,,,000060,,member_to_leader,2,2,1
1099,0,TX,21,5,21,1,10,3,3,400,10,0,0,,,000060,,leader_to_rsu,10,10,1
1168,0,RX,1,5,21,1,10,2,3,400,,,,,,000060,,leader_to_rsu,10,10,1
1169,0,RX,1,5,3,1,9,7,3,400,,,,,,000060,,leader_to_rsu,9,9,1
1170,0,RX,2,5,20,2,6,7,3,275,,,,,,000060,,member_to_leader,6,6,1
1171,0,RX,16,5,5,16,3,7,3,400,,,,,,000060,,member_to_leader,3,3,1
1172,0,RX,17,5,14,17,1,3,3,400,,,,,,000060,,member_to_leader,1,1,1
1184,0,TX,3,5,3,1,9,10,3,166,10,0,0,,,000060,,leader_to_rsu,9,9,1
1188,0,TX,5,5,5,16,3,10,3,400,10,0,0,,,000060,,member_to_leader,3,3,1
1192,0,TX,14,5,14,17,1,5,3,400,11,0,0,,,000060,,member_to_leader,1,1,1
1196,0,TX,21,5,21,12,4,3,3,400,11,0,0,,,000060,,member_to_leader,4,4,1
1265,0,RX,1,5,3,1,9,8,3,400,,,,,,000060,,leader_to_rsu,9,9,1
1266,0,RX,9,5,14,9,2,4,3,400,,,,,,000060,,member_to_leader,2,2,1
1267,0,RX,12,5,21,12,4,2,3,400,,,,,,000060,,member_to_leader,4,4,1
1268,0,RX,16,5,5,16,3,8,3,400,,,,,,000060,,member_to_leader,3,3,1
1278,0,TX,5,5,5,16,3,11,3,400,11,0,0,,,000060,,member_to_leader,3,3,1
1282,0,TX,14,5,14,9,2,6,3,400,12,0,0,,,000060,,member_to_leader,2,2,1
1286,0,TX,21,5,21,3,5,4,3,400,12,0,0,,,000060,,member_to_leader,5,5,1
1355,0,RX,1,5,3,1,9,9,3,400,,,,,,000060,,leader_to_rsu,9,9,1
1356,0,RX,16,5,5,16,3,9,3,400,,,,,,000060,,member_to_leader,3,3,1
1357,0,RX,17,5,14,17,1,4,3,400,,,,,,000060,,member_to_leader,1,1,1
1369,0,TX,5,5,5,16,3,12,3,400,12,0,0,,,000060,,member_to_leader,3,3,1
1373,0,TX,14,5,14,17,1,6,3,400,13,0,0,,,000060,,member_to_leader,1,1,1
1377,0,TX,21,5,21,1,10,4,3,400,13,0,0,,,000060,,leader_to_rsu,10,10,1
1432,0,RX,1,5,21,1,10,3,3,400,,,,,,000060,,leader_to_rsu,10,10,1
1433,0,RX,1,5,3,1,9,10,3,166,,,,,,000060,,leader_to_rsu,9,9,1
1434,0,RX,9,5,14,9,2,5,3,400,,,,,,000060,,member_to_leader,2,2,1
1435,0,RX,16,5,5,16,3,10,3,400,,,,,,000060,,member_to_leader,3,3,1
1445,0,TX,5,5,5,16,3,13,3,400,13,0,0,,,000060,,member_to_leader,3,3,1
1449,0,TX,14,5,14,9,2,7,3,400,14,0,0,,,000060,,member_to_leader,2,2,1
1453,0,TX,21,5,21,12,4,4,3,400,14,0,0,,,000060,,member_to_leader,4,4,1
1508,0,RX,12,5,21,12,4,3,3,400,,,,,,000060,,member_to_leader,4,4,1
1509,0,RX,16,5,5,16,3,11,3,400,,,,,,000060,,member_to_leader,3,3,1
1510,0,RX,17,5,14,17,1,5,3,400,,,,,,000060,,member_to_leader,1,1,1
1520,0,TX,5,5,5,16,3,14,3,400,14,0,0,,,000060,,member_to_leader,3,3,1
1524,0,TX,14,5,14,17,1,7,3,400,15,0,0,,,000060,,member_to_leader,1,1,1
1528,0,TX,21,5,21,3,5,5,3,400,15,0,0,,,000060,,member_to_leader,5,5,1
1583,0,RX,3,5,21,3,5,4,3,400,,,,,,000060,,member_to_leader,5,5,1
1584,0,RX,9,5,14,9,2,6,3,400,,,,,,000060,,member_to_leader,2,2,1
1585,0,RX,16,5,5,16,3,12,3,400,,,,,,000060,,member_to_leader,3,3,1
1595,0,TX,5,5,5,16,3,15,3,400,15,0,0,,,000060,,member_to_leader,3,3,1
1599,0,TX,14,5,14,9,2,8,3,400,0,0,0,,,000060,,member_to_leader,2,2,1
1603,0,TX,21,5,21,1,10,5,3,83,0,0,0,,,000060,,leader_to_rsu,10,10,1
1658,0,RX,1,5,21,1,10,4,3,400,,,,,,000060,,leader_to_rsu,10,10,1
1659,0,RX,16,5,5,16,3,13,3,400,,,,,,000060,,member_to_leader,3,3,1
1660,0,RX,17,5,14,17,1,6,3,400,,,,,,000060,,member_to_leader,1,1,1
1670,0,TX,5,5,5,16,3,16,3,400,0,0,0,,,000060,,member_to_leader,3,3,1
1674,0,TX,14,5,14,17,1,8,3,400,1,0,0,,,000060,,member_to_leader,1,1,1
1675,0,TX,21,5,21,12,4,5,3,400,1,0,0,,,000060,,member_to_leader,4,4,1
1730,0,RX,9,5,14,9,2,7,3,400,,,,,,000060,,member_to_leader,2,2,1
1731,0,RX,12,5,21,12,4,4,3,400,,,,,,000060,,member_to_leader,4,4,1
1732,0,RX,16,5,5,16,3,14,3,400,,,,,,000060,,member_to_leader,3,3,1
1742,0,TX,5,5,5,16,3,17,3,400,1,0,0,,,000060,,member_to_leader,3,3,1
1746,0,TX,14,5,14,9,2,9,3,400,2,0,0,,,000060,,member_to_leader,2,2,1
1750,0,TX,21,5,21,3,5,6,3,400,2,0,0,,,000060,,member_to_leader,5,5,1
1805,0,RX,3,5,21,3,5,5,3,400,,,,,,000060,,member_to_leader,5,5,1
1806,0,RX,16,5,5,16,3,15,3,400,,,,,,000060,,member_to_leader,3,3,1
1807,0,RX,17,5,14,17,1,7,3,400,,,,,,000060,,member_to_leader,1,1,1
1817,0,TX,5,5,5,16,3,18,3,400,2,0,0,,,000060,,member_to_leader,3,3,1
1821,0,TX,14,5,14,17,1,9,3,400,3,0,0,,,000060,,member_to_leader,1,1,1
1825,0,TX,21,5,21,12,4,6,3,400,3,0,0,,,000060,,member_to_leader,4,4,1
1880,0,RX,1,5,21,1,10,5,3,83,,,,,,000060,,leader_to_rsu,10,10,1
1881,0,RX,9,5,14,9,2,8,3,400,,,,,,000060,,member_to_leader,2,2,1
1882,0,RX,16,5,5,16,3,16,3,400,,,,,,000060,,member_to_leader,3,3,1
1892,0,TX,5,5,5,16,3,19,3,400,3,0,0,,,000060,,member_to_leader,3,3,1
1896,0,TX,14,5,14,9,2,10,3,400,4,0,0,,,000060,,member_to_leader,2,2,1
1900,0,TX,21,5,21,3,5,7,3,355,4,0,0,,,000060,,member_to_leader,5,5,1
1955,0,RX,12,5,21,12,4,5,3,400,,,,,,000060,,member_to_leader,4,4,1
1956,0,RX,16,5,5,16,3,17,3,400,,,,,,000060,,member_to_leader,3,3,1
1957,0,RX,17,5,14,17,1,8,3,400,,,,,,000060,,member_to_leader,1,1,1
1967,0,TX,5,5,5,16,3,20,3,400,4,0,0,,,000060,,member_to_leader,3,3,1
1971,0,TX,14,5,14,17,1,10,3,400,5,0,0,,,000060,,member_to_leader,1,1,1
1972,0,TX,21,5,21,12,4,7,3,400,5,0,0,,,000060,,member_to_leader,4,4,1
2027,0,RX,3,5,21,3,5,6,3,400,,,,,,000060,,member_to_leader,5,5,1
2028,0,RX,9,5,14,9,2,9,3,400,,,,,,000060,,member_to_leader,2,2,1
2029,0,RX,16,5,5,16,3,18,3,400,,,,,,000060,,member_to_leader,3,3,1
2039,0,TX,5,5,5,16,3,21,3,400,5,0,0,,,000060,,member_to_leader,3,3,1
2043,0,TX,14,5,14,9,2,11,3,400,6,0,0,,,000060,,member_to_leader,2,2,1
2047,0,TX,21,5,21,12,4,8,3,400,6,0,0,,,000060,,member_to_leader,4,4,1
2102,0,RX,12,5,21,12,4,6,3,400,,,,,,000060,,member_to_leader,4,4,1
2103,0,RX,16,5,5,16,3,19,3,400,,,,,,000060,,member_to_leader,3,3,1
2104,0,RX,17,5,14,17,1,9,3,400,,,,,,000060,,member_to_leader,1,1,1
2114,0,TX,5,5,5,16,3,22,3,400,6,0,0,,,000060,,member_to_leader,3,3,1
2118,0,TX,14,5,14,17,1,11,3,400,7,0,0,,,000060,,member_to_leader,1,1,1
2122,0,TX,21,5,21,12,4,9,3,400,7,0,0,,,000060,,member_to_leader,4,4,1
2177,0,RX,3,5,21,3,5,7,3,355,,,,,,000060,,member_to_leader,5,5,1
2178,0,RX,9,5,14,9,2,10,3,400,,,,,,000060,,member_to_leader,2,2,1
2179,0,RX,16,5,5,16,3,20,3,400,,,,,,000060,,member_to_leader,3,3,1
2189,0,TX,5,5,5,16,3,23,3,400,7,0,0,,,000060,,member_to_leader,3,3,1
2193,0,TX,14,5,14,9,2,12,3,400,8,0,0,,,000060,,member_to_leader,2,2,1
2197,0,TX,21,5,21,12,4,10,3,400,8,0,0,,,000060,,member_to_leader,4,4,1
2252,0,RX,12,5,21,12,4,7,3,400,,,,,,000060,,member_to_leader,4,4,1
2253,0,RX,16,5,5,16,3,21,3,400,,,,,,000060,,member_to_leader,3,3,1
2254,0,RX,17,5,14,17,1,10,3,400,,,,,,000060,,member_to_leader,1,1,1
2264,0,TX,5,5,5,16,3,24,3,400,8,0,0,,,000060,,member_to_leader,3,3,1
2268,0,TX,14,5,14,17,1,12,3,400,9,0,0,,,000060,,member_to_leader,1,1,1
2272,0,TX,21,5,21,12,4,11,3,400,9,0,0,,,000060,,member_to_leader,4,4,1
2327,0,RX,9,5,14,9,2,11,3,400,,,,,,000060,,member_to_leader,2,2,1
2328,0,RX,12,5,21,12,4,8,3,400,,,,,,000060,,member_to_leader,4,4,1
2329,0,RX,16,5,5,16,3,22,3,400,,,,,,000060,,member_to_leader,3,3,1
2341,0,TX,5,5,5,16,3,25,3,400,9,0,0,,,000060,,member_to_leader,3,3,1
2345,0,TX,14,5,14,9,2,13,3,400,10,0,0,,,000060,,member_to_leader,2,2,1
2349,0,TX,21,5,21,12,4,12,3,400,10,0,0,,,000060,,member_to_leader,4,4,1
2404,0,RX,12,5,21,12,4,9,3,400,,,,,,000060,,member_to_leader,4,4,1
2405,0,RX,16,5,5,16,3,23,3,400,,,,,,000060,,member_to_leader,3,3,1
2406,0,RX,17,5,14,17,1,11,3,400,,,,,,000060,,member_to_leader,1,1,1
2416,0,TX,5,5,5,16,7,26,3,400,10,0,0,,,000060,,member_to_leader,7,7,1
2420,0,TX,14,5,14,17,1,13,3,400,11,0,0,,,000060,,member_to_leader,1,1,1
2424,0,TX,21,5,21,12,4,13,3,400,11,0,0,,,000060,,member_to_leader,4,4,1
2479,0,RX,9,5,14,9,2,12,3,400,,,,,,000060,,member_to_leader,2,2,1
2480,0,RX,12,5,21,12,4,10,3,400,,,,,,000060,,member_to_leader,4,4,1
2481,0,RX,16,5,5,16,3,24,3,400,,,,,,000060,,member_to_leader,3,3,1
2491,0,TX,5,5,5,16,7,27,3,400,11,0,0,,,000060,,member_to_leader,7,7,1
2495,0,TX,14,5,14,9,2,14,3,400,12,0,0,,,000060,,member_to_leader,2,2,1
2499,0,TX,21,5,21,12,4,14,3,400,12,0,0,,,000060,,member_to_leader,4,4,1
2505,0,TX,20,5,20,2,6,8,2,16,8,0,0,,,000060,,member_to_leader,6,6,1
2560,0,RX,12,5,21,12,4,11,3,400,,,,,,000060,,member_to_leader,4,4,1
2561,0,RX,16,5,5,16,3,25,3,400,,,,,,000060,,member_to_leader,3,3,1
2566,0,RX,17,5,14,17,1,12,3,400,,,,,,000060,,member_to_leader,1,1,1
2577,0,TX,5,5,5,16,7,28,3,400,12,0,0,,,000060,,member_to_leader,7,7,1
2581,0,TX,14,5,14,17,1,14,3,400,13,0,0,,,000060,,member_to_leader,1,1,1
2585,0,TX,21,5,21,12,4,15,3,400,13,0,0,,,000060,,member_to_leader,4,4,1
2654,0,RX,9,5,14,9,2,13,3,400,,,,,,000060,,member_to_leader,2,2,1
2655,0,RX,12,5,21,12,4,12,3,400,,,,,,000060,,member_to_leader,4,4,1
2656,0,RX,16,5,5,16,7,26,3,400,,,,,,000060,,member_to_leader,7,7,1
2668,0,TX,5,5,5,16,7,29,3,400,13,0,0,,,000060,,member_to_leader,7,7,1
2672,0,TX,14,5,14,9,2,15,3,400,14,0,0,,,000060,,member_to_leader,2,2,1
2676,0,TX,21,5,21,12,4,16,3,3,14,0,0,,,000060,,member_to_leader,4,4,1
2731,0,RX,2,5,20,2,6,8,2,16,,,,,,000060,,member_to_leader,6,6,1
2736,0,RX,12,5,21,12,4,13,3,400,,,,,,000060,,member_to_leader,4,4,1
2737,0,RX,16,5,5,16,7,27,3,400,,,,,,000060,,member_to_leader,7,7,1
2738,0,RX,17,5,14,17,1,13,3,400,,,,,,000060,,member_to_leader,1,1,1
2749,0,TX,5,5,5,16,7,30,3,400,14,0,0,,,000060,,member_to_leader,7,7,1
2753,0,TX,14,5,14,17,1,15,3,400,15,0,0,,,000060,,member_to_leader,1,1,1
2757,0,TX,3,5,3,1,9,11,2,22,11,0,0,,,000060,,leader_to_rsu,9,9,1
2812,0,RX,9,5,14,9,2,14,3,400,,,,,,000060,,member_to_leader,2,2,1
2813,0,RX,12,5,21,12,4,14,3,400,,,,,,000060,,member_to_leader,4,4,1
2814,0,RX,16,5,5,16,7,28,3,400,,,,,,000060,,member_to_leader,7,7,1
2824,0,TX,5,5,5,16,7,31,3,400,15,0,0,,,000060,,member_to_leader,7,7,1
2828,0,TX,14,5,14,9,2,16,3,400,0,0,0,,,000060,,member_to_leader,2,2,1
2897,0,RX,12,5,21,12,4,15,3,400,,,,,,000060,,member_to_leader,4,4,1
2898,0,RX,16,5,5,16,7,29,3,400,,,,,,000060,,member_to_leader,7,7,1
2899,0,RX,17,5,14,17,1,14,3,400,,,,,,000060,,member_to_leader,1,1,1
2911,0,TX,5,5,5,16,7,32,3,38,0,0,0,,,000060,,member_to_leader,7,7,1
2915,0,TX,14,5,14,17,1,16,3,400,1,0,0,,,000060,,member_to_leader,1,1,1
2954,0,RX,1,5,3,1,9,11,2,22,,,,,,000060,,leader_to_rsu,9,9,1
2959,0,RX,9,5,14,9,2,15,3,400,,,,,,000060,,member_to_leader,2,2,1
2960,0,RX,12,5,21,12,4,16,3,3,,,,,,000060,,member_to_leader,4,4,1
2961,0,RX,16,5,5,16,7,30,3,400,,,,,,000060,,member_to_leader,7,7,1
2970,0,TX,14,5,14,9,2,17,3,400,2,0,0,,,000060,,member_to_leader,2,2,1
3009,0,RX,16,5,5,16,7,31,3,400,,,,,,000060,,member_to_leader,7,7,1
3010,0,RX,17,5,14,17,1,15,3,400,,,,,,000060,,member_to_leader,1,1,1
3018,0,TX,14,5,14,17,1,17,3,400,3,0,0,,,000060,,member_to_leader,1,1,1
3039,0,RX,9,5,14,9,2,16,3,400,,,,,,000060,,member_to_leader,2,2,1
3040,0,RX,16,5,5,16,7,32,3,38,,,,,,000060,,member_to_leader,7,7,1
3046,0,TX,14,5,14,9,2,18,3,400,4,0,0,,,000060,,member_to_leader,2,2,1
3052,0,TX,21,5,21,1,10,6,2,12,15,0,0,,,000060,,leader_to_rsu,10,10,1
3073,0,RX,17,5,14,17,1,16,3,400,,,,,,000060,,member_to_leader,1,1,1
3079,0,TX,14,5,14,17,1,18,3,400,5,0,0,,,000060,,member_to_leader,1,1,1
3118,0,RX,9,5,14,9,2,17,3,400,,,,,,000060,,member_to_leader,2,2,1
3126,0,TX,14,5,14,9,2,19,3,400,6,0,0,,,000060,,member_to_leader,2,2,1
3147,0,RX,1,5,21,1,10,6,2,12,,,,,,000060,,leader_to_rsu,10,10,1
3152,0,RX,17,5,14,17,1,17,3,400,,,,,,000060,,member_to_leader,1,1,1
3159,0,TX,14,5,14,17,1,19,3,400,7,0,0,,,000060,,member_to_leader,1,1,1
3180,0,RX,9,5,14,9,2,18,3,400,,,,,,000060,,member_to_leader,2,2,1
3186,0,TX,14,5,14,9,2,20,3,400,8,0,0,,,000060,,member_to_leader,2,2,1
3192,0,TX,21,5,21,3,5,8,2,16,0,0,0,,,000060,,member_to_leader,5,5,1
3213,0,RX,17,5,14,17,1,18,3,400,,,,,,000060,,member_to_leader,1,1,1
3219,0,TX,14,5,14,17,1,20,3,400,9,0,0,,,000060,,member_to_leader,1,1,1
3258,0,RX,9,5,14,9,2,19,3,400,,,,,,000060,,member_to_leader,2,2,1
3266,0,TX,14,5,14,9,2,21,3,400,10,0,0,,,000060,,member_to_leader,2,2,1
3287,0,RX,3,5,21,3,5,8,2,16,,,,,,000060,,member_to_leader,5,5,1
3288,0,RX,17,5,14,17,1,19,3,400,,,,,,000060,,member_to_leader,1,1,1
3294,0,TX,14,5,14,17,1,21,3,400,11,0,0,,,000060,,member_to_leader,1,1,1
3315,0,RX,9,5,14,9,2,20,3,400,,,,,,000060,,member_to_leader,2,2,1
3321,0,TX,14,5,14,9,2,22,3,400,12,0,0,,,000060,,member_to_leader,2,2,1
3342,0,RX,17,5,14,17,1,20,3,400,,,,,,000060,,member_to_leader,1,1,1
3348,0,TX,14,5,14,17,1,22,3,400,13,0,0,,,000060,,member_to_leader,1,1,1
3369,0,RX,9,5,14,9,2,21,3,400,,,,,,000060,,member_to_leader,2,2,1
3375,0,TX,14,5,14,9,2,23,3,400,14,0,0,,,000060,,member_to_leader,2,2,1
3396,0,RX,17,5,14,17,1,21,3,400,,,,,,000060,,member_to_leader,1,1,1
3402,0,TX,14,5,14,17,1,23,3,400,15,0,0,,,000060,,member_to_leader,1,1,1
3423,0,RX,9,5,14,9,2,22,3,400,,,,,,000060,,member_to_leader,2,2,1
3429,0,TX,14,5,14,9,2,24,3,400,0,0,0,,,000060,,member_to_leader,2,2,1
3450,0,RX,17,5,14,17,1,22,3,400,,,,,,000060,,member_to_leader,1,1,1
3456,0,TX,14,5,14,17,1,24,3,400,1,0,0,,,000060,,member_to_leader,1,1,1
3477,0,RX,9,5,14,9,2,23,3,400,,,,,,000060,,member_to_leader,2,2,1
3483,0,TX,14,5,14,9,2,25,3,400,2,0,0,,,000060,,member_to_leader,2,2,1
3489,0,TX,21,5,21,12,4,17,2,34,1,0,0,,,000060,,member_to_leader,4,4,1
3510,0,RX,17,5,14,17,1,23,3,400,,,,,,000060,,member_to_leader,1,1,1
3516,0,TX,14,5,14,17,1,25,3,400,3,0,0,,,000060,,member_to_leader,1,1,1
3555,0,RX,9,5,14,9,2,24,3,400,,,,,,000060,,member_to_leader,2,2,1
3563,0,TX,14,5,14,9,2,26,3,400,4,0,0,,,000060,,member_to_leader,2,2,1
3584,0,RX,12,5,21,12,4,17,2,34,,,,,,000060,,member_to_leader,4,4,1
3589,0,RX,17,5,14,17,1,24,3,400,,,,,,000060,,member_to_leader,1,1,1
3596,0,TX,14,5,14,17,1,26,3,400,5,0,0,,,000060,,member_to_leader,1,1,1
3600,0,TX,5,5,5,16,7,33,2,66,1,0,0,,,000060,,member_to_leader,7,7,1
3621,0,RX,9,5,14,9,2,25,3,400,,,,,,000060,,member_to_leader,2,2,1
3627,0,TX,14,5,14,9,2,27,3,400,6,0,0,,,000060,,member_to_leader,2,2,1
3666,0,RX,17,5,14,17,1,25,3,400,,,,,,000060,,member_to_leader,1,1,1
3674,0,TX,14,5,14,17,1,27,3,400,7,0,0,,,000060,,member_to_leader,1,1,1
3695,0,RX,9,5,14,9,2,26,3,400,,,,,,000060,,member_to_leader,2,2,1
3696,0,RX,16,5,5,16,7,33,2,66,,,,,,000060,,member_to_leader,7,7,1
3707,0,TX,14,5,14,9,2,28,3,400,8,0,0,,,000060,,member_to_leader,2,2,1
3728,0,RX,17,5,14,17,1,26,3,400,,,,,,000060,,member_to_leader,1,1,1
3734,0,TX,14,5,14,17,1,28,3,400,9,0,0,,,000060,,member_to_leader,1,1,1
3755,0,RX,9,5,14,9,2,27,3,400,,,,,,000060,,member_to_leader,2,2,1
3761,0,TX,14,5,14,9,2,29,3,400,10,0,0,,,000060,,member_to_leader,2,2,1
3782,0,RX,17,5,14,17,1,27,3,400,,,,,,000060,,member_to_leader,1,1,1
3788,0,TX,14,5,14,17,1,29,3,400,11,0,0,,,000060,,member_to_leader,1,1,1
3809,0,RX,9,5,14,9,2,28,3,400,,,,,,000060,,member_to_leader,2,2,1
3815,0,TX,14,5,14,9,2,30,3,275,12,0,0,,,000060,,member_to_leader,2,2,1
3836,0,RX,17,5,14,17,1,28,3,400,,,,,,000060,,member_to_leader,1,1,1
3839,0,TX,14,5,14,17,1,30,3,400,13,0,0,,,000060,,member_to_leader,1,1,1
3860,0,RX,9,5,14,9,2,29,3,400,,,,,,000060,,member_to_leader,2,2,1
3866,0,TX,14,5,14,17,1,31,3,400,14,0,0,,,000060,,member_to_leader,1,1,1
3887,0,RX,17,5,14,17,1,29,3,400,,,,,,000060,,member_to_leader,1,1,1
3893,0,TX,14,5,14,17,1,32,3,400,15,0,0,,,000060,,member_to_leader,1,1,1
3914,0,RX,9,5,14,9,2,30,3,275,,,,,,000060,,member_to_leader,2,2,1
3920,0,TX,14,5,14,17,1,33,3,67,0,0,0,,,000060,,member_to_leader,1,1,1
3941,0,RX,17,5,14,17,1,30,3,400,,,,,,000060,,member_to_leader,1,1,1
3964,0,RX,17,5,14,17,1,31,3,400,,,,,,000060,,member_to_leader,1,1,1
3987,0,RX,17,5,14,17,1,32,3,400,,,,,,000060,,member_to_leader,1,1,1
3990,0,RX,17,5,14,17,1,33,3,67,,,,,,000060,,member_to_leader,1,1,1
3996,0,TX,14,5,14,9,2,31,2,62,1,0,0,,,000060,,member_to_leader,2,2,1
4019,0,RX,9,5,14,9,2,31,2,62,,,,,,000060,,member_to_leader,2,2,1
4030,0,TX,14,5,14,17,1,34,2,68,2,0,0,,,000060,,member_to_leader,1,1,1
4053,0,RX,17,5,14,17,1,34,2,68,,,,,,000060,,member_to_leader,1,1,1
4122,1,TX,14,5,14,9,12,32,1,400,3,0,0,,,000062,,member_to_leader,12,12,1
4123,1,TX,14,5,14,17,11,35,1,400,4,0,0,,,000062,,member_to_leader,11,11,1
4133,1,TX,21,5,21,1,20,7,1,400,2,0,0,,,000062,,leader_to_rsu,20,20,1
4134,1,TX,21,5,21,3,16,9,1,400,3,0,0,,,000062,,member_to_leader,16,16,1
4140,1,TX,3,5,3,1,18,12,1,400,12,0,0,,,000062,,leader_to_rsu,18,18,1
4144,1,TX,20,5,20,2,14,9,1,400,9,0,0,,,000062,,member_to_leader,14,14,1
4148,1,TX,16,5,16,5,15,0,1,400,0,0,0,,,000062,,member_to_leader,15,15,1
4155,1,TX,14,5,14,9,12,33,3,400,5,0,0,,,000062,,member_to_leader,12,12,1
4162,1,TX,21,5,21,12,13,18,1,400,4,0,0,,,000062,,member_to_leader,13,13,1
4166,1,TX,3,5,3,1,18,13,3,400,13,0,0,,,000062,,leader_to_rsu,18,18,1
4170,1,TX,20,5,20,2,14,10,3,400,10,0,0,,,000062,,member_to_leader,14,14,1
4174,1,TX,16,5,16,5,15,1,3,400,1,0,0,,,000062,,member_to_leader,15,15,1
4268,1,TX,14,5,14,17,11,36,3,400,6,0,0,,,000062,,member_to_leader,11,11,1
4272,1,TX,21,5,21,1,20,8,3,400,5,0,0,,,000062,,leader_to_rsu,20,20,1
4276,1,TX,3,5,3,1,18,14,3,400,14,0,0,,,000062,,leader_to_rsu,18,18,1
4280,1,TX,20,5,20,2,14,11,3,400,11,0,0,,,000062,,member_to_leader,14,14,1
4284,1,TX,16,5,16,5,15,2,3,400,2,0,0,,,000062,,member_to_leader,15,15,1
4365,1,RX,1,5,3,1,18,12,1,400,,,,,,000062,,leader_to_rsu,18,18,1
4366,1,RX,1,5,21,1,20,7,1,400,,,,,,000062,,leader_to_rsu,20,20,1
4367,1,RX,2,5,20,2,14,9,1,400,,,,,,000062,,member_to_leader,14,14,1
4368,1,RX,5,5,16,5,15,0,1,400,,,,,,000062,,member_to_leader,15,15,1
4369,1,RX,9,5,14,9,12,32,1,400,,,,,,000062,,member_to_leader,12,12,1
4381,1,TX,14,5,14,9,12,34,3,400,7,0,0,,,000062,,member_to_leader,12,12,1
4385,1,TX,21,5,21,3,16,10,3,400,6,0,0,,,000062,,member_to_leader,16,16,1
4389,1,TX,3,5,3,1,18,15,3,400,15,0,0,,,000062,,leader_to_rsu,18,18,1
4393,1,TX,20,5,20,2,14,12,3,400,12,0,0,,,000062,,member_to_leader,14,14,1
4397,1,TX,16,5,16,5,15,3,3,400,3,0,0,,,000062,,member_to_leader,15,15,1
4478,1,RX,1,5,3,1,18,13,3,400,,,,,,000062,,leader_to_rsu,18,18,1
4479,1,RX,2,5,20,2,14,10,3,400,,,,,,000062,,member_to_leader,14,14,1
4480,1,RX,5,5,16,5,15,1,3,400,,,,,,000062,,member_to_leader,15,15,1
4481,1,RX,17,5,14,17,11,35,1,400,,,,,,000062,,member_to_leader,11,11,1
4495,1,TX,14,5,14,17,11,37,3,400,8,0,0,,,000062,,member_to_leader,11,11,1
4499,1,TX,21,5,21,12,13,19,3,400,7,0,0,,,000062,,member_to_leader,13,13,1
4503,1,TX,3,5,3,1,18,16,3,400,0,0,0,,,000062,,leader_to_rsu,18,18,1
4507,1,TX,20,5,20,2,14,13,3,400,13,0,0,,,000062,,member_to_leader,14,14,1
4511,1,TX,16,5,16,5,15,4,3,400,4,0,0,,,000062,,member_to_leader,15,15,1
4592,1,RX,1,5,3,1,18,14,3,400,,,,,,000062,,leader_to_rsu,18,18,1
4593,1,RX,2,5,20,2,14,11,3,400,,,,,,000062,,member_to_leader,14,14,1
4594,1,RX,5,5,16,5,15,2,3,400,,,,,,000062,,member_to_leader,15,15,1
4595,1,RX,9,5,14,9,12,33,3,400,,,,,,000062,,member_to_leader,12,12,1
4596,1,RX,12,5,21,12,13,18,1,400,,,,,,000062,,member_to_leader,13,13,1
4610,1,TX,14,5,14,9,12,35,3,400,9,0,0,,,000062,,member_to_leader,12,12,1
4614,1,TX,21,5,21,1,20,9,3,400,8,0,0,,,000062,,leader_to_rsu,20,20,1
4618,1,TX,3,5,3,1,18,17,3,400,1,0,0,,,000062,,leader_to_rsu,18,18,1
4622,1,TX,20,5,20,2,14,14,3,400,14,0,0,,,000062,,member_to_leader,14,14,1
4626,1,TX,16,5,16,5,15,5,3,400,5,0,0,,,000062,,member_to_leader,15,15,1
4707,1,RX,1,5,3,1,18,15,3,400,,,,,,000062,,leader_to_rsu,18,18,1
4708,1,RX,1,5,21,1,20,8,3,400,,,,,,000062,,leader_to_rsu,20,20,1
4709,1,RX,2,5,20,2,14,12,3,400,,,,,,000062,,member_to_leader,14,14,1
4710,1,RX,5,5,16,5,15,3,3,400,,,,,,000062,,member_to_leader,15,15,1
4711,1,RX,17,5,14,17,11,36,3,400,,,,,,000062,,member_to_leader,11,11,1
4723,1,TX,14,5,14,17,11,38,3,400,10,0,0,,,000062,,member_to_leader,11,11,1
4727,1,TX,21,5,21,3,16,11,3,400,9,0,0,,,000062,,member_to_leader,16,16,1
4733,1,TX,3,5,3,1,19,18,3,400,2,0,0,,,000062,,leader_to_rsu,19,19,1
4737,1,TX,20,5,20,2,14,15,3,400,15,0,0,,,000062,,member_to_leader,14,14,1
4741,1,TX,16,5,16,5,15,6,3,400,6,0,0,,,000062,,member_to_leader,15,15,1
4822,1,RX,1,5,3,1,18,16,3,400,,,,,,000062,,leader_to_rsu,18,18,1
4823,1,RX,2,5,20,2,14,13,3,400,,,,,,000062,,member_to_leader,14,14,1
4824,1,RX,5,5,16,5,15,4,3,400,,,,,,000062,,member_to_leader,15,15,1
4825,1,RX,9,5,14,9,12,34,3,400,,,,,,000062,,member_to_leader,12,12,1
4839,1,TX,14,5,14,9,12,36,3,400,11,0,0,,,000062,,member_to_leader,12,12,1
4843,1,TX,21,5,21,12,13,20,3,400,10,0,0,,,000062,,member_to_leader,13,13,1
4847,1,TX,3,5,3,1,19,19,3,400,3,0,0,,,000062,,leader_to_rsu,19,19,1
4851,1,TX,20,5,20,2,14,16,3,400,0,0,0,,,000062,,member_to_leader,14,14,1
4855,1,TX,16,5,16,5,15,7,3,400,7,0,0,,,000062,,member_to_leader,15,15,1
4936,1,RX,1,5,3,1,18,17,3,400,,,,,,000062,,leader_to_rsu,18,18,1
4941,1,RX,2,5,20,2,14,14,3,400,,,,,,000062,,member_to_leader,14,14,1
4942,1,RX,5,5,16,5,15,5,3,400,,,,,,000062,,member_to_leader,15,15,1
4943,1,RX,12,5,21,12,13,19,3,400,,,,,,000062,,member_to_leader,13,13,1
4944,1,RX,17,5,14,17,11,37,3,400,,,,,,000062,,member_to_leader,11,11,1
4959,1,TX,14,5,14,17,11,39,3,400,12,0,0,,,000062,,member_to_leader,11,11,1
4963,1,TX,21,5,21,1,20,10,3,400,11,0,0,,,000062,,leader_to_rsu,20,20,1
4967,1,TX,3,5,3,1,19,20,3,400,4,0,0,,,000062,,leader_to_rsu,19,19,1
4971,1,TX,20,5,20,2,14,17,3,400,1,0,0,,,000062,,member_to_leader,14,14,1
4975,1,TX,16,5,16,5,15,8,3,3,8,0,0,,,000062,,member_to_leader,15,15,1
5056,1,RX,1,5,3,1,19,18,3,400,,,,,,000062,,leader_to_rsu,19,19,1
5057,1,RX,1,5,21,1,20,9,3,400,,,,,,000062,,leader_to_rsu,20,20,1
5058,1,RX,2,5,20,2,14,15,3,400,,,,,,000062,,member_to_leader,14,14,1
5059,1,RX,5,5,16,5,15,6,3,400,,,,,,000062,,member_to_leader,15,15,1
5060,1,RX,9,5,14,9,12,35,3,400,,,,,,000062,,member_to_leader,12,12,1
5072,1,TX,14,5,14,9,12,37,3,400,13,0,0,,,000062,,member_to_leader,12,12,1
5076,1,TX,21,5,21,3,16,12,3,400,12,0,0,,,000062,,member_to_leader,16,16,1
5080,1,TX,3,5,3,1,19,21,3,400,5,0,0,,,000062,,leader_to_rsu,19,19,1
5084,1,TX,20,5,20,2,14,18,3,400,2,0,0,,,000062,,member_to_leader,14,14,1
5165,1,RX,1,5,3,1,19,19,3,400,,,,,,000062,,leader_to_rsu,19,19,1
5166,1,RX,2,5,20,2,14,16,3,400,,,,,,000062,,member_to_leader,14,14,1
5167,1,RX,5,5,16,5,15,7,3,400,,,,,,000062,,member_to_leader,15,15,1
5168,1,RX,17,5,14,17,11,38,3,400,,,,,,000062,,member_to_leader,11,11,1
5182,1,TX,14,5,14,17,11,40,3,400,14,0,0,,,000062,,member_to_leader,11,11,1
5186,1,TX,21,5,21,12,13,21,3,400,13,0,0,,,000062,,member_to_leader,13,13,1
5190,1,TX,3,5,3,1,19,22,3,166,6,0,0,,,000062,,leader_to_rsu,19,19,1
5196,1,TX,20,5,20,2,14,19,3,400,3,0,0,,,000062,,member_to_leader,14,14,1
5265,1,RX,1,5,3,1,19,20,3,400,,,,,,000062,,leader_to_rsu,19,19,1
5266,1,RX,2,5,20,2,14,17,3,400,,,,,,000062,,member_to_leader,14,14,1
5267,1,RX,5,5,16,5,15,8,3,3,,,,,,000062,,member_to_leader,15,15,1
5268,1,RX,9,5,14,9,12,36,3,400,,,,,,000062,,member_to_leader,12,12,1
5269,1,RX,12,5,21,12,13,20,3,400,,,,,,000062,,member_to_leader,13,13,1
5281,1,TX,14,5,14,9,12,38,3,400,15,0,0,,,000062,,member_to_leader,12,12,1
5285,1,TX,21,5,21,1,20,11,3,400,14,0,0,,,000062,,leader_to_rsu,20,20,1
5289,1,TX,20,5,20,2,17,20,3,400,4,0,0,,,000062,,member_to_leader,17,17,1
5358,1,RX,1,5,3,1,19,21,3,400,,,,,,000062,,leader_to_rsu,19,19,1
5359,1,RX,1,5,21,1,20,10,3,400,,,,,,000062,,leader_to_rsu,20,20,1
5360,1,RX,2,5,20,2,14,18,3,400,,,,,,000062,,member_to_leader,14,14,1
5361,1,RX,17,5,14,17,11,39,3,400,,,,,,000062,,member_to_leader,11,11,1
5371,1,TX,14,5,14,17,11,41,3,400,0,0,0,,,000062,,member_to_leader,11,11,1
5375,1,TX,21,5,21,3,16,13,3,400,15,0,0,,,000062,,member_to_leader,16,16,1
5379,1,TX,20,5,20,2,17,21,3,400,5,0,0,,,000062,,member_to_leader,17,17,1
5434,1,RX,1,5,3,1,19,22,3,166,,,,,,000062,,leader_to_rsu,19,19,1
5435,1,RX,2,5,20,2,14,19,3,400,,,,,,000062,,member_to_leader,14,14,1
5440,1,RX,9,5,14,9,12,37,3,400,,,,,,000062,,member_to_leader,12,12,1
5451,1,TX,14,5,14,9,12,39,3,400,1,0,0,,,000062,,member_to_leader,12,12,1
5455,1,TX,21,5,21,12,13,22,3,400,0,0,0,,,000062,,member_to_leader,13,13,1
5459,1,TX,20,5,20,2,17,22,3,400,6,0,0,,,000062,,member_to_leader,17,17,1
5514,1,RX,2,5,20,2,17,20,3,400,,,,,,000062,,member_to_leader,17,17,1
5515,1,RX,12,5,21,12,13,21,3,400,,,,,,000062,,member_to_leader,13,13,1
5516,1,RX,17,5,14,17,11,40,3,400,,,,,,000062,,member_to_leader,11,11,1
5526,1,TX,14,5,14,17,11,42,3,400,2,0,0,,,000062,,member_to_leader,11,11,1
5530,1,TX,21,5,21,1,20,12,3,83,1,0,0,,,000062,,leader_to_rsu,20,20,1
5534,1,TX,20,5,20,2,17,23,3,400,7,0,0,,,000062,,member_to_leader,17,17,1
5589,1,RX,1,5,21,1,20,11,3,400,,,,,,000062,,leader_to_rsu,20,20,1
5590,1,RX,2,5,20,2,17,21,3,400,,,,,,000062,,member_to_leader,17,17,1
5591,1,RX,9,5,14,9,12,38,3,400,,,,,,000062,,member_to_leader,12,12,1
5601,1,TX,14,5,14,9,12,40,3,400,3,0,0,,,000062,,member_to_leader,12,12,1
5602,1,TX,21,5,21,3,16,14,3,400,2,0,0,,,000062,,member_to_leader,16,16,1
5606,1,TX,20,5,20,2,17,24,3,400,8,0,0,,,000062,,member_to_leader,17,17,1
5661,1,RX,2,5,20,2,17,22,3,400,,,,,,000062,,member_to_leader,17,17,1
5662,1,RX,3,5,21,3,16,13,3,400,,,,,,000062,,member_to_leader,16,16,1
5663,1,RX,17,5,14,17,11,41,3,400,,,,,,000062,,member_to_leader,11,11,1
5673,1,TX,14,5,14,17,11,43,3,400,4,0,0,,,000062,,member_to_leader,11,11,1
5677,1,TX,21,5,21,12,13,23,3,400,3,0,0,,,000062,,member_to_leader,13,13,1
5681,1,TX,20,5,20,2,17,25,3,400,9,0,0,,,000062,,member_to_leader,17,17,1
5736,1,RX,2,5,20,2,17,23,3,400,,,,,,000062,,member_to_leader,17,17,1
5737,1,RX,9,5,14,9,12,39,3,400,,,,,,000062,,member_to_leader,12,12,1
5738,1,RX,12,5,21,12,13,22,3,400,,,,,,000062,,member_to_leader,13,13,1
5748,1,TX,14,5,14,9,12,41,3,400,5,0,0,,,000062,,member_to_leader,12,12,1
5752,1,TX,21,5,21,3,16,15,3,400,4,0,0,,,000062,,member_to_leader,16,16,1
5756,1,TX,20,5,20,2,17,26,3,400,10,0,0,,,000062,,member_to_leader,17,17,1
5811,1,RX,1,5,21,1,20,12,3,83,,,,,,000062,,leader_to_rsu,20,20,1
5812,1,RX,2,5,20,2,17,24,3,400,,,,,,000062,,member_to_leader,17,17,1
5813,1,RX,17,5,14,17,11,42,3,400,,,,,,000062,,member_to_leader,11,11,1
5823,1,TX,14,5,14,17,11,44,3,400,6,0,0,,,000062,,member_to_leader,11,11,1
5827,1,TX,21,5,21,12,13,24,3,400,5,0,0,,,000062,,member_to_leader,13,13,1
5831,1,TX,20,5,20,2,17,27,3,70,11,0,0,,,000062,,member_to_leader,17,17,1
5886,1,RX,2,5,20,2,17,25,3,400,,,,,,000062,,member_to_leader,17,17,1
5887,1,RX,3,5,21,3,16,14,3,400,,,,,,000062,,member_to_leader,16,16,1
5888,1,RX,9,5,14,9,12,40,3,400,,,,,,000062,,member_to_leader,12,12,1
5898,1,TX,14,5,14,9,12,42,3,400,7,0,0,,,000062,,member_to_leader,12,12,1
5902,1,TX,21,5,21,3,16,16,3,355,6,0,0,,,000062,,member_to_leader,16,16,1
5957,1,RX,2,5,20,2,17,26,3,400,,,,,,000062,,member_to_leader,17,17,1
5958,1,RX,12,5,21,12,13,23,3,400,,,,,,000062,,member_to_leader,13,13,1
5959,1,RX,17,5,14,17,11,43,3,400,,,,,,000062,,member_to_leader,11,11,1
5969,1,TX,14,5,14,17,11,45,3,400,8,0,0,,,000062,,member_to_leader,11,11,1
5970,1,TX,21,5,21,12,13,25,3,400,7,0,0,,,000062,,member_to_leader,13,13,1
6009,1,RX,2,5,20,2,17,27,3,70,,,,,,000062,,member_to_leader,17,17,1
6010,1,RX,3,5,21,3,16,15,3,400,,,,,,000062,,member_to_leader,16,16,1
6011,1,RX,9,5,14,9,12,41,3,400,,,,,,000062,,member_to_leader,12,12,1
6019,1,TX,14,5,14,9,12,43,3,400,9,0,0,,,000062,,member_to_leader,12,12,1
6023,1,TX,21,5,21,12,13,26,3,400,8,0,0,,,000062,,member_to_leader,13,13,1
6062,1,RX,12,5,21,12,13,24,3,400,,,,,,000062,,member_to_leader,13,13,1
6063,1,RX,17,5,14,17,11,44,3,400,,,,,,000062,,member_to_leader,11,11,1
6071,1,TX,14,5,14,17,11,46,3,400,10,0,0,,,000062,,member_to_leader,11,11,1
6075,1,TX,21,5,21,12,13,27,3,400,9,0,0,,,000062,,member_to_leader,13,13,1
6114,1,RX,3,5,21,3,16,16,3,355,,,,,,000062,,member_to_leader,16,16,1
6115,1,RX,9,5,14,9,12,42,3,400,,,,,,000062,,member_to_leader,12,12,1
6123,1,TX,14,5,14,9,12,44,3,400,11,0,0,,,000062,,member_to_leader,12,12,1
6127,1,TX,21,5,21,12,13,28,3,400,10,0,0,,,000062,,member_to_leader,13,13,1
6166,1,RX,12,5,21,12,13,25,3,400,,,,,,000062,,member_to_leader,13,13,1
6167,1,RX,17,5,14,17,11,45,3,400,,,,,,000062,,member_to_leader,11,11,1
6175,1,TX,14,5,14,17,11,47,3,400,12,0,0,,,000062,,member_to_leader,11,11,1
6179,1,TX,21,5,21,12,13,29,3,400,11,0,0,,,000062,,member_to_leader,13,13,1
6218,1,RX,9,5,14,9,12,43,3,400,,,,,,000062,,member_to_leader,12,12,1
6219,1,RX,12,5,21,12,13,26,3,400,,,,,,000062,,member_to_leader,13,13,1
6227,1,TX,14,5,14,9,12,45,3,400,13,0,0,,,000062,,member_to_leader,12,12,1
6231,1,TX,21,5,21,12,13,30,3,400,12,0,0,,,000062,,member_to_leader,13,13,1
6270,1,RX,12,5,21,12,13,27,3,400,,,,,,000062,,member_to_leader,13,13,1
6271,1,RX,17,5,14,17,11,46,3,400,,,,,,000062,,member_to_leader,11,11,1
6279,1,TX,14,5,14,17,11,48,3,400,14,0,0,,,000062,,member_to_leader,11,11,1
6283,1,TX,21,5,21,12,13,31,3,400,13,0,0,,,000062,,member_to_leader,13,13,1
6322,1,RX,9,5,14,9,12,44,3,400,,,,,,000062,,member_to_leader,12,12,1
6323,1,RX,12,5,21,12,13,28,3,400,,,,,,000062,,member_to_leader,13,13,1
6331,1,TX,14,5,14,9,12,46,3,400,15,0,0,,,000062,,member_to_leader,12,12,1
6335,1,TX,21,5,21,12,13,32,3,400,14,0,0,,,000062,,member_to_leader,13,13,1
6374,1,RX,12,5,21,12,13,29,3,400,,,,,,000062,,member_to_leader,13,13,1
6375,1,RX,17,5,14,17,11,47,3,400,,,,,,000062,,member_to_leader,11,11,1
6383,1,TX,14,5,14,17,11,49,3,400,0,0,0,,,000062,,member_to_leader,11,11,1
6387,1,TX,21,5,21,12,13,33,3,400,15,0,0,,,000062,,member_to_leader,13,13,1
6393,1,TX,16,5,16,5,15,9,2,18,9,0,0,,,000062,,member_to_leader,15,15,1
6432,1,RX,9,5,14,9,12,45,3,400,,,,,,000062,,member_to_leader,12,12,1
6433,1,RX,12,5,21,12,13,30,3,400,,,,,,000062,,member_to_leader,13,13,1
6441,1,TX,14,5,14,9,12,47,3,400,1,0,0,,,000062,,member_to_leader,12,12,1
6445,1,TX,21,5,21,12,13,34,3,3,0,0,0,,,000062,,member_to_leader,13,13,1
6500,1,RX,12,5,21,12,13,31,3,400,,,,,,000062,,member_to_leader,13,13,1
6501,1,RX,17,5,14,17,11,48,3,400,,,,,,000062,,member_to_leader,11,11,1
6511,1,TX,14,5,14,17,11,50,3,400,2,0,0,,,000062,,member_to_leader,11,11,1
6515,1,TX,3,5,3,1,19,23,2,22,7,0,0,,,000062,,leader_to_rsu,19,19,1
6554,1,RX,5,5,16,5,15,9,2,18,,,,,,000062,,member_to_leader,15,15,1
6559,1,RX,9,5,14,9,12,46,3,400,,,,,,000062,,member_to_leader,12,12,1
6560,1,RX,12,5,21,12,13,32,3,400,,,,,,000062,,member_to_leader,13,13,1
6569,1,TX,14,5,14,9,12,48,3,400,3,0,0,,,000062,,member_to_leader,12,12,1
6624,1,RX,12,5,21,12,13,33,3,400,,,,,,000062,,member_to_leader,13,13,1
6625,1,RX,17,5,14,17,11,49,3,400,,,,,,000062,,member_to_leader,11,11,1
6635,1,TX,14,5,14,17,11,51,3,400,4,0,0,,,000062,,member_to_leader,11,11,1
6656,1,RX,1,5,3,1,19,23,2,22,,,,,,000062,,leader_to_rsu,19,19,1
6661,1,RX,9,5,14,9,12,47,3,400,,,,,,000062,,member_to_leader,12,12,1
6662,1,RX,12,5,21,12,13,34,3,3,,,,,,000062,,member_to_leader,13,13,1
6669,1,TX,14,5,14,9,12,49,3,400,5,0,0,,,000062,,member_to_leader,12,12,1
6690,1,RX,17,5,14,17,11,50,3,400,,,,,,000062,,member_to_leader,11,11,1
6696,1,TX,14,5,14,17,11,52,3,400,6,0,0,,,000062,,member_to_leader,11,11,1
6702,1,TX,21,5,21,1,20,13,2,12,1,0,0,,,000062,,leader_to_rsu,20,20,1
6723,1,RX,9,5,14,9,12,48,3,400,,,,,,000062,,member_to_leader,12,12,1
6729,1,TX,14,5,14,9,12,50,3,400,7,0,0,,,000062,,member_to_leader,12,12,1
6768,1,RX,17,5,14,17,11,51,3,400,,,,,,000062,,member_to_leader,11,11,1
6776,1,TX,14,5,14,17,11,53,3,400,8,0,0,,,000062,,member_to_leader,11,11,1
6797,1,RX,1,5,21,1,20,13,2,12,,,,,,000062,,leader_to_rsu,20,20,1
6802,1,RX,9,5,14,9,12,49,3,400,,,,,,000062,,member_to_leader,12,12,1
6809,1,TX,14,5,14,9,12,51,3,400,9,0,0,,,000062,,member_to_leader,12,12,1
6830,1,RX,17,5,14,17,11,52,3,400,,,,,,000062,,member_to_leader,11,11,1
6836,1,TX,14,5,14,17,11,54,3,400,10,0,0,,,000062,,member_to_leader,11,11,1
6840,1,TX,20,5,20,2,17,28,2,38,12,0,0,,,000062,,member_to_leader,17,17,1
6861,1,RX,9,5,14,9,12,50,3,400,,,,,,000062,,member_to_leader,12,12,1
6867,1,TX,14,5,14,9,12,52,3,400,11,0,0,,,000062,,member_to_leader,12,12,1
6873,1,TX,21,5,21,3,16,17,2,16,2,0,0,,,000062,,member_to_leader,16,16,1
6912,1,RX,17,5,14,17,11,53,3,400,,,,,,000062,,member_to_leader,11,11,1
6920,1,TX,14,5,14,17,11,55,3,400,12,0,0,,,000062,,member_to_leader,11,11,1
6959,1,RX,2,5,20,2,17,28,2,38,,,,,,000062,,member_to_leader,17,17,1
6964,1,RX,9,5,14,9,12,51,3,400,,,,,,000062,,member_to_leader,12,12,1
6973,1,TX,14,5,14,9,12,53,3,400,13,0,0,,,000062,,member_to_leader,12,12,1
6994,1,RX,3,5,21,3,16,17,2,16,,,,,,000062,,member_to_leader,16,16,1
6995,1,RX,17,5,14,17,11,54,3,400,,,,,,000062,,member_to_leader,11,11,1
7001,1,TX,14,5,14,17,11,56,3,400,14,0,0,,,000062,,member_to_leader,11,11,1
7022,1,RX,9,5,14,9,12,52,3,400,,,,,,000062,,member_to_leader,12,12,1
7028,1,TX,14,5,14,9,12,54,3,400,15,0,0,,,000062,,member_to_leader,12,12,1
7049,1,RX,17,5,14,17,11,55,3,400,,,,,,000062,,member_to_leader,11,11,1
7055,1,TX,14,5,14,17,11,57,3,400,0,0,0,,,000062,,member_to_leader,11,11,1
7076,1,RX,9,5,14,9,12,53,3,400,,,,,,000062,,member_to_leader,12,12,1
7082,1,TX,14,5,14,9,12,55,3,400,1,0,0,,,000062,,member_to_leader,12,12,1
7103,1,RX,17,5,14,17,11,56,3,400,,,,,,000062,,member_to_leader,11,11,1
7109,1,TX,14,5,14,17,11,58,3,400,2,0,0,,,000062,,member_to_leader,11,11,1
7130,1,RX,9,5,14,9,12,54,3,400,,,,,,000062,,member_to_leader,12,12,1
7136,1,TX,14,5,14,9,12,56,3,400,3,0,0,,,000062,,member_to_leader,12,12,1
7157,1,RX,17,5,14,17,11,57,3,400,,,,,,000062,,member_to_leader,11,11,1
7163,1,TX,14,5,14,17,11,59,3,400,4,0,0,,,000062,,member_to_leader,11,11,1
7184,1,RX,9,5,14,9,12,55,3,400,,,,,,000062,,member_to_leader,12,12,1
7190,1,TX,14,5,14,9,12,57,3,400,5,0,0,,,000062,,member_to_leader,12,12,1
7196,1,TX,21,5,21,12,13,35,2,34,3,0,0,,,000062,,member_to_leader,13,13,1
7217,1,RX,17,5,14,17,11,58,3,400,,,,,,000062,,member_to_leader,11,11,1
7223,1,TX,14,5,14,17,11,60,3,400,6,0,0,,,000062,,member_to_leader,11,11,1
7262,1,RX,9,5,14,9,12,56,3,400,,,,,,000062,,member_to_leader,12,12,1
7270,1,TX,14,5,14,9,12,58,3,400,7,0,0,,,000062,,member_to_leader,12,12,1
7291,1,RX,12,5,21,12,13,35,2,34,,,,,,000062,,member_to_leader,13,13,1
7296,1,RX,17,5,14,17,11,59,3,400,,,,,,000062,,member_to_leader,11,11,1
7303,1,TX,14,5,14,17,11,61,3,400,8,0,0,,,000062,,member_to_leader,11,11,1
7324,1,RX,9,5,14,9,12,57,3,400,,,,,,000062,,member_to_leader,12,12,1
7330,1,TX,14,5,14,9,12,59,3,400,9,0,0,,,000062,,member_to_leader,12,12,1
7351,1,RX,17,5,14,17,11,60,3,400,,,,,,000062,,member_to_leader,11,11,1
7357,1,TX,14,5,14,17,11,62,3,400,10,0,0,,,000062,,member_to_leader,11,11,1
7378,1,RX,9,5,14,9,12,58,3,400,,,,,,000062,,member_to_leader,12,12,1
7384,1,TX,14,5,14,9,12,60,3,400,11,0,0,,,000062,,member_to_leader,12,12,1
7405,1,RX,17,5,14,17,11,61,3,400,,,,,,000062,,member_to_leader,11,11,1
7411,1,TX,14,5,14,17,11,63,3,400,12,0,0,,,000062,,member_to_leader,11,11,1
7432,1,RX,9,5,14,9,12,59,3,400,,,,,,000062,,member_to_leader,12,12,1
7438,1,TX,14,5,14,9,12,61,3,400,13,0,0,,,000062,,member_to_leader,12,12,1
7459,1,RX,17,5,14,17,11,62,3,400,,,,,,000062,,member_to_leader,11,11,1
7465,1,TX,14,5,14,17,11,64,3,400,14,0,0,,,000062,,member_to_leader,11,11,1
7486,1,RX,9,5,14,9,12,60,3,400,,,,,,000062,,member_to_leader,12,12,1
7492,1,TX,14,5,14,9,12,62,3,195,15,0,0,,,000062,,member_to_leader,12,12,1
7513,1,RX,17,5,14,17,11,63,3,400,,,,,,000062,,member_to_leader,11,11,1
7516,1,TX,14,5,14,17,11,65,3,400,0,0,0,,,000062,,member_to_leader,11,11,1
7537,1,RX,9,5,14,9,12,61,3,400,,,,,,000062,,member_to_leader,12,12,1
7543,1,TX,14,5,14,17,11,66,3,400,1,0,0,,,000062,,member_to_leader,11,11,1
7564,1,RX,17,5,14,17,11,64,3,400,,,,,,000062,,member_to_leader,11,11,1
7570,1,TX,14,5,14,17,11,67,3,400,2,0,0,,,000062,,member_to_leader,11,11,1
7591,1,RX,9,5,14,9,12,62,3,195,,,,,,000062,,member_to_leader,12,12,1
7597,1,TX,14,5,14,17,11,68,3,67,3,0,0,,,000062,,member_to_leader,11,11,1
7618,1,RX,17,5,14,17,11,65,3,400,,,,,,000062,,member_to_leader,11,11,1
7641,1,RX,17,5,14,17,11,66,3,400,,,,,,000062,,member_to_leader,11,11,1
7664,1,RX,17,5,14,17,11,67,3,400,,,,,,000062,,member_to_leader,11,11,1
7667,1,RX,17,5,14,17,11,68,3,67,,,,,,000062,,member_to_leader,11,11,1
7673,1,TX,14,5,14,9,12,63,2,62,4,0,0,,,000062,,member_to_leader,12,12,1
7696,1,RX,9,5,14,9,12,63,2,62,,,,,,000062,,member_to_leader,12,12,1
7707,1,TX,14,5,14,17,11,69,2,68,5,0,0,,,000062,,member_to_leader,11,11,1
7730,1,RX,17,5,14,17,11,69,2,68,,,,,,000062,,member_to_leader,11,11,1
7792,2,TX,14,5,14,17,21,70,1,400,6,0,0,,,000064,,member_to_leader,21,21,1
7802,2,TX,21,5,21,3,23,18,1,400,5,0,0,,,000064,,member_to_leader,23,23,1
7803,2,TX,21,5,21,12,22,36,1,400,4,0,0,,,000064,,member_to_leader,22,22,1
7809,2,TX,20,5,20,2,24,29,1,400,13,0,0,,,000064,,member_to_leader,24,24,1
7816,2,TX,3,5,3,1,28,24,1,400,8,0,0,,,000064,,leader_to_rsu,28,28,1
7817,2,TX,3,5,3,21,27,0,1,400,9,0,0,,,000064,,member_to_leader,27,27,1
7821,2,TX,16,5,16,5,25,10,1,400,10,0,0,,,000064,,member_to_leader,25,25,1
7827,2,TX,5,5,5,16,26,34,1,400,2,0,0,,,000064,,member_to_leader,26,26,1
7831,2,TX,14,5,14,17,21,71,3,400,7,0,0,,,000064,,member_to_leader,21,21,1
7838,2,TX,21,5,21,1,30,14,1,400,6,0,0,,,000064,,leader_to_rsu,30,30,1
7842,2,TX,20,5,20,2,24,30,3,400,14,0,0,,,000064,,member_to_leader,24,24,1
7851,2,TX,3,5,3,1,28,25,3,400,10,0,0,,,000064,,leader_to_rsu,28,28,1
7855,2,TX,16,5,16,5,25,11,3,400,11,0,0,,,000064,,member_to_leader,25,25,1
7859,2,TX,5,5,5,16,26,35,3,400,3,0,0,,,000064,,member_to_leader,26,26,1
7961,2,TX,14,5,14,17,21,72,3,400,8,0,0,,,000064,,member_to_leader,21,21,1
7965,2,TX,21,5,21,12,22,37,3,400,7,0,0,,,000064,,member_to_leader,22,22,1
7969,2,TX,20,5,20,2,24,31,3,400,15,0,0,,,000064,,member_to_leader,24,24,1
7973,2,TX,3,5,3,21,27,1,3,400,11,0,0,,,000064,,member_to_leader,27,27,1
7977,2,TX,16,5,16,5,25,12,3,400,12,0,0,,,000064,,member_to_leader,25,25,1
7981,2,TX,5,5,5,16,26,36,3,400,4,0,0,,,000064,,member_to_leader,26,26,1
8072,2,RX,1,5,3,1,28,24,1,400,,,,,,000064,,leader_to_rsu,28,28,1
8073,2,RX,2,5,20,2,24,29,1,400,,,,,,000064,,member_to_leader,24,24,1
8074,2,RX,12,5,21,12,22,36,1,400,,,,,,000064,,member_to_leader,22,22,1
8075,2,RX,17,5,14,17,21,70,1,400,,,,,,000064,,member_to_leader,21,21,1
8083,2,TX,14,5,14,17,21,73,3,400,9,0,0,,,000064,,member_to_leader,21,21,1
8087,2,TX,21,5,21,3,23,19,3,400,8,0,0,,,000064,,member_to_leader,23,23,1
8091,2,TX,20,5,20,2,24,32,3,400,0,0,0,,,000064,,member_to_leader,24,24,1
8095,2,TX,3,5,3,1,28,26,3,400,12,0,0,,,000064,,leader_to_rsu,28,28,1
8099,2,TX,16,5,16,5,25,13,3,400,13,0,0,,,000064,,member_to_leader,25,25,1
8103,2,TX,5,5,5,16,26,37,3,400,5,0,0,,,000064,,member_to_leader,26,26,1
8194,2,RX,2,5,20,2,24,30,3,400,,,,,,000064,,member_to_leader,24,24,1
8195,2,RX,17,5,14,17,21,71,3,400,,,,,,000064,,member_to_leader,21,21,1
8207,2,TX,14,5,14,17,21,74,3,400,10,0,0,,,000064,,member_to_leader,21,21,1
8211,2,TX,21,5,21,1,30,15,3,400,9,0,0,,,000064,,leader_to_rsu,30,30,1
8215,2,TX,20,5,20,2,24,33,3,400,1,0,0,,,000064,,member_to_leader,24,24,1
8219,2,TX,3,5,3,21,27,2,3,400,13,0,0,,,000064,,member_to_leader,27,27,1
8223,2,TX,16,5,16,5,25,14,3,400,14,0,0,,,000064,,member_to_leader,25,25,1
8227,2,TX,5,5,5,16,26,38,3,400,6,0,0,,,000064,,member_to_leader,26,26,1
8318,2,RX,1,5,3,1,28,25,3,400,,,,,,000064,,leader_to_rsu,28,28,1
8319,2,RX,1,5,21,1,30,14,1,400,,,,,,000064,,leader_to_rsu,30,30,1
8320,2,RX,2,5,20,2,24,31,3,400,,,,,,000064,,member_to_leader,24,24,1
8321,2,RX,17,5,14,17,21,72,3,400,,,,,,000064,,member_to_leader,21,21,1
8331,2,TX,14,5,14,17,21,75,3,400,11,0,0,,,000064,,member_to_leader,21,21,1
8335,2,TX,21,5,21,12,22,38,3,400,10,0,0,,,000064,,member_to_leader,22,22,1
8339,2,TX,20,5,20,2,24,34,3,400,2,0,0,,,000064,,member_to_leader,24,24,1
8343,2,TX,3,5,3,1,28,27,3,400,14,0,0,,,000064,,leader_to_rsu,28,28,1
8347,2,TX,16,5,16,5,25,15,3,400,15,0,0,,,000064,,member_to_leader,25,25,1
8351,2,TX,5,5,5,16,26,39,3,400,7,0,0,,,000064,,member_to_leader,26,26,1
8442,2,RX,2,5,20,2,24,32,3,400,,,,,,000064,,member_to_leader,24,24,1
8443,2,RX,12,5,21,12,22,37,3,400,,,,,,000064,,member_to_leader,22,22,1
8444,2,RX,17,5,14,17,21,73,3,400,,,,,,000064,,member_to_leader,21,21,1
8454,2,TX,14,5,14,17,21,76,3,400,12,0,0,,,000064,,member_to_leader,21,21,1
8458,2,TX,21,5,21,3,23,20,3,400,11,0,0,,,000064,,member_to_leader,23,23,1
8462,2,TX,20,5,20,2,24,35,3,400,3,0,0,,,000064,,member_to_leader,24,24,1
8466,2,TX,3,5,3,21,27,3,3,400,15,0,0,,,000064,,member_to_leader,27,27,1
8470,2,TX,16,5,16,5,25,16,3,400,0,0,0,,,000064,,member_to_leader,25,25,1
8474,2,TX,5,5,5,16,26,40,3,400,8,0,0,,,000064,,member_to_leader,26,26,1
8565,2,RX,1,5,3,1,28,26,3,400,,,,,,000064,,leader_to_rsu,28,28,1
8566,2,RX,2,5,20,2,24,33,3,400,,,,,,000064,,member_to_leader,24,24,1
8567,2,RX,17,5,14,17,21,74,3,400,,,,,,000064,,member_to_leader,21,21,1
8577,2,TX,14,5,14,17,21,77,3,400,13,0,0,,,000064,,member_to_leader,21,21,1
8581,2,TX,21,5,21,1,30,16,3,400,12,0,0,,,000064,,leader_to_rsu,30,30,1
8585,2,TX,20,5,20,2,24,36,3,275,4,0,0,,,000064,,member_to_leader,24,24,1
8589,2,TX,3,5,3,1,28,28,3,400,0,0,0,,,000064,,leader_to_rsu,28,28,1
8593,2,TX,16,5,16,5,25,17,3,211,1,0,0,,,000064,,member_to_leader,25,25,1
8597,2,TX,5,5,5,16,26,41,3,51,9,0,0,,,000064,,member_to_leader,26,26,1
8688,2,RX,1,5,21,1,30,15,3,400,,,,,,000064,,leader_to_rsu,30,30,1
8689,2,RX,2,5,20,2,24,34,3,400,,,,,,000064,,member_to_leader,24,24,1
8690,2,RX,17,5,14,17,21,75,3,400,,,,,,000064,,member_to_leader,21,21,1
8702,2,TX,14,5,14,17,21,78,3,400,14,0,0,,,000064,,member_to_leader,21,21,1
8706,2,TX,21,5,21,12,22,39,3,400,13,0,0,,,000064,,member_to_leader,22,22,1
8710,2,TX,3,5,3,21,27,4,3,400,1,0,0,,,000064,,member_to_leader,27,27,1
8801,2,RX,1,5,3,1,28,27,3,400,,,,,,000064,,leader_to_rsu,28,28,1
8802,2,RX,2,5,20,2,24,35,3,400,,,,,,000064,,member_to_leader,24,24,1
8803,2,RX,12,5,21,12,22,38,3,400,,,,,,000064,,member_to_leader,22,22,1
8804,2,RX,17,5,14,17,21,76,3,400,,,,,,000064,,member_to_leader,21,21,1
8812,2,TX,14,5,14,17,21,79,3,400,15,0,0,,,000064,,member_to_leader,21,21,1
8816,2,TX,21,5,21,3,23,21,3,400,14,0,0,,,000064,,member_to_leader,23,23,1
8820,2,TX,3,5,3,1,28,29,3,400,2,0,0,,,000064,,leader_to_rsu,28,28,1
8875,2,RX,2,5,20,2,24,36,3,275,,,,,,000064,,member_to_leader,24,24,1
8876,2,RX,17,5,14,17,21,77,3,400,,,,,,000064,,member_to_leader,21,21,1
8886,2,TX,14,5,14,17,21,80,3,400,0,0,0,,,000064,,member_to_leader,21,21,1
8890,2,TX,21,5,21,1,30,17,3,400,15,0,0,,,000064,,leader_to_rsu,30,30,1
8894,2,TX,3,5,3,21,27,5,3,400,3,0,0,,,000064,,member_to_leader,27,27,1
8949,2,RX,1,5,3,1,28,28,3,400,,,,,,000064,,leader_to_rsu,28,28,1
8950,2,RX,1,5,21,1,30,16,3,400,,,,,,000064,,leader_to_rsu,30,30,1
8951,2,RX,17,5,14,17,21,78,3,400,,,,,,000064,,member_to_leader,21,21,1
8959,2,TX,14,5,14,17,21,81,3,400,1,0,0,,,000064,,member_to_leader,21,21,1
8963,2,TX,21,5,21,12,22,40,3,400,0,0,0,,,000064,,member_to_leader,22,22,1
8967,2,TX,3,5,3,1,29,30,3,400,4,0,0,,,000064,,leader_to_rsu,29,29,1
9022,2,RX,12,5,21,12,22,39,3,400,,,,,,000064,,member_to_leader,22,22,1
9023,2,RX,17,5,14,17,21,79,3,400,,,,,,000064,,member_to_leader,21,21,1
9031,2,TX,14,5,14,17,21,82,3,400,2,0,0,,,000064,,member_to_leader,21,21,1
9035,2,TX,21,5,21,3,23,22,3,400,1,0,0,,,000064,,member_to_leader,23,23,1
9041,2,TX,3,5,3,21,27,6,3,67,5,0,0,,,000064,,member_to_leader,27,27,1
9096,2,RX,1,5,3,1,28,29,3,400,,,,,,000064,,leader_to_rsu,28,28,1
9101,2,RX,17,5,14,17,21,80,3,400,,,,,,000064,,member_to_leader,21,21,1
9110,2,TX,14,5,14,17,21,83,3,400,3,0,0,,,000064,,member_to_leader,21,21,1
9114,2,TX,21,5,21,1,30,18,3,400,2,0,0,,,000064,,leader_to_rsu,30,30,1
9115,2,TX,3,5,3,1,29,31,3,400,6,0,0,,,000064,,leader_to_rsu,29,29,1
9170,2,RX,1,5,21,1,30,17,3,400,,,,,,000064,,leader_to_rsu,30,30,1
9171,2,RX,17,5,14,17,21,81,3,400,,,,,,000064,,member_to_leader,21,21,1
9181,2,TX,14,5,14,17,21,84,3,400,4,0,0,,,000064,,member_to_leader,21,21,1
9185,2,TX,21,5,21,12,22,41,3,400,3,0,0,,,000064,,member_to_leader,22,22,1
9189,2,TX,3,5,3,1,29,32,3,400,7,0,0,,,000064,,leader_to_rsu,29,29,1
9244,2,RX,1,5,3,1,29,30,3,400,,,,,,000064,,leader_to_rsu,29,29,1
9245,2,RX,12,5,21,12,22,40,3,400,,,,,,000064,,member_to_leader,22,22,1
9246,2,RX,17,5,14,17,21,82,3,400,,,,,,000064,,member_to_leader,21,21,1
9252,2,TX,14,5,14,17,21,85,3,400,5,0,0,,,000064,,member_to_leader,21,21,1
9256,2,TX,21,5,21,3,23,23,3,400,4,0,0,,,000064,,member_to_leader,23,23,1
9260,2,TX,3,5,3,1,29,33,3,400,8,0,0,,,000064,,leader_to_rsu,29,29,1
9315,2,RX,17,5,14,17,21,83,3,400,,,,,,000064,,member_to_leader,21,21,1
9325,2,TX,14,5,14,17,21,86,3,400,6,0,0,,,000064,,member_to_leader,21,21,1
9329,2,TX,21,5,21,1,30,19,3,83,5,0,0,,,000064,,leader_to_rsu,30,30,1
9333,2,TX,3,5,3,1,29,34,3,166,9,0,0,,,000064,,leader_to_rsu,29,29,1
9388,2,RX,1,5,3,1,29,31,3,400,,,,,,000064,,leader_to_rsu,29,29,1
9389,2,RX,1,5,21,1,30,18,3,400,,,,,,000064,,leader_to_rsu,30,30,1
9390,2,RX,17,5,14,17,21,84,3,400,,,,,,000064,,member_to_leader,21,21,1
9400,2,TX,14,5,14,17,21,87,3,400,7,0,0,,,000064,,member_to_leader,21,21,1
9401,2,TX,21,5,21,12,22,42,3,400,6,0,0,,,000064,,member_to_leader,22,22,1
9456,2,RX,1,5,3,1,29,32,3,400,,,,,,000064,,leader_to_rsu,29,29,1
9457,2,RX,12,5,21,12,22,41,3,400,,,,,,000064,,member_to_leader,22,22,1
9458,2,RX,17,5,14,17,21,85,3,400,,,,,,000064,,member_to_leader,21,21,1
9466,2,TX,14,5,14,17,21,88,3,400,8,0,0,,,000064,,member_to_leader,21,21,1
9470,2,TX,21,5,21,3,23,24,3,400,7,0,0,,,000064,,member_to_leader,23,23,1
9525,2,RX,1,5,3,1,29,33,3,400,,,,,,000064,,leader_to_rsu,29,29,1
9526,2,RX,17,5,14,17,21,86,3,400,,,,,,000064,,member_to_leader,21,21,1
9536,2,TX,14,5,14,17,21,89,3,400,9,0,0,,,000064,,member_to_leader,21,21,1
9540,2,TX,21,5,21,12,22,43,3,400,8,0,0,,,000064,,member_to_leader,22,22,1
9579,2,RX,1,5,3,1,29,34,3,166,,,,,,000064,,leader_to_rsu,29,29,1
9580,2,RX,1,5,21,1,30,19,3,83,,,,,,000064,,leader_to_rsu,30,30,1
9581,2,RX,17,5,14,17,21,87,3,400,,,,,,000064,,member_to_leader,21,21,1
9589,2,TX,14,5,14,17,21,90,3,400,10,0,0,,,000064,,member_to_leader,21,21,1
9593,2,TX,21,5,21,3,23,25,3,355,9,0,0,,,000064,,member_to_leader,23,23,1
9632,2,RX,12,5,21,12,22,42,3,400,,,,,,000064,,member_to_leader,22,22,1
9633,2,RX,17,5,14,17,21,88,3,400,,,,,,000064,,member_to_leader,21,21,1
9641,2,TX,14,5,14,17,21,91,3,400,11,0,0,,,000064,,member_to_leader,21,21,1
9642,2,TX,21,5,21,12,22,44,3,400,10,0,0,,,000064,,member_to_leader,22,22,1
9681,2,RX,3,5,21,3,23,24,3,400,,,,,,000064,,member_to_leader,23,23,1
9682,2,RX,17,5,14,17,21,89,3,400,,,,,,000064,,member_to_leader,21,21,1
9690,2,TX,14,5,14,17,21,92,3,400,12,0,0,,,000064,,member_to_leader,21,21,1
9694,2,TX,21,5,21,12,22,45,3,400,11,0,0,,,000064,,member_to_leader,22,22,1
9733,2,RX,12,5,21,12,22,43,3,400,,,,,,000064,,member_to_leader,22,22,1
9734,2,RX,17,5,14,17,21,90,3,400,,,,,,000064,,member_to_leader,21,21,1
9742,2,TX,14,5,14,17,21,93,3,400,13,0,0,,,000064,,member_to_leader,21,21,1
9746,2,TX,21,5,21,12,22,46,3,400,12,0,0,,,000064,,member_to_leader,22,22,1
9785,2,RX,3,5,21,3,23,25,3,355,,,,,,000064,,member_to_leader,23,23,1
9786,2,RX,17,5,14,17,21,91,3,400,,,,,,000064,,member_to_leader,21,21,1
9794,2,TX,14,5,14,17,21,94,3,400,14,0,0,,,000064,,member_to_leader,21,21,1
9798,2,TX,21,5,21,12,22,47,3,400,13,0,0,,,000064,,member_to_leader,22,22,1
9837,2,RX,12,5,21,12,22,44,3,400,,,,,,000064,,member_to_leader,22,22,1
9838,2,RX,17,5,14,17,21,92,3,400,,,,,,000064,,member_to_leader,21,21,1
9846,2,TX,14,5,14,17,21,95,3,400,15,0,0,,,000064,,member_to_leader,21,21,1
9850,2,TX,21,5,21,12,22,48,3,400,14,0,0,,,000064,,member_to_leader,22,22,1
9889,2,RX,12,5,21,12,22,45,3,400,,,,,,000064,,member_to_leader,22,22,1
9890,2,RX,17,5,14,17,21,93,3,400,,,,,,000064,,member_to_leader,21,21,1
9898,2,TX,14,5,14,17,21,96,3,400,0,0,0,,,000064,,member_to_leader,21,21,1
9902,2,TX,21,5,21,12,22,49,3,400,15,0,0,,,000064,,member_to_leader,22,22,1
9941,2,RX,12,5,21,12,22,46,3,400,,,,,,000064,,member_to_leader,22,22,1
9942,2,RX,17,5,14,17,21,94,3,400,,,,,,000064,,member_to_leader,21,21,1
9950,2,TX,14,5,14,17,21,97,3,400,1,0,0,,,000064,,member_to_leader,21,21,1
9954,2,TX,21,5,21,12,22,50,3,400,0,0,0,,,000064,,member_to_leader,22,22,1
9958,2,TX,20,5,20,2,24,37,2,16,5,0,0,,,000064,,member_to_leader,24,24,1
9964,2,TX,16,5,16,5,25,18,2,16,2,0,0,,,000064,,member_to_leader,25,25,1
9968,2,TX,5,5,5,16,26,42,2,16,10,0,0,,,000064,,member_to_leader,26,26,1
10007,2,RX,12,5,21,12,22,47,3,400,,,,,,000064,,member_to_leader,22,22,1
10008,2,RX,17,5,14,17,21,95,3,400,,,,,,000064,,member_to_leader,21,21,1
10016,2,TX,14,5,14,17,21,98,3,400,2,0,0,,,000064,,member_to_leader,21,21,1
10020,2,TX,21,5,21,12,22,51,3,400,1,0,0,,,000064,,member_to_leader,22,22,1
10101,2,RX,12,5,21,12,22,48,3,400,,,,,,000064,,member_to_leader,22,22,1
10102,2,RX,17,5,14,17,21,96,3,400,,,,,,000064,,member_to_leader,21,21,1
10112,2,TX,14,5,14,17,21,99,3,400,3,0,0,,,000064,,member_to_leader,21,21,1
10116,2,TX,21,5,21,12,22,52,3,3,2,0,0,,,000064,,member_to_leader,22,22,1
10155,2,RX,2,5,20,2,24,37,2,16,,,,,,000064,,member_to_leader,24,24,1
10160,2,RX,12,5,21,12,22,49,3,400,,,,,,000064,,member_to_leader,22,22,1
10161,2,RX,17,5,14,17,21,97,3,400,,,,,,000064,,member_to_leader,21,21,1
10170,2,TX,14,5,14,17,21,100,3,400,4,0,0,,,000064,,member_to_leader,21,21,1
10209,2,RX,12,5,21,12,22,50,3,400,,,,,,000064,,member_to_leader,22,22,1
10210,2,RX,17,5,14,17,21,98,3,400,,,,,,000064,,member_to_leader,21,21,1
10218,2,TX,14,5,14,17,21,101,3,400,5,0,0,,,000064,,member_to_leader,21,21,1
10257,2,RX,12,5,21,12,22,51,3,400,,,,,,000064,,member_to_leader,22,22,1
10258,2,RX,17,5,14,17,21,99,3,400,,,,,,000064,,member_to_leader,21,21,1
10266,2,TX,14,5,14,17,21,102,3,400,6,0,0,,,000064,,member_to_leader,21,21,1
10272,2,TX,3,5,3,21,27,7,2,14,10,0,0,,,000064,,member_to_leader,27,27,1
10293,2,RX,12,5,21,12,22,52,3,3,,,,,,000064,,member_to_leader,22,22,1
10294,2,RX,17,5,14,17,21,100,3,400,,,,,,000064,,member_to_leader,21,21,1
10300,2,TX,14,5,14,17,21,103,3,67,7,0,0,,,000064,,member_to_leader,21,21,1
10339,2,RX,17,5,14,17,21,101,3,400,,,,,,000064,,member_to_leader,21,21,1
10364,2,RX,17,5,14,17,21,102,3,400,,,,,,000064,,member_to_leader,21,21,1
10365,2,RX,21,5,3,21,27,7,2,14,,,,,,000064,,member_to_leader,27,27,1
10368,2,RX,17,5,14,17,21,103,3,67,,,,,,000064,,member_to_leader,21,21,1
10372,2,TX,3,5,3,1,29,35,2,22,11,0,0,,,000064,,leader_to_rsu,29,29,1
10378,2,TX,21,5,21,1,30,20,2,12,3,0,0,,,000064,,leader_to_rsu,30,30,1
10421,2,RX,1,5,21,1,30,20,2,12,,,,,,000064,,leader_to_rsu,30,30,1
10426,2,RX,1,5,3,1,29,35,2,22,,,,,,000064,,leader_to_rsu,29,29,1
10438,2,TX,21,5,21,3,23,26,2,16,4,0,0,,,000064,,member_to_leader,23,23,1
10461,2,RX,3,5,21,3,23,26,2,16,,,,,,000064,,member_to_leader,23,23,1
10467,2,TX,21,5,21,12,22,53,2,34,5,0,0,,,000064,,member_to_leader,22,22,1
10490,2,RX,12,5,21,12,22,53,2,34,,,,,,000064,,member_to_leader,22,22,1
10501,2,TX,14,5,14,17,21,104,2,68,8,0,0,,,000064,,member_to_leader,21,21,1
10524,2,RX,17,5,14,17,21,104,2,68,,,,,,000064,,member_to_leader,21,21,1
