cav_capacity_units_per_ms,rsu_capacity_areas_per_ms,timestamp,leader_max_load,covered_area_count,local_fusion_ms,rsu_aggregation_ms,compute_latency_ms,bottleneck
2.000000,10.000000,000060,9.000000,40.000000,4.500000,4.000000,8.500000,cav_local_fusion
2.000000,10.000000,000062,10.000000,40.000000,5.000000,4.000000,9.000000,cav_local_fusion
2.000000,10.000000,000064,10.000000,40.000000,5.000000,4.000000,9.000000,cav_local_fusion
2.000000,10.000000,000066,10.000000,40.000000,5.000000,4.000000,9.000000,cav_local_fusion
2.000000,10.000000,000068,9.000000,40.000000,4.500000,4.000000,8.500000,cav_local_fusion
2.000000,10.000000,000070,10.000000,40.000000,5.000000,4.000000,9.000000,cav_local_fusion
2.000000,10.000000,000072,8.000000,40.000000,4.000000,4.000000,8.000000,cav_local_fusion
2.000000,10.000000,000074,8.000000,40.000000,4.000000,4.000000,8.000000,cav_local_fusion
2.000000,10.000000,000076,8.000000,40.000000,4.000000,4.000000,8.000000,cav_local_fusion
2.000000,10.000000,000078,7.000000,40.000000,3.500000,4.000000,7.500000,rsu_aggregation
2.000000,10.000000,000080,8.000000,40.000000,4.000000,4.000000,8.000000,cav_local_fusion
2.000000,20.000000,000060,9.000000,40.000000,4.500000,2.000000,6.500000,cav_local_fusion
2.000000,20.000000,000062,10.000000,40.000000,5.000000,2.000000,7.000000,cav_local_fusion
2.000000,20.000000,000064,10.000000,40.000000,5.000000,2.000000,7.000000,cav_local_fusion
2.000000,20.000000,000066,10.000000,40.000000,5.000000,2.000000,7.000000,cav_local_fusion
2.000000,20.000000,000068,9.000000,40.000000,4.500000,2.000000,6.500000,cav_local_fusion
2.000000,20.000000,000070,10.000000,40.000000,5.000000,2.000000,7.000000,cav_local_fusion
2.000000,20.000000,000072,8.000000,40.000000,4.000000,2.000000,6.000000,cav_local_fusion
2.000000,20.000000,000074,8.000000,40.000000,4.000000,2.000000,6.000000,cav_local_fusion
2.000000,20.000000,000076,8.000000,40.000000,4.000000,2.000000,6.000000,cav_local_fusion
2.000000,20.000000,000078,7.000000,40.000000,3.500000,2.000000,5.500000,cav_local_fusion
2.000000,20.000000,000080,8.000000,40.000000,4.000000,2.000000,6.000000,cav_local_fusion
2.000000,40.000000,000060,9.000000,40.000000,4.500000,1.000000,5.500000,cav_local_fusion
2.000000,40.000000,000062,10.000000,40.000000,5.000000,1.000000,6.000000,cav_local_fusion
2.000000,40.000000,000064,10.000000,40.000000,5.000000,1.000000,6.000000,cav_local_fusion
2.000000,40.000000,000066,10.000000,40.000000,5.000000,1.000000,6.000000,cav_local_fusion
2.000000,40.000000,000068,9.000000,40.000000,4.500000,1.000000,5.500000,cav_local_fusion
2.000000,40.000000,000070,10.000000,40.000000,5.000000,1.000000,6.000000,cav_local_fusion
2.000000,40.000000,000072,8.000000,40.000000,4.000000,1.000000,5.000000,cav_local_fusion
2.000000,40.000000,000074,8.000000,40.000000,4.000000,1.000000,5.000000,cav_local_fusion
2.000000,40.000000,000076,8.000000,40.000000,4.000000,1.000000,5.000000,cav_local_fusion
2.000000,40.000000,000078,7.000000,40.000000,3.500000,1.000000,4.500000,cav_local_fusion
2.000000,40.000000,000080,8.000000,40.000000,4.000000,1.000000,5.000000,cav_local_fusion
2.000000,80.000000,000060,9.000000,40.000000,4.500000,0.500000,5.000000,cav_local_fusion
2.000000,80.000000,000062,10.000000,40.000000,5.000000,0.500000,5.500000,cav_local_fusion
2.000000,80.000000,000064,10.000000,40.000000,5.000000,0.500000,5.500000,cav_local_fusion
2.000000,80.000000,000066,10.000000,40.000000,5.000000,0.500000,5.500000,cav_local_fusion
2.000000,80.000000,000068,9.000000,40.000000,4.500000,0.500000,5.000000,cav_local_fusion
2.000000,80.000000,000070,10.000000,40.000000,5.000000,0.500000,5.500000,cav_local_fusion
2.000000,80.000000,000072,8.000000,40.000000,4.000000,0.500000,4.500000,cav_local_fusion
2.000000,80.000000,000074,8.000000,40.000000,4.000000,0.500000,4.500000,cav_local_fusion
2.000000,80.000000,000076,8.000000,40.000000,4.000000,0.500000,4.500000,cav_local_fusion
2.000000,80.000000,000078,7.000000,40.000000,3.500000,0.500000,4.000000,cav_local_fusion
2.000000,80.000000,000080,8.000000,40.000000,4.000000,0.500000,4.500000,cav_local_fusion
4.000000,10.000000,000060,9.000000,40.000000,2.250000,4.000000,6.250000,rsu_aggregation
4.000000,10.000000,000062,10.000000,40.000000,2.500000,4.000000,6.500000,rsu_aggregation
4.000000,10.000000,000064,10.000000,40.000000,2.500000,4.000000,6.500000,rsu_aggregation
4.000000,10.000000,000066,10.000000,40.000000,2.500000,4.000000,6.500000,rsu_aggregation
4.000000,10.000000,000068,9.000000,40.000000,2.250000,4.000000,6.250000,rsu_aggregation
4.000000,10.000000,000070,10.000000,40.000000,2.500000,4.000000,6.500000,rsu_aggregation
4.000000,10.000000,000072,8.000000,40.000000,2.000000,4.000000,6.000000,rsu_aggregation
4.000000,10.000000,000074,8.000000,40.000000,2.000000,4.000000,6.000000,rsu_aggregation
4.000000,10.000000,000076,8.000000,40.000000,2.000000,4.000000,6.000000,rsu_aggregation
4.000000,10.000000,000078,7.000000,40.000000,1.750000,4.000000,5.750000,rsu_aggregation
4.000000,10.000000,000080,8.000000,40.000000,2.000000,4.000000,6.000000,rsu_aggregation
4.000000,20.000000,000060,9.000000,40.000000,2.250000,2.000000,4.250000,cav_local_fusion
4.000000,20.000000,000062,10.000000,40.000000,2.500000,2.000000,4.500000,cav_local_fusion
4.000000,20.000000,000064,10.000000,40.000000,2.500000,2.000000,4.500000,cav_local_fusion
4.000000,20.000000,000066,10.000000,40.000000,2.500000,2.000000,4.500000,cav_local_fusion
4.000000,20.000000,000068,9.000000,40.000000,2.250000,2.000000,4.250000,cav_local_fusion
4.000000,20.000000,000070,10.000000,40.000000,2.500000,2.000000,4.500000,cav_local_fusion
4.000000,20.000000,000072,8.000000,40.000000,2.000000,2.000000,4.000000,cav_local_fusion
4.000000,20.000000,000074,8.000000,40.000000,2.000000,2.000000,4.000000,cav_local_fusion
4.000000,20.000000,000076,8.000000,40.000000,2.000000,2.000000,4.000000,cav_local_fusion
4.000000,20.000000,000078,7.000000,40.000000,1.750000,2.000000,3.750000,rsu_aggregation
4.000000,20.000000,000080,8.000000,40.000000,2.000000,2.000000,4.000000,cav_local_fusion
4.000000,40.000000,000060,9.000000,40.000000,2.250000,1.000000,3.250000,cav_local_fusion
4.000000,40.000000,000062,10.000000,40.000000,2.500000,1.000000,3.500000,cav_local_fusion
4.000000,40.000000,000064,10.000000,40.000000,2.500000,1.000000,3.500000,cav_local_fusion
4.000000,40.000000,000066,10.000000,40.000000,2.500000,1.000000,3.500000,cav_local_fusion
4.000000,40.000000,000068,9.000000,40.000000,2.250000,1.000000,3.250000,cav_local_fusion
4.000000,40.000000,000070,10.000000,40.000000,2.500000,1.000000,3.500000,cav_local_fusion
4.000000,40.000000,000072,8.000000,40.000000,2.000000,1.000000,3.000000,cav_local_fusion
4.000000,40.000000,000074,8.000000,40.000000,2.000000,1.000000,3.000000,cav_local_fusion
4.000000,40.000000,000076,8.000000,40.000000,2.000000,1.000000,3.000000,cav_local_fusion
4.000000,40.000000,000078,7.000000,40.000000,1.750000,1.000000,2.750000,cav_local_fusion
4.000000,40.000000,000080,8.000000,40.000000,2.000000,1.000000,3.000000,cav_local_fusion
4.000000,80.000000,000060,9.000000,40.000000,2.250000,0.500000,2.750000,cav_local_fusion
4.000000,80.000000,000062,10.000000,40.000000,2.500000,0.500000,3.000000,cav_local_fusion
4.000000,80.000000,000064,10.000000,40.000000,2.500000,0.500000,3.000000,cav_local_fusion
4.000000,80.000000,000066,10.000000,40.000000,2.500000,0.500000,3.000000,cav_local_fusion
4.000000,80.000000,000068,9.000000,40.000000,2.250000,0.500000,2.750000,cav_local_fusion
4.000000,80.000000,000070,10.000000,40.000000,2.500000,0.500000,3.000000,cav_local_fusion
4.000000,80.000000,000072,8.000000,40.000000,2.000000,0.500000,2.500000,cav_local_fusion
4.000000,80.000000,000074,8.000000,40.000000,2.000000,0.500000,2.500000,cav_local_fusion
4.000000,80.000000,000076,8.000000,40.000000,2.000000,0.500000,2.500000,cav_local_fusion
4.000000,80.000000,000078,7.000000,40.000000,1.750000,0.500000,2.250000,cav_local_fusion
4.000000,80.000000,000080,8.000000,40.000000,2.000000,0.500000,2.500000,cav_local_fusion
8.000000,10.000000,000060,9.000000,40.000000,1.125000,4.000000,5.125000,rsu_aggregation
8.000000,10.000000,000062,10.000000,40.000000,1.250000,4.000000,5.250000,rsu_aggregation
8.000000,10.000000,000064,10.000000,40.000000,1.250000,4.000000,5.250000,rsu_aggregation
8.000000,10.000000,000066,10.000000,40.000000,1.250000,4.000000,5.250000,rsu_aggregation
8.000000,10.000000,000068,9.000000,40.000000,1.125000,4.000000,5.125000,rsu_aggregation
8.000000,10.000000,000070,10.000000,40.000000,1.250000,4.000000,5.250000,rsu_aggregation
8.000000,10.000000,000072,8.000000,40.000000,1.000000,4.000000,5.000000,rsu_aggregation
8.000000,10.000000,000074,8.000000,40.000000,1.000000,4.000000,5.000000,rsu_aggregation
8.000000,10.000000,000076,8.000000,40.000000,1.000000,4.000000,5.000000,rsu_aggregation
8.000000,10.000000,000078,7.000000,40.000000,0.875000,4.000000,4.875000,rsu_aggregation
8.000000,10.000000,000080,8.000000,40.000000,1.000000,4.000000,5.000000,rsu_aggregation
8.000000,20.000000,000060,9.000000,40.000000,1.125000,2.000000,3.125000,rsu_aggregation
8.000000,20.000000,000062,10.000000,40.000000,1.250000,2.000000,3.250000,rsu_aggregation
8.000000,20.000000,000064,10.000000,40.000000,1.250000,2.000000,3.250000,rsu_aggregation
8.000000,20.000000,000066,10.000000,40.000000,1.250000,2.000000,3.250000,rsu_aggregation
8.000000,20.000000,000068,9.000000,40.000000,1.125000,2.000000,3.125000,rsu_aggregation
8.000000,20.000000,000070,10.000000,40.000000,1.250000,2.000000,3.250000,rsu_aggregation
8.000000,20.000000,000072,8.000000,40.000000,1.000000,2.000000,3.000000,rsu_aggregation
8.000000,20.000000,000074,8.000000,40.000000,1.000000,2.000000,3.000000,rsu_aggregation
8.000000,20.000000,000076,8.000000,40.000000,1.000000,2.000000,3.000000,rsu_aggregation
8.000000,20.000000,000078,7.000000,40.000000,0.875000,2.000000,2.875000,rsu_aggregation
8.000000,20.000000,000080,8.000000,40.000000,1.000000,2.000000,3.000000,rsu_aggregation
8.000000,40.000000,000060,9.000000,40.000000,1.125000,1.000000,2.125000,cav_local_fusion
8.000000,40.000000,000062,10.000000,40.000000,1.250000,1.000000,2.250000,cav_local_fusion
8.000000,40.000000,000064,10.000000,40.000000,1.250000,1.000000,2.250000,cav_local_fusion
8.000000,40.000000,000066,10.000000,40.000000,1.250000,1.000000,2.250000,cav_local_fusion
8.000000,40.000000,000068,9.000000,40.000000,1.125000,1.000000,2.125000,cav_local_fusion
8.000000,40.000000,000070,10.000000,40.000000,1.250000,1.000000,2.250000,cav_local_fusion
8.000000,40.000000,000072,8.000000,40.000000,1.000000,1.000000,2.000000,cav_local_fusion
8.000000,40.000000,000074,8.000000,40.000000,1.000000,1.000000,2.000000,cav_local_fusion
8.000000,40.000000,000076,8.000000,40.000000,1.000000,1.000000,2.000000,cav_local_fusion
8.000000,40.000000,000078,7.000000,40.000000,0.875000,1.000000,1.875000,rsu_aggregation
8.000000,40.000000,000080,8.000000,40.000000,1.000000,1.000000,2.000000,cav_local_fusion
8.000000,80.000000,000060,9.000000,40.000000,1.125000,0.500000,1.625000,cav_local_fusion
8.000000,80.000000,000062,10.000000,40.000000,1.250000,0.500000,1.750000,cav_local_fusion
8.000000,80.000000,000064,10.000000,40.000000,1.250000,0.500000,1.750000,cav_local_fusion
8.000000,80.000000,000066,10.000000,40.000000,1.250000,0.500000,1.750000,cav_local_fusion
8.000000,80.000000,000068,9.000000,40.000000,1.125000,0.500000,1.625000,cav_local_fusion
8.000000,80.000000,000070,10.000000,40.000000,1.250000,0.500000,1.750000,cav_local_fusion
8.000000,80.000000,000072,8.000000,40.000000,1.000000,0.500000,1.500000,cav_local_fusion
8.000000,80.000000,000074,8.000000,40.000000,1.000000,0.500000,1.500000,cav_local_fusion
8.000000,80.000000,000076,8.000000,40.000000,1.000000,0.500000,1.500000,cav_local_fusion
8.000000,80.000000,000078,7.000000,40.000000,0.875000,0.500000,1.375000,cav_local_fusion
8.000000,80.000000,000080,8.000000,40.000000,1.000000,0.500000,1.500000,cav_local_fusion
16.000000,10.000000,000060,9.000000,40.000000,0.562500,4.000000,4.562500,rsu_aggregation
16.000000,10.000000,000062,10.000000,40.000000,0.625000,4.000000,4.625000,rsu_aggregation
16.000000,10.000000,000064,10.000000,40.000000,0.625000,4.000000,4.625000,rsu_aggregation
16.000000,10.000000,000066,10.000000,40.000000,0.625000,4.000000,4.625000,rsu_aggregation
16.000000,10.000000,000068,9.000000,40.000000,0.562500,4.000000,4.562500,rsu_aggregation
16.000000,10.000000,000070,10.000000,40.000000,0.625000,4.000000,4.625000,rsu_aggregation
16.000000,10.000000,000072,8.000000,40.000000,0.500000,4.000000,4.500000,rsu_aggregation
16.000000,10.000000,000074,8.000000,40.000000,0.500000,4.000000,4.500000,rsu_aggregation
16.000000,10.000000,000076,8.000000,40.000000,0.500000,4.000000,4.500000,rsu_aggregation
16.000000,10.000000,000078,7.000000,40.000000,0.437500,4.000000,4.437500,rsu_aggregation
16.000000,10.000000,000080,8.000000,40.000000,0.500000,4.000000,4.500000,rsu_aggregation
16.000000,20.000000,000060,9.000000,40.000000,0.562500,2.000000,2.562500,rsu_aggregation
16.000000,20.000000,000062,10.000000,40.000000,0.625000,2.000000,2.625000,rsu_aggregation
16.000000,20.000000,000064,10.000000,40.000000,0.625000,2.000000,2.625000,rsu_aggregation
16.000000,20.000000,000066,10.000000,40.000000,0.625000,2.000000,2.625000,rsu_aggregation
16.000000,20.000000,000068,9.000000,40.000000,0.562500,2.000000,2.562500,rsu_aggregation
16.000000,20.000000,000070,10.000000,40.000000,0.625000,2.000000,2.625000,rsu_aggregation
16.000000,20.000000,000072,8.000000,40.000000,0.500000,2.000000,2.500000,rsu_aggregation
16.000000,20.000000,000074,8.000000,40.000000,0.500000,2.000000,2.500000,rsu_aggregation
16.000000,20.000000,000076,8.000000,40.000000,0.500000,2.000000,2.500000,rsu_aggregation
16.000000,20.000000,000078,7.000000,40.000000,0.437500,2.000000,2.437500,rsu_aggregation
16.000000,20.000000,000080,8.000000,40.000000,0.500000,2.000000,2.500000,rsu_aggregation
16.000000,40.000000,000060,9.000000,40.000000,0.562500,1.000000,1.562500,rsu_aggregation
16.000000,40.000000,000062,10.000000,40.000000,0.625000,1.000000,1.625000,rsu_aggregation
16.000000,40.000000,000064,10.000000,40.000000,0.625000,1.000000,1.625000,rsu_aggregation
16.000000,40.000000,000066,10.000000,40.000000,0.625000,1.000000,1.625000,rsu_aggregation
16.000000,40.000000,000068,9.000000,40.000000,0.562500,1.000000,1.562500,rsu_aggregation
16.000000,40.000000,000070,10.000000,40.000000,0.625000,1.000000,1.625000,rsu_aggregation
16.000000,40.000000,000072,8.000000,40.000000,0.500000,1.000000,1.500000,rsu_aggregation
16.000000,40.000000,000074,8.000000,40.000000,0.500000,1.000000,1.500000,rsu_aggregation
16.000000,40.000000,000076,8.000000,40.000000,0.500000,1.000000,1.500000,rsu_aggregation
16.000000,40.000000,000078,7.000000,40.000000,0.437500,1.000000,1.437500,rsu_aggregation
16.000000,40.000000,000080,8.000000,40.000000,0.500000,1.000000,1.500000,rsu_aggregation
16.000000,80.000000,000060,9.000000,40.000000,0.562500,0.500000,1.062500,cav_local_fusion
16.000000,80.000000,000062,10.000000,40.000000,0.625000,0.500000,1.125000,cav_local_fusion
16.000000,80.000000,000064,10.000000,40.000000,0.625000,0.500000,1.125000,cav_local_fusion
16.000000,80.000000,000066,10.000000,40.000000,0.625000,0.500000,1.125000,cav_local_fusion
16.000000,80.000000,000068,9.000000,40.000000,0.562500,0.500000,1.062500,cav_local_fusion
16.000000,80.000000,000070,10.000000,40.000000,0.625000,0.500000,1.125000,cav_local_fusion
16.000000,80.000000,000072,8.000000,40.000000,0.500000,0.500000,1.000000,cav_local_fusion
16.000000,80.000000,000074,8.000000,40.000000,0.500000,0.500000,1.000000,cav_local_fusion
16.000000,80.000000,000076,8.000000,40.000000,0.500000,0.500000,1.000000,cav_local_fusion
16.000000,80.000000,000078,7.000000,40.000000,0.437500,0.500000,0.937500,rsu_aggregation
16.000000,80.000000,000080,8.000000,40.000000,0.500000,0.500000,1.000000,cav_local_fusion
