timestamp,area_id,leader_id,group_size,area_slice_points,member_upload_points,leader_self_points,member_upload_bytes,leader_self_bytes
000060,12_9,5,2,4072,824,3248,13184,51968
000060,13_2,11,2,1044,119,925,1904,14800
000060,13_0,2,1,990,0,990,0,15840
000060,11_7,9,2,1073,133,940,2128,15040
000060,13_3,11,1,423,0,423,0,6768
000060,14_11,7,2,223,49,174,784,2784
000060,14_1,1,1,1267,0,1267,0,20272
000060,15_4,8,1,3182,0,3182,0,50912
000060,12_4,10,1,443,0,443,0,7088
000060,14_3,1,2,275,101,174,1616,2784
000060,17_5,12,2,147,59,88,944,1408
000060,18_7,12,1,24,0,24,0,384
000060,15_3,8,2,352,95,257,1520,4112
000060,17_7,12,1,193,0,193,0,3088
000060,16_7,12,1,1079,0,1079,0,17264
000060,14_9,7,1,1087,0,1087,0,17392
000060,12_10,16,2,1658,762,896,12192,14336
000060,14_10,7,1,782,0,782,0,12512
000060,12_5,10,1,839,0,839,0,13424
000060,15_6,4,1,753,0,753,0,12048
000060,11_5,10,2,1010,192,818,3072,13088
000060,13_9,20,2,815,146,669,2336,10704
000060,16_8,4,2,831,621,210,9936,3360
000060,15_2,1,2,651,187,464,2992,7424
000060,11_8,19,2,516,395,121,6320,1936
000060,11_4,10,1,266,0,266,0,4256
000060,12_3,11,1,292,0,292,0,4672
000060,15_8,4,2,336,122,214,1952,3424
000060,16_5,4,2,402,171,231,2736,3696
000060,16_4,12,2,275,142,133,2272,2128
000062,12_9,5,2,4072,824,3248,13184,51968
000062,13_2,11,2,1045,120,925,1920,14800
000062,13_0,2,1,1009,0,1009,0,16144
000062,14_1,1,1,1265,0,1265,0,20240
000062,11_7,9,2,1079,139,940,2224,15040
000062,13_3,11,1,423,0,423,0,6768
000062,14_11,7,2,213,49,164,784,2624
000062,14_3,8,2,277,176,101,2816,1616
000062,18_7,12,2,44,13,31,208,496
000062,15_4,8,1,3182,0,3182,0,50912
000062,12_4,10,1,412,0,412,0,6592
000062,17_5,4,2,154,96,58,1536,928
000062,15_3,1,2,352,257,95,4112,1520
000062,16_7,12,1,1080,0,1080,0,17280
000062,14_9,7,1,1082,0,1082,0,17312
000062,12_10,16,2,1625,757,868,12112,13888
000062,14_10,7,1,785,0,785,0,12560
000062,12_5,10,1,809,0,809,0,12944
000062,15_6,4,1,756,0,756,0,12096
000062,11_5,10,2,1031,192,839,3072,13424
000062,13_9,20,2,814,145,669,2320,10704
000062,16_8,12,2,807,195,612,3120,9792
000062,15_2,1,2,651,187,464,2992,7424
000062,11_8,19,2,523,395,128,6320,2048
000062,11_4,10,1,243,0,243,0,3888
000062,15_9,7,1,345,0,345,0,5520
000062,12_3,11,1,292,0,292,0,4672
000062,17_7,12,1,197,0,197,0,3152
000062,16_5,4,2,424,171,253,2736,4048
000062,15_8,4,2,321,125,196,2000,3136
000064,12_9,5,2,4072,824,3248,13184,51968
000064,13_2,11,2,1053,128,925,2048,14800
000064,13_0,2,1,1014,0,1014,0,16224
000064,14_1,1,1,1199,0,1199,0,19184
000064,11_7,9,2,1089,149,940,2384,15040
000064,13_3,11,1,423,0,423,0,6768
000064,12_4,10,1,381,0,381,0,6096
000064,14_11,7,2,206,50,156,800,2496
000064,15_4,8,1,3182,0,3182,0,50912
000064,14_3,1,2,277,101,176,1616,2816
000064,17_5,12,2,159,57,102,912,1632
000064,18_7,4,2,46,32,14,512,224
000064,15_3,8,2,352,95,257,1520,4112
000064,16_7,12,1,1070,0,1070,0,17120
000064,14_9,7,1,1077,0,1077,0,17232
000064,14_10,7,1,788,0,788,0,12608
000064,12_11,16,1,740,0,740,0,11840
000064,12_5,10,1,778,0,778,0,12448
000064,15_6,4,1,753,0,753,0,12048
000064,11_5,10,2,1040,192,848,3072,13568
000064,16_8,12,2,766,183,583,2928,9328
000064,15_2,1,2,651,187,464,2992,7424
000064,11_8,19,2,523,395,128,6320,2048
000064,15_9,7,1,350,0,350,0,5600
000064,11_4,10,1,222,0,222,0,3552
000064,12_3,11,1,292,0,292,0,4672
000064,17_7,12,1,223,0,223,0,3568
000064,16_5,4,2,443,173,270,2768,4320
000064,15_8,4,2,318,137,181,2192,2896
000064,12_7,20,2,153,113,40,1808,640
000066,12_9,5,2,4072,824,3248,13184,51968
000066,13_2,11,2,1065,140,925,2240,14800
000066,13_0,2,1,1030,0,1030,0,16480
000066,14_1,1,1,1136,0,1136,0,18176
000066,15_4,8,1,3182,0,3182,0,50912
000066,11_7,9,2,1095,155,940,2480,15040
000066,13_3,11,1,423,0,423,0,6768
000066,12_4,10,1,347,0,347,0,5552
000066,14_11,7,2,196,48,148,768,2368
000066,14_3,1,2,277,101,176,1616,2816
000066,17_5,12,2,159,59,100,944,1600
000066,18_7,4,2,50,34,16,544,256
000066,15_3,8,2,352,95,257,1520,4112
000066,16_7,12,1,1034,0,1034,0,16544
000066,14_9,7,1,1079,0,1079,0,17264
000066,14_10,7,1,778,0,778,0,12448
000066,12_11,16,1,745,0,745,0,11920
000066,12_5,10,1,758,0,758,0,12128
000066,15_6,4,1,815,0,815,0,13040
000066,11_5,10,2,1042,190,852,3040,13632
000066,13_9,20,2,797,128,669,2048,10704
000066,16_8,12,2,754,176,578,2816,9248
000066,15_2,1,2,651,187,464,2992,7424
000066,11_8,19,2,524,395,129,6320,2064
000066,15_9,7,1,360,0,360,0,5760
000066,11_4,10,1,202,0,202,0,3232
000066,12_3,11,1,292,0,292,0,4672
000066,17_7,12,1,256,0,256,0,4096
000066,16_5,4,2,457,171,286,2736,4576
000066,15_8,4,2,316,145,171,2320,2736
000068,12_9,5,2,4072,824,3248,13184,51968
000068,13_2,11,2,1070,145,925,2320,14800
000068,13_0,2,1,1031,0,1031,0,16496
000068,14_1,1,1,1118,0,1118,0,17888
000068,11_7,9,2,1103,163,940,2608,15040
000068,13_3,11,1,423,0,423,0,6768
000068,14_11,7,2,194,51,143,816,2288
000068,18_7,12,2,44,14,30,224,480
000068,15_4,8,1,3182,0,3182,0,50912
000068,12_4,10,1,318,0,318,0,5088
000068,14_3,1,2,277,101,176,1616,2816
000068,17_5,4,2,172,112,60,1792,960
000068,15_3,8,2,352,95,257,1520,4112
000068,16_7,12,1,993,0,993,0,15888
000068,14_9,7,1,1064,0,1064,0,17024
000068,12_11,16,1,747,0,747,0,11952
000068,14_10,7,1,773,0,773,0,12368
000068,15_6,4,1,874,0,874,0,13984
000068,12_5,10,1,721,0,721,0,11536
000068,11_5,10,2,1027,190,837,3040,13392
000068,13_9,20,2,794,125,669,2000,10704
000068,16_8,12,2,732,169,563,2704,9008
000068,15_2,1,2,651,187,464,2992,7424
000068,11_8,19,2,524,395,129,6320,2064
000068,15_9,7,1,371,0,371,0,5936
000068,17_7,12,1,302,0,302,0,4832
000068,12_3,11,1,290,0,290,0,4640
000068,12_7,10,1,128,0,128,0,2048
000068,15_8,4,2,309,152,157,2432,2512
000068,16_4,4,2,279,123,156,1968,2496
000070,12_9,5,2,4072,824,3248,13184,51968
000070,13_2,11,2,1069,144,925,2304,14800
000070,13_0,2,1,1031,0,1031,0,16496
000070,11_7,9,2,1114,174,940,2784,15040
000070,13_3,11,1,423,0,423,0,6768
000070,18_7,12,2,49,16,33,256,528
000070,14_1,1,1,1104,0,1104,0,17664
000070,15_4,8,1,3182,0,3182,0,50912
000070,14_10,7,1,758,0,758,0,12128
000070,12_4,10,1,291,0,291,0,4656
000070,14_3,1,2,277,101,176,1616,2816
000070,17_5,4,2,177,117,60,1872,960
000070,15_3,8,2,352,95,257,1520,4112
000070,14_11,16,2,185,133,52,2128,832
000070,16_7,12,1,945,0,945,0,15120
000070,14_9,7,1,1050,0,1050,0,16800
000070,12_11,20,2,865,764,101,12224,1616
000070,15_6,4,1,912,0,912,0,14592
000070,12_5,10,1,693,0,693,0,11088
000070,11_5,10,2,1022,192,830,3072,13280
000070,13_9,20,2,791,122,669,1952,10704
000070,16_8,12,2,704,157,547,2512,8752
000070,15_2,1,2,651,187,464,2992,7424
000070,15_9,7,1,386,0,386,0,6176
000070,11_8,19,2,523,395,128,6320,2048
000070,17_7,12,1,359,0,359,0,5744
000070,12_3,11,1,290,0,290,0,4640
000070,11_4,10,1,182,0,182,0,2912
000070,12_7,10,1,131,0,131,0,2096
000070,15_8,4,2,305,159,146,2544,2336
000072,12_9,5,2,4071,824,3247,13184,51952
000072,13_2,11,2,1082,157,925,2512,14800
000072,13_0,2,1,1028,0,1028,0,16448
000072,14_1,1,1,1085,0,1085,0,17360
000072,11_7,9,2,1127,187,940,2992,15040
000072,13_3,11,1,423,0,423,0,6768
000072,14_3,8,2,277,176,101,2816,1616
000072,15_4,8,1,3182,0,3182,0,50912
000072,14_10,7,1,745,0,745,0,11920
000072,12_4,10,1,274,0,274,0,4384
000072,17_5,12,2,179,58,121,928,1936
000072,15_3,1,2,352,257,95,4112,1520
000072,14_11,16,2,186,128,58,2048,928
000072,16_7,12,1,911,0,911,0,14576
000072,14_9,7,1,1041,0,1041,0,16656
000072,12_11,20,2,870,750,120,12000,1920
000072,15_6,4,1,926,0,926,0,14816
000072,12_5,10,1,675,0,675,0,10800
000072,11_5,10,2,978,190,788,3040,12608
000072,16_8,4,2,677,525,152,8400,2432
000072,15_2,1,2,651,187,464,2992,7424
000072,17_7,12,1,410,0,410,0,6560
000072,11_8,19,2,523,395,128,6320,2048
000072,12_3,11,1,286,0,286,0,4576
000072,11_4,10,1,163,0,163,0,2608
000072,12_7,10,1,139,0,139,0,2224
000072,15_8,7,2,317,145,172,2320,2752
000072,16_4,4,2,279,122,157,1952,2512
000072,18_7,12,2,50,15,35,240,560
000072,13_9,20,2,781,112,669,1792,10704
000074,13_2,11,2,1092,167,925,2672,14800
000074,12_9,5,2,4066,824,3242,13184,51872
000074,13_0,2,1,1032,0,1032,0,16512
000074,14_1,1,1,1066,0,1066,0,17056
000074,11_7,9,2,1137,197,940,3152,15040
000074,14_10,7,1,721,0,721,0,11536
000074,13_3,11,1,423,0,423,0,6768
000074,12_4,10,1,247,0,247,0,3952
000074,14_3,8,2,277,176,101,2816,1616
000074,15_4,8,1,3182,0,3182,0,50912
000074,17_5,12,2,190,61,129,976,2064
000074,15_3,1,2,352,257,95,4112,1520
000074,15_8,4,2,320,183,137,2928,2192
000074,16_7,12,1,851,0,851,0,13616
000074,14_9,7,1,1032,0,1032,0,16512
000074,12_11,16,2,892,157,735,2512,11760
000074,15_6,4,1,930,0,930,0,14880
000074,12_5,10,1,665,0,665,0,10640
000074,11_5,10,2,964,192,772,3072,12352
000074,13_9,20,2,778,109,669,1744,10704
000074,15_9,7,1,418,0,418,0,6688
000074,17_7,12,1,477,0,477,0,7632
000074,15_2,1,2,651,187,464,2992,7424
000074,11_8,19,2,523,395,128,6320,2048
000074,12_3,11,1,284,0,284,0,4544
000074,11_4,10,1,157,0,157,0,2512
000074,14_11,16,2,175,123,52,1968,832
000074,12_7,10,1,149,0,149,0,2384
000074,16_4,4,2,269,109,160,1744,2560
000074,16_8,12,2,655,145,510,2320,8160
000076,12_9,5,2,4067,824,3243,13184,51888
000076,13_2,11,2,1099,174,925,2784,14800
000076,14_1,1,1,1047,0,1047,0,16752
000076,11_7,9,2,1153,213,940,3408,15040
000076,14_10,7,1,703,0,703,0,11248
000076,13_3,11,1,423,0,423,0,6768
000076,13_0,2,1,1035,0,1035,0,16560
000076,12_4,10,1,242,0,242,0,3872
000076,14_3,8,2,277,176,101,2816,1616
000076,17_5,12,2,191,60,131,960,2096
000076,15_4,8,1,3182,0,3182,0,50912
000076,15_3,1,2,352,257,95,4112,1520
000076,16_7,12,1,833,0,833,0,13328
000076,14_9,7,1,1011,0,1011,0,16176
000076,12_11,16,2,878,157,721,2512,11536
000076,15_6,4,1,934,0,934,0,14944
000076,11_5,10,2,961,194,767,3104,12272
000076,16_8,4,2,628,493,135,7888,2160
000076,15_9,7,1,438,0,438,0,7008
000076,17_7,12,1,513,0,513,0,8208
000076,15_2,1,2,651,187,464,2992,7424
000076,11_8,19,2,523,395,128,6320,2048
000076,12_3,11,1,279,0,279,0,4464
000076,11_4,10,1,137,0,137,0,2192
000076,12_7,10,1,153,0,153,0,2448
000076,15_8,7,2,325,130,195,2080,3120
000076,16_4,4,2,272,111,161,1776,2576
000076,14_11,16,2,163,109,54,1744,864
000076,11_6,9,2,1307,582,725,9312,11600
000076,13_9,20,2,774,105,669,1680,10704
000078,13_2,11,2,1105,180,925,2880,14800
000078,12_9,5,2,4067,828,3239,13248,51824
000078,11_7,9,2,1167,227,940,3632,15040
000078,14_10,7,1,674,0,674,0,10784
000078,13_3,11,1,423,0,423,0,6768
000078,12_4,10,1,220,0,220,0,3520
000078,13_0,2,1,1014,0,1014,0,16224
000078,15_4,8,1,3182,0,3182,0,50912
000078,14_3,1,2,277,101,176,1616,2816
000078,17_5,12,2,205,59,146,944,2336
000078,15_3,8,2,352,95,257,1520,4112
000078,11_5,10,2,957,191,766,3056,12256
000078,16_7,4,2,1213,813,400,13008,6400
000078,14_9,7,1,1007,0,1007,0,16112
000078,14_1,1,1,1026,0,1026,0,16416
000078,12_11,16,2,863,155,708,2480,11328
000078,15_6,4,1,943,0,943,0,15088
000078,11_6,9,2,1321,594,727,9504,11632
000078,13_9,20,2,763,94,669,1504,10704
000078,17_7,12,1,544,0,544,0,8704
000078,15_9,7,1,456,0,456,0,7296
000078,16_8,12,2,604,134,470,2144,7520
000078,14_0,2,2,347,238,109,3808,1744
000078,15_2,1,2,651,187,464,2992,7424
000078,11_8,19,2,523,395,128,6320,2048
000078,12_3,11,1,277,0,277,0,4432
000078,11_4,10,1,134,0,134,0,2144
000078,12_7,10,1,160,0,160,0,2560
000078,15_8,7,2,335,125,210,2000,3360
000078,16_4,4,2,273,101,172,1616,2752
000080,13_2,11,2,1122,197,925,3152,14800
000080,12_9,5,2,4060,828,3232,13248,51712
000080,11_7,9,2,1172,232,940,3712,15040
000080,14_10,7,1,653,0,653,0,10448
000080,13_3,11,1,423,0,423,0,6768
000080,12_4,10,1,210,0,210,0,3360
000080,14_3,1,2,277,101,176,1616,2816
000080,13_0,2,1,973,0,973,0,15568
000080,17_5,12,2,211,62,149,992,2384
000080,15_4,8,1,3182,0,3182,0,50912
000080,15_3,8,2,352,95,257,1520,4112
000080,11_5,10,2,948,189,759,3024,12144
000080,14_9,7,1,990,0,990,0,15840
000080,14_1,1,1,1004,0,1004,0,16064
000080,16_7,4,2,1183,786,397,12576,6352
000080,12_11,16,2,887,156,731,2496,11696
000080,15_6,4,1,944,0,944,0,15104
000080,11_6,9,2,1341,610,731,9760,11696
000080,17_7,12,1,592,0,592,0,9472
000080,15_9,7,1,468,0,468,0,7488
000080,14_0,2,2,353,248,105,3968,1680
000080,16_8,12,2,567,133,434,2128,6944
000080,15_2,1,2,651,187,464,2992,7424
000080,11_8,19,2,523,395,128,6320,2048
000080,12_3,11,1,274,0,274,0,4384
000080,12_7,10,1,176,0,176,0,2816
000080,15_8,7,2,350,125,225,2000,3600
000080,11_4,10,1,120,0,120,0,1920
000080,16_4,4,2,279,107,172,1712,2752
000080,14_11,20,3,198,154,44,2464,704
