frame_index,timestamp,request_id,source_node,target_node,area_id,upload_type,plan_index,planned_bytes,tx_events,rx_events,drop_events,tx_bytes,rx_bytes,drop_bytes,matched,has_rlc_tx,has_rlc_rx,has_rlc_drop,rlc_complete,rlc_partial,rlc_no_rx
0,000060,1,20,5,,member_to_leader,1,13184,0,0,0,0,0,0,1,0,0,0,0,0,0
0,000060,2,5,21,,leader_to_rsu,2,2000,0,0,0,0,0,0,1,0,0,0,0,0,0
0,000060,3,2,11,,member_to_leader,3,1904,0,0,0,0,0,0,1,0,0,0,0,0,0
0,000060,4,11,21,,leader_to_rsu,4,2000,0,0,0,0,0,0,1,0,0,0,0,0,0
0,000060,5,2,21,,leader_to_rsu,5,2000,0,0,0,0,0,0,1,0,0,0,0,0,0
0,000060,6,10,9,,member_to_leader,6,2128,0,0,0,0,0,0,1,0,0,0,0,0,0
0,000060,7,9,21,,leader_to_rsu,7,2000,0,0,0,0,0,0,1,0,0,0,0,0,0
0,000060,8,11,21,,leader_to_rsu,8,2000,0,0,0,0,0,0,1,0,0,0,0,0,0
0,000060,9,16,7,,member_to_leader,9,784,0,0,0,0,0,0,1,0,0,0,0,0,0
0,000060,10,7,21,,leader_to_rsu,10,2000,0,0,0,0,0,0,1,0,0,0,0,0,0
0,000060,11,1,21,,leader_to_rsu,11,2000,0,0,0,0,0,0,1,0,0,0,0,0,0
0,000060,12,8,21,,leader_to_rsu,12,2000,0,0,0,0,0,0,1,0,0,0,0,0,0
0,000060,13,10,21,,leader_to_rsu,13,2000,0,0,0,0,0,0,1,0,0,0,0,0,0
0,000060,14,8,1,,member_to_leader,14,1616,0,0,0,0,0,0,1,0,0,0,0,0,0
0,000060,15,1,21,,leader_to_rsu,15,2000,0,0,0,0,0,0,1,0,0,0,0,0,0
0,000060,16,4,12,,member_to_leader,16,944,0,0,0,0,0,0,1,0,0,0,0,0,0
0,000060,17,12,21,,leader_to_rsu,17,2000,0,0,0,0,0,0,1,0,0,0,0,0,0
0,000060,18,12,21,,leader_to_rsu,18,2000,0,0,0,0,0,0,1,0,0,0,0,0,0
0,000060,19,1,8,,member_to_leader,19,1520,0,0,0,0,0,0,1,0,0,0,0,0,0
0,000060,20,8,21,,leader_to_rsu,20,2000,0,0,0,0,0,0,1,0,0,0,0,0,0
0,000060,21,12,21,,leader_to_rsu,21,2000,0,0,0,0,0,0,1,0,0,0,0,0,0
0,000060,22,12,21,,leader_to_rsu,22,2000,0,0,0,0,0,0,1,0,0,0,0,0,0
0,000060,23,7,21,,leader_to_rsu,23,2000,0,0,0,0,0,0,1,0,0,0,0,0,0
0,000060,24,20,16,,member_to_leader,24,12192,0,0,0,0,0,0,1,0,0,0,0,0,0
0,000060,25,16,21,,leader_to_rsu,25,2000,0,0,0,0,0,0,1,0,0,0,0,0,0
0,000060,26,7,21,,leader_to_rsu,26,2000,0,0,0,0,0,0,1,0,0,0,0,0,0
0,000060,27,10,21,,leader_to_rsu,27,2000,0,0,0,0,0,0,1,0,0,0,0,0,0
0,000060,28,4,21,,leader_to_rsu,28,2000,0,0,0,0,0,0,1,0,0,0,0,0,0
0,000060,29,9,10,,member_to_leader,29,3072,0,0,0,0,0,0,1,0,0,0,0,0,0
0,000060,30,10,21,,leader_to_rsu,30,2000,0,0,0,0,0,0,1,0,0,0,0,0,0
0,000060,31,7,20,,member_to_leader,31,2336,0,0,0,0,0,0,1,0,0,0,0,0,0
0,000060,32,20,21,,leader_to_rsu,32,2000,0,0,0,0,0,0,1,0,0,0,0,0,0
0,000060,33,12,4,,member_to_leader,33,9936,0,0,0,0,0,0,1,0,0,0,0,0,0
0,000060,34,4,21,,leader_to_rsu,34,2000,0,0,0,0,0,0,1,0,0,0,0,0,0
0,000060,35,8,1,,member_to_leader,35,2992,0,0,0,0,0,0,1,0,0,0,0,0,0
0,000060,36,1,21,,leader_to_rsu,36,2000,0,0,0,0,0,0,1,0,0,0,0,0,0
0,000060,37,9,19,,member_to_leader,37,6320,0,0,0,0,0,0,1,0,0,0,0,0,0
0,000060,38,19,21,,leader_to_rsu,38,2000,0,0,0,0,0,0,1,0,0,0,0,0,0
0,000060,39,10,21,,leader_to_rsu,39,2000,0,0,0,0,0,0,1,0,0,0,0,0,0
0,000060,40,11,21,,leader_to_rsu,40,2000,0,0,0,0,0,0,1,0,0,0,0,0,0
0,000060,41,7,4,,member_to_leader,41,1952,0,0,0,0,0,0,1,0,0,0,0,0,0
0,000060,42,4,21,,leader_to_rsu,42,2000,0,0,0,0,0,0,1,0,0,0,0,0,0
0,000060,43,12,4,,member_to_leader,43,2736,0,0,0,0,0,0,1,0,0,0,0,0,0
0,000060,44,4,21,,leader_to_rsu,44,2000,0,0,0,0,0,0,1,0,0,0,0,0,0
0,000060,45,4,12,,member_to_leader,45,2272,0,0,0,0,0,0,1,0,0,0,0,0,0
0,000060,46,12,21,,leader_to_rsu,46,2000,0,0,0,0,0,0,1,0,0,0,0,0,0
1,000062,47,20,5,,member_to_leader,47,13184,5,3,0,13275,5137,0,1,1,1,0,0,1,0
1,000062,48,5,21,,leader_to_rsu,48,2000,1,0,0,2083,0,0,1,1,0,0,0,0,1
1,000062,49,2,11,,member_to_leader,49,1920,1,0,0,2003,0,0,1,1,0,0,0,0,1
1,000062,50,11,21,,leader_to_rsu,50,2000,1,0,0,2083,0,0,1,1,0,0,0,0,1
1,000062,51,2,21,,leader_to_rsu,51,2000,1,0,0,2083,0,0,1,1,0,0,0,0,1
1,000062,52,1,21,,leader_to_rsu,52,2000,1,1,0,2083,2083,0,1,1,1,0,1,0,0
1,000062,53,10,9,,member_to_leader,53,2224,1,0,0,2307,0,0,1,1,0,0,0,0,1
1,000062,54,9,21,,leader_to_rsu,54,2000,1,0,0,2083,0,0,1,1,0,0,0,0,1
1,000062,55,11,21,,leader_to_rsu,55,2000,1,0,0,2083,0,0,1,1,0,0,0,0,1
1,000062,56,20,7,,member_to_leader,56,784,1,0,0,867,0,0,1,1,0,0,0,0,1
1,000062,57,7,21,,leader_to_rsu,57,2000,1,0,0,2083,0,0,1,1,0,0,0,0,1
1,000062,58,1,8,,member_to_leader,58,2816,1,0,0,2899,0,0,1,1,0,0,0,0,1
1,000062,59,8,21,,leader_to_rsu,59,2000,1,0,0,2083,0,0,1,1,0,0,0,0,1
1,000062,60,4,12,,member_to_leader,60,208,1,0,0,3494,0,0,1,1,0,0,0,0,1
1,000062,61,12,21,,leader_to_rsu,61,2000,1,0,0,2083,0,0,1,1,0,0,0,0,1
1,000062,62,8,21,,leader_to_rsu,62,2000,1,0,0,2083,0,0,1,1,0,0,0,0,1
1,000062,63,10,21,,leader_to_rsu,63,2000,1,0,0,2083,0,0,1,1,0,0,0,0,1
1,000062,64,12,4,,member_to_leader,64,1536,1,0,0,4069,0,0,1,1,0,0,0,0,1
1,000062,65,4,21,,leader_to_rsu,65,2000,1,0,0,2083,0,0,1,1,0,0,0,0,1
1,000062,66,8,1,,member_to_leader,66,4112,2,0,0,7270,0,0,1,1,0,0,0,0,1
1,000062,67,1,21,,leader_to_rsu,67,2000,1,0,0,2083,0,0,1,1,0,0,0,0,1
1,000062,68,12,21,,leader_to_rsu,68,2000,1,0,0,2083,0,0,1,1,0,0,0,0,1
1,000062,69,7,21,,leader_to_rsu,69,2000,1,0,0,2083,0,0,1,1,0,0,0,0,1
1,000062,70,20,16,,member_to_leader,70,12112,4,2,0,12201,4075,0,1,1,1,0,0,1,0
1,000062,71,16,21,,leader_to_rsu,71,2000,1,0,0,2083,0,0,1,1,0,0,0,0,1
1,000062,72,7,21,,leader_to_rsu,72,2000,1,0,0,2083,0,0,1,1,0,0,0,0,1
1,000062,73,10,21,,leader_to_rsu,73,2000,1,0,0,2083,0,0,1,1,0,0,0,0,1
1,000062,74,4,21,,leader_to_rsu,74,2000,1,0,0,2083,0,0,1,1,0,0,0,0,1
1,000062,75,9,10,,member_to_leader,75,3072,1,0,0,3155,0,0,1,1,0,0,0,0,1
1,000062,76,10,21,,leader_to_rsu,76,2000,1,0,0,2083,0,0,1,1,0,0,0,0,1
1,000062,77,7,20,,member_to_leader,77,2320,1,0,0,2403,0,0,1,1,0,0,0,0,1
1,000062,78,20,21,,leader_to_rsu,78,2000,1,0,0,2083,0,0,1,1,0,0,0,0,1
1,000062,79,4,12,,member_to_leader,79,3120,0,0,0,0,0,0,1,0,0,0,0,0,0
1,000062,80,12,21,,leader_to_rsu,80,2000,1,1,0,2083,2083,0,1,1,1,0,1,0,0
1,000062,81,8,1,,member_to_leader,81,2992,1,1,0,4,4,0,1,1,1,0,1,0,0
1,000062,82,1,21,,leader_to_rsu,82,2000,1,0,0,2083,0,0,1,1,0,0,0,0,1
1,000062,83,9,19,,member_to_leader,83,6320,3,1,0,6407,4,0,1,1,1,0,0,1,0
1,000062,84,19,21,,leader_to_rsu,84,2000,1,0,0,2083,0,0,1,1,0,0,0,0,1
1,000062,85,10,21,,leader_to_rsu,85,2000,1,0,0,2083,0,0,1,1,0,0,0,0,1
1,000062,86,7,21,,leader_to_rsu,86,2000,1,0,0,2083,0,0,1,1,0,0,0,0,1
1,000062,87,11,21,,leader_to_rsu,87,2000,1,0,0,2083,0,0,1,1,0,0,0,0,1
1,000062,88,12,21,,leader_to_rsu,88,2000,1,0,0,2083,0,0,1,1,0,0,0,0,1
1,000062,89,12,4,,member_to_leader,89,2736,2,2,0,373,373,0,1,1,1,0,1,0,0
1,000062,90,4,21,,leader_to_rsu,90,2000,1,1,0,2083,2083,0,1,1,1,0,1,0,0
1,000062,91,7,4,,member_to_leader,91,2000,1,0,0,2083,0,0,1,1,0,0,0,0,1
1,000062,92,4,21,,leader_to_rsu,92,2000,1,0,0,2083,0,0,1,1,0,0,0,0,1
2,000064,93,20,5,,member_to_leader,93,13184,5,3,0,13275,5137,0,1,1,1,0,0,1,0
2,000064,94,5,21,,leader_to_rsu,94,2000,1,0,0,2083,0,0,1,1,0,0,0,0,1
2,000064,95,2,11,,member_to_leader,95,2048,1,1,0,2131,2131,0,1,1,1,0,1,0,0
2,000064,96,11,21,,leader_to_rsu,96,2000,1,0,0,2083,0,0,1,1,0,0,0,0,1
2,000064,97,2,21,,leader_to_rsu,97,2000,1,0,0,2083,0,0,1,1,0,0,0,0,1
2,000064,98,1,21,,leader_to_rsu,98,2000,1,0,0,2083,0,0,1,1,0,0,0,0,1
2,000064,99,10,9,,member_to_leader,99,2384,1,0,0,2467,0,0,1,1,0,0,0,0,1
2,000064,100,9,21,,leader_to_rsu,100,2000,1,0,0,2083,0,0,1,1,0,0,0,0,1
2,000064,101,11,21,,leader_to_rsu,101,2000,1,1,0,2083,2083,0,1,1,1,0,1,0,0
2,000064,102,10,21,,leader_to_rsu,102,2000,1,0,0,2083,0,0,1,1,0,0,0,0,1
2,000064,103,20,7,,member_to_leader,103,800,1,0,0,883,0,0,1,1,0,0,0,0,1
2,000064,104,7,21,,leader_to_rsu,104,2000,1,0,0,2083,0,0,1,1,0,0,0,0,1
2,000064,105,8,21,,leader_to_rsu,105,2000,1,0,0,2083,0,0,1,1,0,0,0,0,1
2,000064,106,8,1,,member_to_leader,106,1616,1,0,0,4069,0,0,1,1,0,0,0,0,1
2,000064,107,1,21,,leader_to_rsu,107,2000,1,0,0,2083,0,0,1,1,0,0,0,0,1
2,000064,108,4,12,,member_to_leader,108,912,1,0,0,4006,0,0,1,1,0,0,0,0,1
2,000064,109,12,21,,leader_to_rsu,109,2000,1,0,0,2083,0,0,1,1,0,0,0,0,1
2,000064,110,12,4,,member_to_leader,110,512,1,0,0,3446,0,0,1,1,0,0,0,0,1
2,000064,111,4,21,,leader_to_rsu,111,2000,1,0,0,2083,0,0,1,1,0,0,0,0,1
2,000064,112,1,8,,member_to_leader,112,1520,1,0,0,1603,0,0,1,1,0,0,0,0,1
2,000064,113,8,21,,leader_to_rsu,113,2000,1,0,0,2083,0,0,1,1,0,0,0,0,1
2,000064,114,12,21,,leader_to_rsu,114,2000,1,0,0,2083,0,0,1,1,0,0,0,0,1
2,000064,115,7,21,,leader_to_rsu,115,2000,1,0,0,2083,0,0,1,1,0,0,0,0,1
2,000064,116,7,21,,leader_to_rsu,116,2000,1,0,0,2083,0,0,1,1,0,0,0,0,1
2,000064,117,16,21,,leader_to_rsu,117,2000,1,0,0,2083,0,0,1,1,0,0,0,0,1
2,000064,118,10,21,,leader_to_rsu,118,2000,1,0,0,2083,0,0,1,1,0,0,0,0,1
2,000064,119,4,21,,leader_to_rsu,119,2000,1,0,0,2083,0,0,1,1,0,0,0,0,1
2,000064,120,9,10,,member_to_leader,120,3072,1,0,0,3155,0,0,1,1,0,0,0,0,1
2,000064,121,10,21,,leader_to_rsu,121,2000,1,0,0,2083,0,0,1,1,0,0,0,0,1
2,000064,122,4,12,,member_to_leader,122,2928,0,0,0,0,0,0,1,0,0,0,0,0,0
2,000064,123,12,21,,leader_to_rsu,123,2000,1,0,0,2083,0,0,1,1,0,0,0,0,1
2,000064,124,8,1,,member_to_leader,124,2992,2,1,0,709,4,0,1,1,1,0,0,1,0
2,000064,125,1,21,,leader_to_rsu,125,2000,1,0,0,2083,0,0,1,1,0,0,0,0,1
2,000064,126,9,19,,member_to_leader,126,6320,3,1,0,6407,4,0,1,1,1,0,0,1,0
2,000064,127,19,21,,leader_to_rsu,127,2000,1,0,0,2083,0,0,1,1,0,0,0,0,1
2,000064,128,7,21,,leader_to_rsu,128,2000,1,0,0,2083,0,0,1,1,0,0,0,0,1
2,000064,129,10,21,,leader_to_rsu,129,2000,1,0,0,2083,0,0,1,1,0,0,0,0,1
2,000064,130,11,21,,leader_to_rsu,130,2000,1,0,0,2083,0,0,1,1,0,0,0,0,1
2,000064,131,12,21,,leader_to_rsu,131,2000,1,1,0,2083,2083,0,1,1,1,0,1,0,0
2,000064,132,12,4,,member_to_leader,132,2768,0,0,0,0,0,0,1,0,0,0,0,0,0
2,000064,133,4,21,,leader_to_rsu,133,2000,1,0,0,2083,0,0,1,1,0,0,0,0,1
2,000064,134,7,4,,member_to_leader,134,2192,1,0,0,2275,0,0,1,1,0,0,0,0,1
2,000064,135,4,21,,leader_to_rsu,135,2000,1,0,0,2083,0,0,1,1,0,0,0,0,1
2,000064,136,10,20,,member_to_leader,136,1808,1,0,0,1891,0,0,1,1,0,0,0,0,1
2,000064,137,20,21,,leader_to_rsu,137,2000,1,0,0,2083,0,0,1,1,0,0,0,0,1
3,000066,138,20,5,,member_to_leader,138,13184,5,2,0,13275,4077,0,1,1,1,0,0,1,0
3,000066,139,5,21,,leader_to_rsu,139,2000,1,0,0,2083,0,0,1,1,0,0,0,0,1
3,000066,140,2,11,,member_to_leader,140,2240,1,0,0,2323,0,0,1,1,0,0,0,0,1
3,000066,141,11,21,,leader_to_rsu,141,2000,1,0,0,2083,0,0,1,1,0,0,0,0,1
3,000066,142,2,21,,leader_to_rsu,142,2000,1,0,0,2083,0,0,1,1,0,0,0,0,1
3,000066,143,1,21,,leader_to_rsu,143,2000,1,0,0,2083,0,0,1,1,0,0,0,0,1
3,000066,144,8,21,,leader_to_rsu,144,2000,1,1,0,2083,2083,0,1,1,1,0,1,0,0
3,000066,145,10,9,,member_to_leader,145,2480,1,0,0,2563,0,0,1,1,0,0,0,0,1
3,000066,146,9,21,,leader_to_rsu,146,2000,1,0,0,2083,0,0,1,1,0,0,0,0,1
3,000066,147,11,21,,leader_to_rsu,147,2000,1,0,0,2083,0,0,1,1,0,0,0,0,1
3,000066,148,10,21,,leader_to_rsu,148,2000,1,0,0,2083,0,0,1,1,0,0,0,0,1
3,000066,149,16,7,,member_to_leader,149,768,1,0,0,851,0,0,1,1,0,0,0,0,1
3,000066,150,7,21,,leader_to_rsu,150,2000,1,0,0,2083,0,0,1,1,0,0,0,0,1
3,000066,151,8,1,,member_to_leader,151,1616,1,0,0,4069,0,0,1,1,0,0,0,0,1
3,000066,152,1,21,,leader_to_rsu,152,2000,1,0,0,2083,0,0,1,1,0,0,0,0,1
3,000066,153,4,12,,member_to_leader,153,944,1,0,0,3926,0,0,1,1,0,0,0,0,1
3,000066,154,12,21,,leader_to_rsu,154,2000,1,0,0,2083,0,0,1,1,0,0,0,0,1
3,000066,155,12,4,,member_to_leader,155,544,1,0,0,3446,0,0,1,1,0,0,0,0,1
3,000066,156,4,21,,leader_to_rsu,156,2000,1,0,0,2083,0,0,1,1,0,0,0,0,1
3,000066,157,1,8,,member_to_leader,157,1520,1,0,0,1603,0,0,1,1,0,0,0,0,1
3,000066,158,8,21,,leader_to_rsu,158,2000,1,1,0,2083,2083,0,1,1,1,0,1,0,0
3,000066,159,12,21,,leader_to_rsu,159,2000,1,0,0,2083,0,0,1,1,0,0,0,0,1
3,000066,160,7,21,,leader_to_rsu,160,2000,1,1,0,2083,2083,0,1,1,1,0,1,0,0
3,000066,161,7,21,,leader_to_rsu,161,2000,1,1,0,2083,2083,0,1,1,1,0,1,0,0
3,000066,162,16,21,,leader_to_rsu,162,2000,1,0,0,2083,0,0,1,1,0,0,0,0,1
3,000066,163,10,21,,leader_to_rsu,163,2000,1,0,0,2083,0,0,1,1,0,0,0,0,1
3,000066,164,4,21,,leader_to_rsu,164,2000,1,0,0,2083,0,0,1,1,0,0,0,0,1
3,000066,165,9,10,,member_to_leader,165,3040,1,0,0,3123,0,0,1,1,0,0,0,0,1
3,000066,166,10,21,,leader_to_rsu,166,2000,1,0,0,2083,0,0,1,1,0,0,0,0,1
3,000066,167,7,20,,member_to_leader,167,2048,1,0,0,2131,0,0,1,1,0,0,0,0,1
3,000066,168,20,21,,leader_to_rsu,168,2000,1,0,0,2083,0,0,1,1,0,0,0,0,1
3,000066,169,4,12,,member_to_leader,169,2816,0,0,0,0,0,0,1,0,0,0,0,0,0
3,000066,170,12,21,,leader_to_rsu,170,2000,1,0,0,2083,0,0,1,1,0,0,0,0,1
3,000066,171,8,1,,member_to_leader,171,2992,2,1,0,709,4,0,1,1,1,0,0,1,0
3,000066,172,1,21,,leader_to_rsu,172,2000,1,1,0,2083,2083,0,1,1,1,0,1,0,0
3,000066,173,9,19,,member_to_leader,173,6320,3,1,0,6407,4,0,1,1,1,0,0,1,0
3,000066,174,19,21,,leader_to_rsu,174,2000,1,0,0,2083,0,0,1,1,0,0,0,0,1
3,000066,175,7,21,,leader_to_rsu,175,2000,1,0,0,2083,0,0,1,1,0,0,0,0,1
3,000066,176,10,21,,leader_to_rsu,176,2000,1,0,0,2083,0,0,1,1,0,0,0,0,1
3,000066,177,11,21,,leader_to_rsu,177,2000,1,0,0,2083,0,0,1,1,0,0,0,0,1
3,000066,178,12,21,,leader_to_rsu,178,2000,1,1,0,2083,2083,0,1,1,1,0,1,0,0
3,000066,179,12,4,,member_to_leader,179,2736,0,0,0,0,0,0,1,0,0,0,0,0,0
3,000066,180,4,21,,leader_to_rsu,180,2000,1,0,0,2083,0,0,1,1,0,0,0,0,1
3,000066,181,7,4,,member_to_leader,181,2320,1,0,0,2403,0,0,1,1,0,0,0,0,1
3,000066,182,4,21,,leader_to_rsu,182,2000,1,0,0,2083,0,0,1,1,0,0,0,0,1
4,000068,183,20,5,,member_to_leader,183,13184,5,4,0,13275,9206,0,1,1,1,0,0,1,0
4,000068,184,5,21,,leader_to_rsu,184,2000,1,0,0,2083,0,0,1,1,0,0,0,0,1
4,000068,185,2,11,,member_to_leader,185,2320,1,0,0,2403,0,0,1,1,0,0,0,0,1
4,000068,186,11,21,,leader_to_rsu,186,2000,1,0,0,2083,0,0,1,1,0,0,0,0,1
4,000068,187,2,21,,leader_to_rsu,187,2000,1,0,0,2083,0,0,1,1,0,0,0,0,1
4,000068,188,1,21,,leader_to_rsu,188,2000,1,0,0,2083,0,0,1,1,0,0,0,0,1
4,000068,189,10,9,,member_to_leader,189,2608,1,0,0,2691,0,0,1,1,0,0,0,0,1
4,000068,190,9,21,,leader_to_rsu,190,2000,1,0,0,2083,0,0,1,1,0,0,0,0,1
4,000068,191,11,21,,leader_to_rsu,191,2000,1,0,0,2083,0,0,1,1,0,0,0,0,1
4,000068,192,16,7,,member_to_leader,192,816,1,0,0,899,0,0,1,1,0,0,0,0,1
4,000068,193,7,21,,leader_to_rsu,193,2000,1,1,0,2083,2083,0,1,1,1,0,1,0,0
4,000068,194,4,12,,member_to_leader,194,224,1,1,0,3094,3094,0,1,1,1,0,1,0,0
4,000068,195,12,21,,leader_to_rsu,195,2000,1,0,0,2083,0,0,1,1,0,0,0,0,1
4,000068,196,8,21,,leader_to_rsu,196,2000,1,0,0,2083,0,0,1,1,0,0,0,0,1
4,000068,197,10,21,,leader_to_rsu,197,2000,1,0,0,2083,0,0,1,1,0,0,0,0,1
4,000068,198,8,1,,member_to_leader,198,1616,1,0,0,4069,0,0,1,1,0,0,0,0,1
4,000068,199,1,21,,leader_to_rsu,199,2000,1,0,0,2083,0,0,1,1,0,0,0,0,1
4,000068,200,12,4,,member_to_leader,200,1792,1,0,0,3926,0,0,1,1,0,0,0,0,1
4,000068,201,4,21,,leader_to_rsu,201,2000,1,0,0,2083,0,0,1,1,0,0,0,0,1
4,000068,202,1,8,,member_to_leader,202,1520,1,0,0,1603,0,0,1,1,0,0,0,0,1
4,000068,203,8,21,,leader_to_rsu,203,2000,1,0,0,2083,0,0,1,1,0,0,0,0,1
4,000068,204,12,21,,leader_to_rsu,204,2000,1,0,0,2083,0,0,1,1,0,0,0,0,1
4,000068,205,7,21,,leader_to_rsu,205,2000,1,1,0,2083,2083,0,1,1,1,0,1,0,0
4,000068,206,16,21,,leader_to_rsu,206,2000,1,0,0,2083,0,0,1,1,0,0,0,0,1
4,000068,207,7,21,,leader_to_rsu,207,2000,1,1,0,2083,2083,0,1,1,1,0,1,0,0
4,000068,208,4,21,,leader_to_rsu,208,2000,1,0,0,2083,0,0,1,1,0,0,0,0,1
4,000068,209,10,21,,leader_to_rsu,209,2000,1,0,0,2083,0,0,1,1,0,0,0,0,1
4,000068,210,9,10,,member_to_leader,210,3040,1,0,0,3123,0,0,1,1,0,0,0,0,1
4,000068,211,10,21,,leader_to_rsu,211,2000,1,1,0,2083,2083,0,1,1,1,0,1,0,0
4,000068,212,7,20,,member_to_leader,212,2000,1,0,0,2083,0,0,1,1,0,0,0,0,1
4,000068,213,20,21,,leader_to_rsu,213,2000,1,0,0,2083,0,0,1,1,0,0,0,0,1
4,000068,214,4,12,,member_to_leader,214,2704,0,0,0,0,0,0,1,0,0,0,0,0,0
4,000068,215,12,21,,leader_to_rsu,215,2000,1,0,0,2083,0,0,1,1,0,0,0,0,1
4,000068,216,8,1,,member_to_leader,216,2992,2,1,0,709,4,0,1,1,1,0,0,1,0
4,000068,217,1,21,,leader_to_rsu,217,2000,1,0,0,2083,0,0,1,1,0,0,0,0,1
4,000068,218,9,19,,member_to_leader,218,6320,3,1,0,6407,4,0,1,1,1,0,0,1,0
4,000068,219,19,21,,leader_to_rsu,219,2000,1,0,0,2083,0,0,1,1,0,0,0,0,1
4,000068,220,7,21,,leader_to_rsu,220,2000,1,1,0,2083,2083,0,1,1,1,0,1,0,0
4,000068,221,12,21,,leader_to_rsu,221,2000,1,0,0,2083,0,0,1,1,0,0,0,0,1
4,000068,222,11,21,,leader_to_rsu,222,2000,1,0,0,2083,0,0,1,1,0,0,0,0,1
4,000068,223,10,21,,leader_to_rsu,223,2000,1,1,0,2083,2083,0,1,1,1,0,1,0,0
4,000068,224,7,4,,member_to_leader,224,2432,1,0,0,2515,0,0,1,1,0,0,0,0,1
4,000068,225,4,21,,leader_to_rsu,225,2000,1,0,0,2083,0,0,1,1,0,0,0,0,1
4,000068,226,12,4,,member_to_leader,226,1968,0,0,0,0,0,0,1,0,0,0,0,0,0
4,000068,227,4,21,,leader_to_rsu,227,2000,1,0,0,2083,0,0,1,1,0,0,0,0,1
5,000070,228,20,5,,member_to_leader,228,13184,5,3,0,13275,5137,0,1,1,1,0,0,1,0
5,000070,229,5,21,,leader_to_rsu,229,2000,1,0,0,2083,0,0,1,1,0,0,0,0,1
5,000070,230,2,11,,member_to_leader,230,2304,1,0,0,2387,0,0,1,1,0,0,0,0,1
5,000070,231,11,21,,leader_to_rsu,231,2000,1,0,0,2083,0,0,1,1,0,0,0,0,1
5,000070,232,2,21,,leader_to_rsu,232,2000,1,0,0,2083,0,0,1,1,0,0,0,0,1
5,000070,233,10,9,,member_to_leader,233,2784,1,0,0,2867,0,0,1,1,0,0,0,0,1
5,000070,234,9,21,,leader_to_rsu,234,2000,1,0,0,2083,0,0,1,1,0,0,0,0,1
5,000070,235,11,21,,leader_to_rsu,235,2000,1,0,0,2083,0,0,1,1,0,0,0,0,1
5,000070,236,4,12,,member_to_leader,236,256,1,0,0,2934,0,0,1,1,0,0,0,0,1
5,000070,237,12,21,,leader_to_rsu,237,2000,1,0,0,2083,0,0,1,1,0,0,0,0,1
5,000070,238,1,21,,leader_to_rsu,238,2000,1,0,0,2083,0,0,1,1,0,0,0,0,1
5,000070,239,8,21,,leader_to_rsu,239,2000,1,0,0,2083,0,0,1,1,0,0,0,0,1
5,000070,240,7,21,,leader_to_rsu,240,2000,1,0,0,2083,0,0,1,1,0,0,0,0,1
5,000070,241,10,21,,leader_to_rsu,241,2000,1,0,0,2083,0,0,1,1,0,0,0,0,1
5,000070,242,8,1,,member_to_leader,242,1616,1,0,0,4069,0,0,1,1,0,0,0,0,1
5,000070,243,1,21,,leader_to_rsu,243,2000,1,0,0,2083,0,0,1,1,0,0,0,0,1
5,000070,244,12,4,,member_to_leader,244,1872,1,0,0,1955,0,0,1,1,0,0,0,0,1
5,000070,245,4,21,,leader_to_rsu,245,2000,1,0,0,2083,0,0,1,1,0,0,0,0,1
5,000070,246,1,8,,member_to_leader,246,1520,1,1,0,1603,1603,0,1,1,1,0,1,0,0
5,000070,247,8,21,,leader_to_rsu,247,2000,1,0,0,2083,0,0,1,1,0,0,0,0,1
5,000070,248,7,16,,member_to_leader,248,2128,1,0,0,2211,0,0,1,1,0,0,0,0,1
5,000070,249,16,21,,leader_to_rsu,249,2000,1,0,0,2083,0,0,1,1,0,0,0,0,1
5,000070,250,12,21,,leader_to_rsu,250,2000,1,0,0,2083,0,0,1,1,0,0,0,0,1
5,000070,251,7,21,,leader_to_rsu,251,2000,1,0,0,2083,0,0,1,1,0,0,0,0,1
5,000070,252,16,20,,member_to_leader,252,12224,5,2,0,12315,4169,0,1,1,1,0,0,1,0
5,000070,253,20,21,,leader_to_rsu,253,2000,1,0,0,2083,0,0,1,1,0,0,0,0,1
5,000070,254,4,21,,leader_to_rsu,254,2000,1,0,0,2083,0,0,1,1,0,0,0,0,1
5,000070,255,10,21,,leader_to_rsu,255,2000,1,0,0,2083,0,0,1,1,0,0,0,0,1
5,000070,256,9,10,,member_to_leader,256,3072,1,0,0,3155,0,0,1,1,0,0,0,0,1
5,000070,257,10,21,,leader_to_rsu,257,2000,1,0,0,2083,0,0,1,1,0,0,0,0,1
5,000070,258,7,20,,member_to_leader,258,1952,1,0,0,2035,0,0,1,1,0,0,0,0,1
5,000070,259,20,21,,leader_to_rsu,259,2000,1,0,0,2083,0,0,1,1,0,0,0,0,1
5,000070,260,4,12,,member_to_leader,260,2512,0,0,0,0,0,0,1,0,0,0,0,0,0
5,000070,261,12,21,,leader_to_rsu,261,2000,1,1,0,2083,2083,0,1,1,1,0,1,0,0
5,000070,262,8,1,,member_to_leader,262,2992,2,1,0,709,4,0,1,1,1,0,0,1,0
5,000070,263,1,21,,leader_to_rsu,263,2000,1,1,0,2083,2083,0,1,1,1,0,1,0,0
5,000070,264,7,21,,leader_to_rsu,264,2000,1,0,0,2083,0,0,1,1,0,0,0,0,1
5,000070,265,9,19,,member_to_leader,265,6320,3,1,0,6407,4,0,1,1,1,0,0,1,0
5,000070,266,19,21,,leader_to_rsu,266,2000,1,0,0,2083,0,0,1,1,0,0,0,0,1
5,000070,267,12,21,,leader_to_rsu,267,2000,1,0,0,2083,0,0,1,1,0,0,0,0,1
5,000070,268,11,21,,leader_to_rsu,268,2000,1,0,0,2083,0,0,1,1,0,0,0,0,1
5,000070,269,10,21,,leader_to_rsu,269,2000,1,1,0,2083,2083,0,1,1,1,0,1,0,0
5,000070,270,10,21,,leader_to_rsu,270,2000,1,0,0,2083,0,0,1,1,0,0,0,0,1
5,000070,271,7,4,,member_to_leader,271,2544,1,0,0,2627,0,0,1,1,0,0,0,0,1
5,000070,272,4,21,,leader_to_rsu,272,2000,1,0,0,2083,0,0,1,1,0,0,0,0,1
6,000072,273,20,5,,member_to_leader,273,13184,5,1,0,13275,8,0,1,1,1,0,0,1,0
6,000072,274,5,21,,leader_to_rsu,274,2000,1,0,0,2083,0,0,1,1,0,0,0,0,1
6,000072,275,2,11,,member_to_leader,275,2512,1,0,0,2595,0,0,1,1,0,0,0,0,1
6,000072,276,11,21,,leader_to_rsu,276,2000,1,0,0,2083,0,0,1,1,0,0,0,0,1
6,000072,277,2,21,,leader_to_rsu,277,2000,1,0,0,2083,0,0,1,1,0,0,0,0,1
6,000072,278,1,21,,leader_to_rsu,278,2000,1,0,0,2083,0,0,1,1,0,0,0,0,1
6,000072,279,10,9,,member_to_leader,279,2992,1,0,0,3075,0,0,1,1,0,0,0,0,1
6,000072,280,9,21,,leader_to_rsu,280,2000,1,0,0,2083,0,0,1,1,0,0,0,0,1
6,000072,281,11,21,,leader_to_rsu,281,2000,1,0,0,2083,0,0,1,1,0,0,0,0,1
6,000072,282,1,8,,member_to_leader,282,2816,1,0,0,2899,0,0,1,1,0,0,0,0,1
6,000072,283,8,21,,leader_to_rsu,283,2000,1,0,0,2083,0,0,1,1,0,0,0,0,1
6,000072,284,8,21,,leader_to_rsu,284,2000,1,0,0,2083,0,0,1,1,0,0,0,0,1
6,000072,285,7,21,,leader_to_rsu,285,2000,1,0,0,2083,0,0,1,1,0,0,0,0,1
6,000072,286,10,21,,leader_to_rsu,286,2000,1,0,0,2083,0,0,1,1,0,0,0,0,1
6,000072,287,4,12,,member_to_leader,287,928,1,0,0,1334,0,0,1,1,0,0,0,0,1
6,000072,288,12,21,,leader_to_rsu,288,2000,1,0,0,2083,0,0,1,1,0,0,0,0,1
6,000072,289,8,1,,member_to_leader,289,4112,2,0,0,7270,0,0,1,1,0,0,0,0,1
6,000072,290,1,21,,leader_to_rsu,290,2000,1,0,0,2083,0,0,1,1,0,0,0,0,1
6,000072,291,7,16,,member_to_leader,291,2048,1,0,0,2131,0,0,1,1,0,0,0,0,1
6,000072,292,16,21,,leader_to_rsu,292,2000,1,0,0,2083,0,0,1,1,0,0,0,0,1
6,000072,293,12,21,,leader_to_rsu,293,2000,1,0,0,2083,0,0,1,1,0,0,0,0,1
6,000072,294,7,21,,leader_to_rsu,294,2000,1,0,0,2083,0,0,1,1,0,0,0,0,1
6,000072,295,16,20,,member_to_leader,295,12000,4,1,0,12089,6,0,1,1,1,0,0,1,0
6,000072,296,20,21,,leader_to_rsu,296,2000,1,0,0,2083,0,0,1,1,0,0,0,0,1
6,000072,297,4,21,,leader_to_rsu,297,2000,1,0,0,2083,0,0,1,1,0,0,0,0,1
6,000072,298,10,21,,leader_to_rsu,298,2000,1,0,0,2083,0,0,1,1,0,0,0,0,1
6,000072,299,9,10,,member_to_leader,299,3040,1,0,0,3123,0,0,1,1,0,0,0,0,1
6,000072,300,10,21,,leader_to_rsu,300,2000,1,0,0,2083,0,0,1,1,0,0,0,0,1
6,000072,301,12,4,,member_to_leader,301,8400,3,2,0,10518,6449,0,1,1,1,0,0,1,0
6,000072,302,4,21,,leader_to_rsu,302,2000,1,0,0,2083,0,0,1,1,0,0,0,0,1
6,000072,303,8,1,,member_to_leader,303,2992,1,1,0,4,4,0,1,1,1,0,1,0,0
6,000072,304,1,21,,leader_to_rsu,304,2000,1,1,0,2083,2083,0,1,1,1,0,1,0,0
6,000072,305,12,21,,leader_to_rsu,305,2000,1,1,0,2083,2083,0,1,1,1,0,1,0,0
6,000072,306,9,19,,member_to_leader,306,6320,3,1,0,6407,4,0,1,1,1,0,0,1,0
6,000072,307,19,21,,leader_to_rsu,307,2000,1,0,0,2083,0,0,1,1,0,0,0,0,1
6,000072,308,11,21,,leader_to_rsu,308,2000,1,0,0,2083,0,0,1,1,0,0,0,0,1
6,000072,309,10,21,,leader_to_rsu,309,2000,1,0,0,2083,0,0,1,1,0,0,0,0,1
6,000072,310,10,21,,leader_to_rsu,310,2000,1,1,0,2083,2083,0,1,1,1,0,1,0,0
6,000072,311,4,7,,member_to_leader,311,2320,1,0,0,2403,0,0,1,1,0,0,0,0,1
6,000072,312,7,21,,leader_to_rsu,312,2000,1,0,0,2083,0,0,1,1,0,0,0,0,1
6,000072,313,12,4,,member_to_leader,313,1952,1,1,0,6,6,0,1,1,1,0,1,0,0
6,000072,314,4,21,,leader_to_rsu,314,2000,1,1,0,2083,2083,0,1,1,1,0,1,0,0
6,000072,315,4,12,,member_to_leader,315,240,0,0,0,0,0,0,1,0,0,0,0,0,0
6,000072,316,12,21,,leader_to_rsu,316,2000,1,1,0,2083,2083,0,1,1,1,0,1,0,0
6,000072,317,7,20,,member_to_leader,317,1792,1,0,0,1875,0,0,1,1,0,0,0,0,1
6,000072,318,20,21,,leader_to_rsu,318,2000,1,0,0,2083,0,0,1,1,0,0,0,0,1
7,000074,319,2,11,,member_to_leader,319,2672,1,0,0,2755,0,0,1,1,0,0,0,0,1
7,000074,320,11,21,,leader_to_rsu,320,2000,1,0,0,2083,0,0,1,1,0,0,0,0,1
7,000074,321,20,5,,member_to_leader,321,13184,5,2,0,13275,1068,0,1,1,1,0,0,1,0
7,000074,322,5,21,,leader_to_rsu,322,2000,1,0,0,2083,0,0,1,1,0,0,0,0,1
7,000074,323,2,21,,leader_to_rsu,323,2000,1,1,0,2083,2083,0,1,1,1,0,1,0,0
7,000074,324,1,21,,leader_to_rsu,324,2000,1,0,0,2083,0,0,1,1,0,0,0,0,1
7,000074,325,10,9,,member_to_leader,325,3152,1,0,0,3235,0,0,1,1,0,0,0,0,1
7,000074,326,9,21,,leader_to_rsu,326,2000,1,0,0,2083,0,0,1,1,0,0,0,0,1
7,000074,327,7,21,,leader_to_rsu,327,2000,1,0,0,2083,0,0,1,1,0,0,0,0,1
7,000074,328,11,21,,leader_to_rsu,328,2000,1,0,0,2083,0,0,1,1,0,0,0,0,1
7,000074,329,10,21,,leader_to_rsu,329,2000,1,0,0,2083,0,0,1,1,0,0,0,0,1
7,000074,330,1,8,,member_to_leader,330,2816,1,0,0,2899,0,0,1,1,0,0,0,0,1
7,000074,331,8,21,,leader_to_rsu,331,2000,1,0,0,2083,0,0,1,1,0,0,0,0,1
7,000074,332,8,21,,leader_to_rsu,332,2000,1,0,0,2083,0,0,1,1,0,0,0,0,1
7,000074,333,4,12,,member_to_leader,333,976,1,0,0,3462,0,0,1,1,0,0,0,0,1
7,000074,334,12,21,,leader_to_rsu,334,2000,1,0,0,2083,0,0,1,1,0,0,0,0,1
7,000074,335,8,1,,member_to_leader,335,4112,2,0,0,7270,0,0,1,1,0,0,0,0,1
7,000074,336,1,21,,leader_to_rsu,336,2000,1,0,0,2083,0,0,1,1,0,0,0,0,1
7,000074,337,7,4,,member_to_leader,337,2928,1,0,0,3011,0,0,1,1,0,0,0,0,1
7,000074,338,4,21,,leader_to_rsu,338,2000,1,0,0,2083,0,0,1,1,0,0,0,0,1
7,000074,339,12,21,,leader_to_rsu,339,2000,1,0,0,2083,0,0,1,1,0,0,0,0,1
7,000074,340,7,21,,leader_to_rsu,340,2000,1,0,0,2083,0,0,1,1,0,0,0,0,1
7,000074,341,20,16,,member_to_leader,341,2512,1,0,0,2595,0,0,1,1,0,0,0,0,1
7,000074,342,16,21,,leader_to_rsu,342,2000,1,0,0,2083,0,0,1,1,0,0,0,0,1
7,000074,343,4,21,,leader_to_rsu,343,2000,1,1,0,2083,2083,0,1,1,1,0,1,0,0
7,000074,344,10,21,,leader_to_rsu,344,2000,1,1,0,2083,2083,0,1,1,1,0,1,0,0
7,000074,345,9,10,,member_to_leader,345,3072,1,0,0,3155,0,0,1,1,0,0,0,0,1
7,000074,346,10,21,,leader_to_rsu,346,2000,1,0,0,2083,0,0,1,1,0,0,0,0,1
7,000074,347,7,20,,member_to_leader,347,1744,1,0,0,1827,0,0,1,1,0,0,0,0,1
7,000074,348,20,21,,leader_to_rsu,348,2000,1,0,0,2083,0,0,1,1,0,0,0,0,1
7,000074,349,7,21,,leader_to_rsu,349,2000,1,1,0,2083,2083,0,1,1,1,0,1,0,0
7,000074,350,12,21,,leader_to_rsu,350,2000,1,0,0,2083,0,0,1,1,0,0,0,0,1
7,000074,351,8,1,,member_to_leader,351,2992,1,0,0,4,0,0,1,1,0,0,0,0,1
7,000074,352,1,21,,leader_to_rsu,352,2000,1,1,0,2083,2083,0,1,1,1,0,1,0,0
7,000074,353,9,19,,member_to_leader,353,6320,3,1,0,6407,4,0,1,1,1,0,0,1,0
7,000074,354,19,21,,leader_to_rsu,354,2000,1,0,0,2083,0,0,1,1,0,0,0,0,1
7,000074,355,11,21,,leader_to_rsu,355,2000,1,0,0,2083,0,0,1,1,0,0,0,0,1
7,000074,356,10,21,,leader_to_rsu,356,2000,1,1,0,2083,2083,0,1,1,1,0,1,0,0
7,000074,357,7,16,,member_to_leader,357,1968,1,0,0,2051,0,0,1,1,0,0,0,0,1
7,000074,358,16,21,,leader_to_rsu,358,2000,1,0,0,2083,0,0,1,1,0,0,0,0,1
7,000074,359,10,21,,leader_to_rsu,359,2000,1,1,0,2083,2083,0,1,1,1,0,1,0,0
7,000074,360,12,4,,member_to_leader,360,1744,1,0,0,1827,0,0,1,1,0,0,0,0,1
7,000074,361,4,21,,leader_to_rsu,361,2000,1,1,0,2083,2083,0,1,1,1,0,1,0,0
7,000074,362,4,12,,member_to_leader,362,2320,0,0,0,0,0,0,1,0,0,0,0,0,0
7,000074,363,12,21,,leader_to_rsu,363,2000,1,0,0,2083,0,0,1,1,0,0,0,0,1
8,000076,364,20,5,,member_to_leader,364,13184,5,3,0,13275,5137,0,1,1,1,0,0,1,0
8,000076,365,5,21,,leader_to_rsu,365,2000,1,0,0,2083,0,0,1,1,0,0,0,0,1
8,000076,366,2,11,,member_to_leader,366,2784,1,0,0,2867,0,0,1,1,0,0,0,0,1
8,000076,367,11,21,,leader_to_rsu,367,2000,1,0,0,2083,0,0,1,1,0,0,0,0,1
8,000076,368,1,21,,leader_to_rsu,368,2000,1,0,0,2083,0,0,1,1,0,0,0,0,1
8,000076,369,10,9,,member_to_leader,369,3408,1,0,0,3491,0,0,1,1,0,0,0,0,1
8,000076,370,9,21,,leader_to_rsu,370,2000,1,0,0,2083,0,0,1,1,0,0,0,0,1
8,000076,371,7,21,,leader_to_rsu,371,2000,1,0,0,2083,0,0,1,1,0,0,0,0,1
8,000076,372,11,21,,leader_to_rsu,372,2000,1,1,0,2083,2083,0,1,1,1,0,1,0,0
8,000076,373,2,21,,leader_to_rsu,373,2000,1,0,0,2083,0,0,1,1,0,0,0,0,1
8,000076,374,10,21,,leader_to_rsu,374,2000,1,0,0,2083,0,0,1,1,0,0,0,0,1
8,000076,375,1,8,,member_to_leader,375,2816,1,0,0,2899,0,0,1,1,0,0,0,0,1
8,000076,376,8,21,,leader_to_rsu,376,2000,1,0,0,2083,0,0,1,1,0,0,0,0,1
8,000076,377,4,12,,member_to_leader,377,960,1,0,0,1043,0,0,1,1,0,0,0,0,1
8,000076,378,12,21,,leader_to_rsu,378,2000,1,0,0,2083,0,0,1,1,0,0,0,0,1
8,000076,379,8,21,,leader_to_rsu,379,2000,1,0,0,2083,0,0,1,1,0,0,0,0,1
8,000076,380,8,1,,member_to_leader,380,4112,2,0,0,7270,0,0,1,1,0,0,0,0,1
8,000076,381,1,21,,leader_to_rsu,381,2000,1,1,0,2083,2083,0,1,1,1,0,1,0,0
8,000076,382,12,21,,leader_to_rsu,382,2000,1,0,0,2083,0,0,1,1,0,0,0,0,1
8,000076,383,7,21,,leader_to_rsu,383,2000,1,0,0,2083,0,0,1,1,0,0,0,0,1
8,000076,384,20,16,,member_to_leader,384,2512,1,0,0,2595,0,0,1,1,0,0,0,0,1
8,000076,385,16,21,,leader_to_rsu,385,2000,1,0,0,2083,0,0,1,1,0,0,0,0,1
8,000076,386,4,21,,leader_to_rsu,386,2000,1,0,0,2083,0,0,1,1,0,0,0,0,1
8,000076,387,9,10,,member_to_leader,387,3104,1,0,0,3187,0,0,1,1,0,0,0,0,1
8,000076,388,10,21,,leader_to_rsu,388,2000,1,0,0,2083,0,0,1,1,0,0,0,0,1
8,000076,389,12,4,,member_to_leader,389,7888,2,0,0,7973,0,0,1,1,0,0,0,0,1
8,000076,390,4,21,,leader_to_rsu,390,2000,1,0,0,2083,0,0,1,1,0,0,0,0,1
8,000076,391,7,21,,leader_to_rsu,391,2000,1,1,0,2083,2083,0,1,1,1,0,1,0,0
8,000076,392,12,21,,leader_to_rsu,392,2000,1,1,0,2083,2083,0,1,1,1,0,1,0,0
8,000076,393,8,1,,member_to_leader,393,2992,1,1,0,4,4,0,1,1,1,0,1,0,0
8,000076,394,1,21,,leader_to_rsu,394,2000,1,0,0,2083,0,0,1,1,0,0,0,0,1
8,000076,395,9,19,,member_to_leader,395,6320,3,1,0,6407,4,0,1,1,1,0,0,1,0
8,000076,396,19,21,,leader_to_rsu,396,2000,1,0,0,2083,0,0,1,1,0,0,0,0,1
8,000076,397,11,21,,leader_to_rsu,397,2000,1,0,0,2083,0,0,1,1,0,0,0,0,1
8,000076,398,10,21,,leader_to_rsu,398,2000,1,1,0,2083,2083,0,1,1,1,0,1,0,0
8,000076,399,10,21,,leader_to_rsu,399,2000,1,0,0,2083,0,0,1,1,0,0,0,0,1
8,000076,400,4,7,,member_to_leader,400,2080,1,0,0,2163,0,0,1,1,0,0,0,0,1
8,000076,401,7,21,,leader_to_rsu,401,2000,1,0,0,2083,0,0,1,1,0,0,0,0,1
8,000076,402,12,4,,member_to_leader,402,1776,2,1,0,1861,4,0,1,1,1,0,0,1,0
8,000076,403,4,21,,leader_to_rsu,403,2000,1,0,0,2083,0,0,1,1,0,0,0,0,1
8,000076,404,7,16,,member_to_leader,404,1744,1,0,0,1827,0,0,1,1,0,0,0,0,1
8,000076,405,16,21,,leader_to_rsu,405,2000,1,0,0,2083,0,0,1,1,0,0,0,0,1
8,000076,406,10,9,,member_to_leader,406,9312,4,1,0,9401,6,0,1,1,1,0,0,1,0
8,000076,407,9,21,,leader_to_rsu,407,2000,1,0,0,2083,0,0,1,1,0,0,0,0,1
8,000076,408,7,20,,member_to_leader,408,1680,1,0,0,1763,0,0,1,1,0,0,0,0,1
8,000076,409,20,21,,leader_to_rsu,409,2000,1,0,0,2083,0,0,1,1,0,0,0,0,1
9,000078,410,2,11,,member_to_leader,410,2880,1,0,0,2963,0,0,1,1,0,0,0,0,1
9,000078,411,11,21,,leader_to_rsu,411,2000,1,0,0,2083,0,0,1,1,0,0,0,0,1
9,000078,412,20,5,,member_to_leader,412,13248,5,3,0,13339,5201,0,1,1,1,0,0,1,0
9,000078,413,5,21,,leader_to_rsu,413,2000,1,0,0,2083,0,0,1,1,0,0,0,0,1
9,000078,414,10,9,,member_to_leader,414,3632,1,0,0,3715,0,0,1,1,0,0,0,0,1
9,000078,415,9,21,,leader_to_rsu,415,2000,1,0,0,2083,0,0,1,1,0,0,0,0,1
9,000078,416,7,21,,leader_to_rsu,416,2000,1,0,0,2083,0,0,1,1,0,0,0,0,1
9,000078,417,11,21,,leader_to_rsu,417,2000,1,0,0,2083,0,0,1,1,0,0,0,0,1
9,000078,418,10,21,,leader_to_rsu,418,2000,1,0,0,2083,0,0,1,1,0,0,0,0,1
9,000078,419,2,21,,leader_to_rsu,419,2000,1,0,0,2083,0,0,1,1,0,0,0,0,1
9,000078,420,8,21,,leader_to_rsu,420,2000,1,0,0,2083,0,0,1,1,0,0,0,0,1
9,000078,421,8,1,,member_to_leader,421,1616,1,0,0,4069,0,0,1,1,0,0,0,0,1
9,000078,422,1,21,,leader_to_rsu,422,2000,1,0,0,2083,0,0,1,1,0,0,0,0,1
9,000078,423,4,12,,member_to_leader,423,944,1,0,0,3254,0,0,1,1,0,0,0,0,1
9,000078,424,12,21,,leader_to_rsu,424,2000,1,0,0,2083,0,0,1,1,0,0,0,0,1
9,000078,425,1,8,,member_to_leader,425,1520,1,0,0,1603,0,0,1,1,0,0,0,0,1
9,000078,426,8,21,,leader_to_rsu,426,2000,1,0,0,2083,0,0,1,1,0,0,0,0,1
9,000078,427,9,10,,member_to_leader,427,3056,1,1,0,3139,3139,0,1,1,1,0,1,0,0
9,000078,428,10,21,,leader_to_rsu,428,2000,1,0,0,2083,0,0,1,1,0,0,0,0,1
9,000078,429,12,4,,member_to_leader,429,13008,4,1,0,14790,2583,0,1,1,1,0,0,1,0
9,000078,430,4,21,,leader_to_rsu,430,2000,1,0,0,2083,0,0,1,1,0,0,0,0,1
9,000078,431,7,21,,leader_to_rsu,431,2000,1,0,0,2083,0,0,1,1,0,0,0,0,1
9,000078,432,1,21,,leader_to_rsu,432,2000,1,0,0,2083,0,0,1,1,0,0,0,0,1
9,000078,433,20,16,,member_to_leader,433,2480,1,0,0,2563,0,0,1,1,0,0,0,0,1
9,000078,434,16,21,,leader_to_rsu,434,2000,1,0,0,2083,0,0,1,1,0,0,0,0,1
9,000078,435,4,21,,leader_to_rsu,435,2000,1,1,0,2083,2083,0,1,1,1,0,1,0,0
9,000078,436,10,9,,member_to_leader,436,9504,4,4,0,9593,9593,0,1,1,1,0,1,0,0
9,000078,437,9,21,,leader_to_rsu,437,2000,1,0,0,2083,0,0,1,1,0,0,0,0,1
9,000078,438,7,20,,member_to_leader,438,1504,1,0,0,1587,0,0,1,1,0,0,0,0,1
9,000078,439,20,21,,leader_to_rsu,439,2000,1,0,0,2083,0,0,1,1,0,0,0,0,1
9,000078,440,12,21,,leader_to_rsu,440,2000,1,0,0,2083,0,0,1,1,0,0,0,0,1
9,000078,441,7,21,,leader_to_rsu,441,2000,1,0,0,2083,0,0,1,1,0,0,0,0,1
9,000078,442,4,12,,member_to_leader,442,2144,0,0,0,0,0,0,1,0,0,0,0,0,0
9,000078,443,12,21,,leader_to_rsu,443,2000,1,0,0,2083,0,0,1,1,0,0,0,0,1
9,000078,444,1,2,,member_to_leader,444,3808,1,0,0,3891,0,0,1,1,0,0,0,0,1
9,000078,445,2,21,,leader_to_rsu,445,2000,1,0,0,2083,0,0,1,1,0,0,0,0,1
9,000078,446,8,1,,member_to_leader,446,2992,2,1,0,709,4,0,1,1,1,0,0,1,0
9,000078,447,1,21,,leader_to_rsu,447,2000,1,0,0,2083,0,0,1,1,0,0,0,0,1
9,000078,448,9,19,,member_to_leader,448,6320,3,2,0,6407,4073,0,1,1,1,0,0,1,0
9,000078,449,19,21,,leader_to_rsu,449,2000,1,0,0,2083,0,0,1,1,0,0,0,0,1
9,000078,450,11,21,,leader_to_rsu,450,2000,1,1,0,2083,2083,0,1,1,1,0,1,0,0
9,000078,451,10,21,,leader_to_rsu,451,2000,1,0,0,2083,0,0,1,1,0,0,0,0,1
9,000078,452,10,21,,leader_to_rsu,452,2000,1,1,0,2083,2083,0,1,1,1,0,1,0,0
9,000078,453,4,7,,member_to_leader,453,2000,1,0,0,2083,0,0,1,1,0,0,0,0,1
9,000078,454,7,21,,leader_to_rsu,454,2000,1,1,0,2083,2083,0,1,1,1,0,1,0,0
9,000078,455,12,4,,member_to_leader,455,1616,1,1,0,8,8,0,1,1,1,0,1,0,0
9,000078,456,4,21,,leader_to_rsu,456,2000,1,0,0,2083,0,0,1,1,0,0,0,0,1
10,000080,457,2,11,,member_to_leader,457,3152,1,0,0,3235,0,0,1,1,0,0,0,0,1
10,000080,458,11,21,,leader_to_rsu,458,2000,1,0,0,2083,0,0,1,1,0,0,0,0,1
10,000080,459,20,5,,member_to_leader,459,13248,5,1,0,13339,8,0,1,1,1,0,0,1,0
10,000080,460,5,21,,leader_to_rsu,460,2000,1,0,0,2083,0,0,1,1,0,0,0,0,1
10,000080,461,10,9,,member_to_leader,461,3712,1,0,0,3795,0,0,1,1,0,0,0,0,1
10,000080,462,9,21,,leader_to_rsu,462,2000,1,0,0,2083,0,0,1,1,0,0,0,0,1
10,000080,463,7,21,,leader_to_rsu,463,2000,1,0,0,2083,0,0,1,1,0,0,0,0,1
10,000080,464,11,21,,leader_to_rsu,464,2000,1,0,0,2083,0,0,1,1,0,0,0,0,1
10,000080,465,10,21,,leader_to_rsu,465,2000,1,0,0,2083,0,0,1,1,0,0,0,0,1
10,000080,466,8,1,,member_to_leader,466,1616,1,0,0,4069,0,0,1,1,0,0,0,0,1
10,000080,467,1,21,,leader_to_rsu,467,2000,1,1,0,2083,2083,0,1,1,1,0,1,0,0
10,000080,468,2,21,,leader_to_rsu,468,2000,1,0,0,2083,0,0,1,1,0,0,0,0,1
10,000080,469,4,12,,member_to_leader,469,992,1,0,0,3286,0,0,1,1,0,0,0,0,1
10,000080,470,12,21,,leader_to_rsu,470,2000,1,0,0,2083,0,0,1,1,0,0,0,0,1
10,000080,471,8,21,,leader_to_rsu,471,2000,1,0,0,2083,0,0,1,1,0,0,0,0,1
10,000080,472,1,8,,member_to_leader,472,1520,1,0,0,1603,0,0,1,1,0,0,0,0,1
10,000080,473,8,21,,leader_to_rsu,473,2000,1,0,0,2083,0,0,1,1,0,0,0,0,1
10,000080,474,9,10,,member_to_leader,474,3024,1,0,0,3107,0,0,1,1,0,0,0,0,1
10,000080,475,10,21,,leader_to_rsu,475,2000,1,0,0,2083,0,0,1,1,0,0,0,0,1
10,000080,476,7,21,,leader_to_rsu,476,2000,1,0,0,2083,0,0,1,1,0,0,0,0,1
10,000080,477,1,21,,leader_to_rsu,477,2000,1,1,0,2083,2083,0,1,1,1,0,1,0,0
10,000080,478,12,4,,member_to_leader,478,12576,4,1,0,14454,4069,0,1,1,1,0,0,1,0
10,000080,479,4,21,,leader_to_rsu,479,2000,1,0,0,2083,0,0,1,1,0,0,0,0,1
10,000080,480,20,16,,member_to_leader,480,2496,1,0,0,2579,0,0,1,1,0,0,0,0,1
10,000080,481,16,21,,leader_to_rsu,481,2000,1,0,0,2083,0,0,1,1,0,0,0,0,1
10,000080,482,4,21,,leader_to_rsu,482,2000,1,0,0,2083,0,0,1,1,0,0,0,0,1
10,000080,483,10,9,,member_to_leader,483,9760,4,2,0,9849,1711,0,1,1,1,0,0,1,0
10,000080,484,9,21,,leader_to_rsu,484,2000,1,0,0,2083,0,0,1,1,0,0,0,0,1
10,000080,485,12,21,,leader_to_rsu,485,2000,1,0,0,2083,0,0,1,1,0,0,0,0,1
10,000080,486,7,21,,leader_to_rsu,486,2000,1,0,0,2083,0,0,1,1,0,0,0,0,1
10,000080,487,1,2,,member_to_leader,487,3968,1,0,0,4051,0,0,1,1,0,0,0,0,1
10,000080,488,2,21,,leader_to_rsu,488,2000,1,0,0,2083,0,0,1,1,0,0,0,0,1
10,000080,489,4,12,,member_to_leader,489,2128,0,0,0,0,0,0,1,0,0,0,0,0,0
10,000080,490,12,21,,leader_to_rsu,490,2000,1,0,0,2083,0,0,1,1,0,0,0,0,1
10,000080,491,8,1,,member_to_leader,491,2992,2,1,0,709,4,0,1,1,1,0,0,1,0
10,000080,492,1,21,,leader_to_rsu,492,2000,1,1,0,2083,2083,0,1,1,1,0,1,0,0
10,000080,493,9,19,,member_to_leader,493,6320,3,1,0,6407,4,0,1,1,1,0,0,1,0
10,000080,494,19,21,,leader_to_rsu,494,2000,1,0,0,2083,0,0,1,1,0,0,0,0,1
10,000080,495,11,21,,leader_to_rsu,495,2000,1,0,0,2083,0,0,1,1,0,0,0,0,1
10,000080,496,10,21,,leader_to_rsu,496,2000,1,0,0,2083,0,0,1,1,0,0,0,0,1
10,000080,497,4,7,,member_to_leader,497,2000,1,0,0,2083,0,0,1,1,0,0,0,0,1
10,000080,498,7,21,,leader_to_rsu,498,2000,1,0,0,2083,0,0,1,1,0,0,0,0,1
10,000080,499,10,21,,leader_to_rsu,499,2000,1,1,0,2083,2083,0,1,1,1,0,1,0,0
10,000080,500,12,4,,member_to_leader,500,1712,1,1,0,8,8,0,1,1,1,0,1,0,0
10,000080,501,4,21,,leader_to_rsu,501,2000,1,1,0,2083,2083,0,1,1,1,0,1,0,0
10,000080,502,7,20,,member_to_leader,502,1616,1,0,0,1699,0,0,1,1,0,0,0,0,1
10,000080,503,16,20,,member_to_leader,503,848,1,0,0,931,0,0,1,1,0,0,0,0,1
10,000080,504,20,21,,leader_to_rsu,504,2000,1,0,0,2083,0,0,1,1,0,0,0,0,1
